Gender,Married,Dependents,Education,Self_Employed,ApplicantIncome,CoapplicantIncome,LoanAmount,Loan_Amount_Term,Credit_History,Property_Area,Loan_Status,Total_Income,Income_Loan_Ratio ,Loan_Amount_Per_Year,Debt_To_Income_Ratio,Risk_Score,Risk_Loan,Cluster_Label
Male,Yes,1.0,Graduate,No,4583,1508.0,128.0,360.0,1.0,Rural,N,6091.0,47.5859375,0.35555555555555557,0.0210146117222131,10,Low,0
Male,Yes,0.0,Graduate,Yes,3000,0.0,66.0,360.0,1.0,Urban,Y,3000.0,45.45454545454545,0.18333333333333332,0.022,20,Medium,0
Male,Yes,0.0,Not Graduate,No,2583,2358.0,120.0,360.0,1.0,Urban,Y,4941.0,41.175,0.3333333333333333,0.024286581663630843,20,Medium,0
Male,No,0.0,Graduate,No,6000,0.0,141.0,360.0,1.0,Urban,Y,6000.0,42.5531914893617,0.39166666666666666,0.0235,10,Low,0
Male,Yes,0.0,Not Graduate,No,2333,1516.0,95.0,360.0,1.0,Urban,Y,3849.0,40.51578947368421,0.2638888888888889,0.024681735515718367,20,Medium,0
Male,Yes,2.0,Graduate,No,3200,700.0,70.0,360.0,1.0,Urban,Y,3900.0,55.714285714285715,0.19444444444444445,0.017948717948717947,10,Low,0
Male,Yes,2.0,Graduate,No,2500,1840.0,109.0,360.0,1.0,Urban,Y,4340.0,39.81651376146789,0.30277777777777776,0.02511520737327189,10,Low,0
Male,No,0.0,Graduate,No,1853,2840.0,114.0,360.0,1.0,Rural,N,4693.0,41.166666666666664,0.31666666666666665,0.024291497975708502,10,Low,0
Male,Yes,2.0,Graduate,No,1299,1086.0,17.0,120.0,1.0,Urban,Y,2385.0,140.2941176470588,0.14166666666666666,0.007127882599580713,0,Low,3
Male,No,0.0,Graduate,No,4950,0.0,125.0,360.0,1.0,Urban,Y,4950.0,39.6,0.3472222222222222,0.025252525252525252,10,Low,0
Male,No,1.0,Not Graduate,No,3596,0.0,100.0,240.0,1.0,Urban,Y,3596.0,35.96,0.4166666666666667,0.027808676307007785,20,Medium,4
Female,No,0.0,Graduate,No,3510,0.0,76.0,360.0,0.0,Urban,N,3510.0,46.18421052631579,0.2111111111111111,0.021652421652421653,40,High,0
Male,Yes,0.0,Not Graduate,No,4887,0.0,133.0,360.0,1.0,Rural,N,4887.0,36.744360902255636,0.36944444444444446,0.027215060364231634,20,Medium,0
Male,Yes,0.0,Graduate,No,2600,3500.0,115.0,360.0,1.0,Urban,Y,6100.0,53.04347826086956,0.3194444444444444,0.018852459016393444,10,Low,0
Male,Yes,0.0,Not Graduate,No,7660,0.0,104.0,360.0,0.0,Urban,N,7660.0,73.65384615384616,0.28888888888888886,0.013577023498694517,50,High,0
Male,Yes,0.0,Not Graduate,No,2600,1911.0,116.0,360.0,0.0,Semiurban,N,4511.0,38.88793103448276,0.32222222222222224,0.025714919086677012,50,High,0
Female,Yes,2.0,Not Graduate,No,3365,1917.0,112.0,360.0,0.0,Rural,N,5282.0,47.160714285714285,0.3111111111111111,0.021204089360090876,50,High,0
Male,Yes,0.0,Graduate,No,2799,2253.0,122.0,360.0,1.0,Semiurban,Y,5052.0,41.40983606557377,0.3388888888888889,0.02414885193982581,10,Low,0
Male,Yes,2.0,Not Graduate,No,4226,1040.0,110.0,360.0,1.0,Urban,Y,5266.0,47.872727272727275,0.3055555555555556,0.020888720091150777,20,Medium,0
Male,No,0.0,Not Graduate,No,1442,0.0,35.0,360.0,1.0,Urban,N,1442.0,41.2,0.09722222222222222,0.024271844660194174,20,Medium,0
Female,No,2.0,Graduate,No,3750,2083.0,120.0,360.0,1.0,Semiurban,Y,5833.0,48.608333333333334,0.3333333333333333,0.020572604148808505,10,Low,0
Male,No,0.0,Graduate,No,3167,0.0,74.0,360.0,1.0,Urban,N,3167.0,42.7972972972973,0.20555555555555555,0.023365961477739186,10,Low,0
Male,No,1.0,Graduate,Yes,4692,0.0,106.0,360.0,1.0,Rural,N,4692.0,44.264150943396224,0.29444444444444445,0.022591645353793693,20,Medium,0
Male,Yes,0.0,Graduate,No,3500,1667.0,114.0,360.0,1.0,Semiurban,Y,5167.0,45.324561403508774,0.31666666666666665,0.022063092703696534,10,Low,0
Male,Yes,0.0,Graduate,No,1828,1330.0,100.0,180.0,0.0,Urban,N,3158.0,31.58,0.5555555555555556,0.031665611146295125,30,Medium,1
Female,Yes,0.0,Graduate,No,3667,1459.0,144.0,360.0,1.0,Semiurban,Y,5126.0,35.59722222222222,0.4,0.02809207959422552,10,Low,0
Male,No,0.0,Not Graduate,No,3748,1668.0,110.0,360.0,1.0,Semiurban,Y,5416.0,49.236363636363635,0.3055555555555556,0.02031019202363368,20,Medium,0
Male,No,0.0,Graduate,No,3600,0.0,80.0,360.0,1.0,Urban,N,3600.0,45.0,0.2222222222222222,0.022222222222222223,10,Low,0
Male,No,0.0,Graduate,No,1800,1213.0,47.0,360.0,1.0,Urban,Y,3013.0,64.1063829787234,0.13055555555555556,0.015599070693660804,10,Low,0
Male,Yes,0.0,Graduate,No,2400,0.0,75.0,360.0,1.0,Urban,Y,2400.0,32.0,0.20833333333333334,0.03125,10,Low,0
Male,Yes,0.0,Graduate,No,3941,2336.0,134.0,360.0,1.0,Semiurban,Y,6277.0,46.843283582089555,0.37222222222222223,0.021347777600764697,10,Low,0
Male,Yes,0.0,Not Graduate,Yes,4695,0.0,96.0,180.0,1.0,Urban,Y,4695.0,48.90625,0.5333333333333333,0.020447284345047924,20,Medium,1
Female,No,0.0,Graduate,No,3410,0.0,88.0,180.0,1.0,Urban,Y,3410.0,38.75,0.4888888888888889,0.025806451612903226,0,Low,1
Male,Yes,1.0,Graduate,No,5649,0.0,44.0,360.0,1.0,Urban,Y,5649.0,128.38636363636363,0.12222222222222222,0.007788989201628607,10,Low,0
Male,Yes,0.0,Graduate,No,5821,0.0,144.0,360.0,1.0,Urban,Y,5821.0,40.423611111111114,0.4,0.02473801752276241,10,Low,0
Female,Yes,0.0,Graduate,No,2645,3440.0,120.0,360.0,0.0,Urban,N,6085.0,50.708333333333336,0.3333333333333333,0.01972062448644207,40,High,0
Female,No,0.0,Graduate,No,4000,2275.0,144.0,360.0,1.0,Semiurban,Y,6275.0,43.576388888888886,0.4,0.022948207171314742,10,Low,0
Female,Yes,0.0,Not Graduate,No,1928,1644.0,100.0,360.0,1.0,Semiurban,Y,3572.0,35.72,0.2777777777777778,0.027995520716685332,20,Medium,0
Female,No,0.0,Graduate,No,3086,0.0,120.0,360.0,1.0,Semiurban,Y,3086.0,25.716666666666665,0.3333333333333333,0.03888528839922229,10,Low,0
Female,No,0.0,Graduate,No,4230,0.0,112.0,360.0,1.0,Semiurban,N,4230.0,37.767857142857146,0.3111111111111111,0.026477541371158392,10,Low,0
Male,Yes,2.0,Graduate,No,4616,0.0,134.0,360.0,1.0,Urban,N,4616.0,34.44776119402985,0.37222222222222223,0.02902946273830156,10,Low,0
Male,Yes,2.0,Graduate,No,2708,1167.0,97.0,360.0,1.0,Semiurban,Y,3875.0,39.94845360824742,0.26944444444444443,0.02503225806451613,10,Low,0
Male,Yes,0.0,Graduate,No,2132,1591.0,96.0,360.0,1.0,Semiurban,Y,3723.0,38.78125,0.26666666666666666,0.0257856567284448,10,Low,0
Male,Yes,0.0,Graduate,No,3366,2200.0,135.0,360.0,1.0,Rural,N,5566.0,41.22962962962963,0.375,0.024254401724757457,10,Low,0
Male,Yes,2.0,Not Graduate,No,3357,2859.0,144.0,360.0,1.0,Urban,Y,6216.0,43.166666666666664,0.4,0.023166023166023165,20,Medium,0
Male,Yes,0.0,Graduate,No,2500,3796.0,120.0,360.0,1.0,Urban,Y,6296.0,52.46666666666667,0.3333333333333333,0.01905972045743329,10,Low,0
Male,Yes,3.0,Graduate,No,3029,0.0,99.0,360.0,1.0,Urban,Y,3029.0,30.595959595959595,0.275,0.03268405414328161,10,Low,0
Female,No,0.0,Graduate,No,4166,0.0,116.0,360.0,0.0,Semiurban,N,4166.0,35.91379310344828,0.32222222222222224,0.02784445511281805,40,High,0
Male,No,0.0,Not Graduate,No,3200,2254.0,126.0,180.0,0.0,Urban,N,5454.0,43.285714285714285,0.7,0.0231023102310231,40,High,1
Male,Yes,3.0,Not Graduate,Yes,7100,0.0,125.0,60.0,1.0,Urban,Y,7100.0,56.8,2.0833333333333335,0.017605633802816902,20,Medium,3
Female,No,0.0,Graduate,No,4300,0.0,136.0,360.0,0.0,Semiurban,N,4300.0,31.61764705882353,0.37777777777777777,0.03162790697674418,40,High,0
Male,Yes,2.0,Not Graduate,Yes,1875,1875.0,97.0,360.0,1.0,Semiurban,Y,3750.0,38.65979381443299,0.26944444444444443,0.025866666666666666,30,Medium,0
Male,No,0.0,Graduate,No,3500,0.0,81.0,300.0,1.0,Semiurban,Y,3500.0,43.20987654320987,0.27,0.023142857142857142,10,Low,4
Male,Yes,3.0,Not Graduate,No,4755,0.0,95.0,180.0,0.0,Semiurban,N,4755.0,50.05263157894737,0.5277777777777778,0.019978969505783387,40,High,1
Male,No,0.0,Graduate,No,3750,0.0,113.0,480.0,1.0,Urban,N,3750.0,33.1858407079646,0.23541666666666666,0.030133333333333335,20,Medium,2
Male,Yes,1.0,Graduate,Yes,1000,3022.0,110.0,360.0,1.0,Urban,N,4022.0,36.56363636363636,0.3055555555555556,0.02734957732471407,20,Medium,0
Male,Yes,3.0,Not Graduate,Yes,3333,2166.0,130.0,360.0,1.0,Semiurban,Y,5499.0,42.3,0.3611111111111111,0.02364066193853428,30,Medium,0
Female,No,0.0,Graduate,No,3846,0.0,111.0,360.0,1.0,Semiurban,Y,3846.0,34.648648648648646,0.30833333333333335,0.028861154446177848,10,Low,0
Male,Yes,1.0,Graduate,No,3988,0.0,50.0,240.0,1.0,Urban,Y,3988.0,79.76,0.20833333333333334,0.012537612838515547,10,Low,4
Male,No,0.0,Graduate,No,2366,2531.0,136.0,360.0,1.0,Semiurban,Y,4897.0,36.00735294117647,0.37777777777777777,0.027772105370635083,10,Low,0
Male,Yes,2.0,Not Graduate,No,3333,2000.0,99.0,360.0,1.0,Semiurban,Y,5333.0,53.86868686868687,0.275,0.0185636602287643,20,Medium,0
Male,Yes,0.0,Graduate,No,2500,2118.0,104.0,360.0,1.0,Semiurban,Y,4618.0,44.40384615384615,0.28888888888888886,0.02252057167605024,10,Low,0
Male,Yes,0.0,Graduate,No,2958,2900.0,131.0,360.0,1.0,Semiurban,Y,5858.0,44.717557251908396,0.3638888888888889,0.022362581085694777,10,Low,0
Male,Yes,2.0,Not Graduate,No,3273,1820.0,81.0,360.0,1.0,Urban,Y,5093.0,62.876543209876544,0.225,0.015904182210877676,20,Medium,0
Male,No,0.0,Graduate,No,4133,0.0,122.0,360.0,1.0,Semiurban,Y,4133.0,33.877049180327866,0.3388888888888889,0.029518509557222357,10,Low,0
Male,No,0.0,Not Graduate,No,3620,0.0,25.0,120.0,1.0,Semiurban,Y,3620.0,144.8,0.20833333333333334,0.006906077348066298,10,Low,3
Female,Yes,0.0,Graduate,No,2484,2302.0,137.0,360.0,1.0,Semiurban,Y,4786.0,34.934306569343065,0.38055555555555554,0.028625156707062265,10,Low,0
Male,Yes,0.0,Graduate,No,1977,997.0,50.0,360.0,1.0,Semiurban,Y,2974.0,59.48,0.1388888888888889,0.016812373907195696,10,Low,0
Male,Yes,0.0,Not Graduate,No,4188,0.0,115.0,180.0,1.0,Semiurban,Y,4188.0,36.417391304347824,0.6388888888888888,0.027459407831900668,10,Low,1
Male,Yes,0.0,Graduate,No,1759,3541.0,131.0,360.0,1.0,Semiurban,Y,5300.0,40.458015267175576,0.3638888888888889,0.02471698113207547,10,Low,0
Male,Yes,2.0,Not Graduate,No,4288,3263.0,133.0,180.0,1.0,Urban,Y,7551.0,56.774436090225564,0.7388888888888889,0.01761356111773275,10,Low,1
Male,Yes,1.0,Graduate,No,3052,1030.0,100.0,360.0,1.0,Urban,Y,4082.0,40.82,0.2777777777777778,0.02449779519843214,10,Low,0
Male,No,0.0,Not Graduate,Yes,7333,0.0,120.0,360.0,1.0,Rural,N,7333.0,61.108333333333334,0.3333333333333333,0.01636438019909996,30,Medium,0
Male,Yes,3.0,Not Graduate,No,2071,754.0,94.0,480.0,1.0,Semiurban,Y,2825.0,30.0531914893617,0.19583333333333333,0.03327433628318584,30,Medium,2
Male,No,0.0,Graduate,No,5316,0.0,136.0,360.0,1.0,Urban,Y,5316.0,39.088235294117645,0.37777777777777777,0.025583145221971408,10,Low,0
Female,Yes,0.0,Graduate,No,2929,2333.0,139.0,360.0,1.0,Semiurban,Y,5262.0,37.856115107913666,0.3861111111111111,0.026415811478525276,10,Low,0
Male,No,0.0,Graduate,Yes,5050,0.0,118.0,360.0,1.0,Semiurban,Y,5050.0,42.79661016949152,0.3277777777777778,0.023366336633663366,20,Medium,0
Male,Yes,1.0,Graduate,No,2214,1398.0,85.0,360.0,1.0,Urban,Y,3612.0,42.49411764705882,0.2361111111111111,0.02353266888150609,10,Low,0
Female,No,0.0,Graduate,No,4166,0.0,44.0,360.0,1.0,Semiurban,Y,4166.0,94.68181818181819,0.12222222222222222,0.01056168987037926,10,Low,0
Female,No,0.0,Graduate,No,2137,8980.0,137.0,360.0,0.0,Semiurban,Y,11117.0,81.14598540145985,0.38055555555555554,0.01232346856166232,40,High,0
Male,Yes,2.0,Graduate,No,2957,0.0,81.0,360.0,1.0,Semiurban,Y,2957.0,36.50617283950617,0.225,0.027392627663172135,10,Low,0
Female,No,0.0,Graduate,No,3692,0.0,93.0,360.0,1.0,Rural,Y,3692.0,39.69892473118279,0.25833333333333336,0.025189599133261104,10,Low,0
Male,No,0.0,Graduate,No,2014,1929.0,74.0,360.0,1.0,Urban,Y,3943.0,53.28378378378378,0.20555555555555555,0.018767435962465127,10,Low,0
Male,No,0.0,Graduate,No,2718,0.0,70.0,360.0,1.0,Semiurban,Y,2718.0,38.82857142857143,0.19444444444444445,0.025754231052244298,10,Low,0
Male,Yes,0.0,Graduate,Yes,3459,0.0,25.0,120.0,1.0,Semiurban,Y,3459.0,138.36,0.20833333333333334,0.007227522405319456,10,Low,3
Male,No,0.0,Graduate,No,4895,0.0,102.0,360.0,1.0,Semiurban,Y,4895.0,47.990196078431374,0.2833333333333333,0.020837589376915218,10,Low,0
Female,Yes,0.0,Graduate,No,4583,0.0,84.0,360.0,1.0,Rural,N,4583.0,54.55952380952381,0.23333333333333334,0.0183286057167794,10,Low,0
Male,Yes,2.0,Graduate,Yes,3316,3500.0,88.0,360.0,1.0,Urban,Y,6816.0,77.45454545454545,0.24444444444444444,0.012910798122065728,20,Medium,0
Male,Yes,2.0,Not Graduate,No,4200,1430.0,129.0,360.0,1.0,Rural,N,5630.0,43.64341085271318,0.35833333333333334,0.022912966252220248,20,Medium,0
Male,Yes,0.0,Graduate,No,2698,2034.0,122.0,360.0,1.0,Semiurban,Y,4732.0,38.78688524590164,0.3388888888888889,0.02578191039729501,10,Low,0
Female,Yes,0.0,Graduate,No,2330,4486.0,100.0,360.0,1.0,Semiurban,Y,6816.0,68.16,0.2777777777777778,0.014671361502347418,10,Low,0
Male,Yes,1.0,Graduate,No,1538,1425.0,30.0,360.0,1.0,Urban,Y,2963.0,98.76666666666667,0.08333333333333333,0.010124873439082012,10,Low,0
Male,Yes,0.0,Graduate,No,4860,830.0,125.0,360.0,1.0,Semiurban,Y,5690.0,45.52,0.3472222222222222,0.021968365553602813,10,Low,0
Male,No,0.0,Graduate,No,6277,0.0,118.0,360.0,0.0,Rural,N,6277.0,53.19491525423729,0.3277777777777778,0.018798789230524134,40,High,0
Male,Yes,2.0,Not Graduate,No,2281,0.0,113.0,360.0,1.0,Rural,N,2281.0,20.1858407079646,0.3138888888888889,0.049539675580885574,20,Medium,0
Male,No,0.0,Graduate,No,3254,0.0,50.0,360.0,1.0,Urban,Y,3254.0,65.08,0.1388888888888889,0.015365703749231715,10,Low,0
Male,No,0.0,Graduate,No,2980,2083.0,120.0,360.0,1.0,Rural,Y,5063.0,42.19166666666667,0.3333333333333333,0.023701362828362632,10,Low,0
Male,Yes,0.0,Not Graduate,No,1863,1041.0,98.0,360.0,1.0,Semiurban,Y,2904.0,29.632653061224488,0.2722222222222222,0.0337465564738292,20,Medium,0
Male,Yes,1.0,Graduate,No,3089,1280.0,121.0,360.0,0.0,Semiurban,N,4369.0,36.107438016528924,0.33611111111111114,0.027695124742504004,40,High,0
Male,Yes,0.0,Graduate,No,9323,0.0,75.0,180.0,1.0,Urban,Y,9323.0,124.30666666666667,0.4166666666666667,0.008044620830204869,0,Low,1
Female,Yes,0.0,Graduate,No,4583,0.0,112.0,360.0,1.0,Rural,N,4583.0,40.919642857142854,0.3111111111111111,0.02443814095570587,10,Low,0
Male,Yes,0.0,Graduate,No,2439,3333.0,129.0,360.0,1.0,Rural,Y,5772.0,44.74418604651163,0.35833333333333334,0.02234927234927235,10,Low,0
Male,No,0.0,Graduate,No,2237,0.0,63.0,480.0,0.0,Semiurban,N,2237.0,35.507936507936506,0.13125,0.028162717925793473,50,High,2
Male,Yes,0.0,Not Graduate,No,1820,1769.0,95.0,360.0,1.0,Rural,Y,3589.0,37.77894736842105,0.2638888888888889,0.026469768737809974,20,Medium,0
Male,Yes,3.0,Not Graduate,No,3522,0.0,81.0,180.0,1.0,Rural,N,3522.0,43.48148148148148,0.45,0.022998296422487224,10,Low,1
Male,Yes,0.0,Not Graduate,Yes,4344,736.0,87.0,360.0,1.0,Semiurban,N,5080.0,58.39080459770115,0.24166666666666667,0.017125984251968505,30,Medium,0
Male,Yes,0.0,Graduate,No,3497,1964.0,116.0,360.0,1.0,Rural,Y,5461.0,47.077586206896555,0.32222222222222224,0.021241530855154733,10,Low,0
Male,Yes,2.0,Graduate,No,2045,1619.0,101.0,360.0,1.0,Rural,Y,3664.0,36.277227722772274,0.28055555555555556,0.027565502183406112,10,Low,0
Male,Yes,1.0,Graduate,No,3750,0.0,116.0,360.0,1.0,Semiurban,Y,3750.0,32.327586206896555,0.32222222222222224,0.030933333333333334,10,Low,0
Male,No,0.0,Not Graduate,No,2333,1451.0,102.0,480.0,0.0,Urban,N,3784.0,37.09803921568628,0.2125,0.026955602536997886,60,High,2
Male,No,0.0,Graduate,No,1916,5063.0,67.0,360.0,0.0,Rural,N,6979.0,104.16417910447761,0.18611111111111112,0.00960022925920619,40,High,0
Male,Yes,0.0,Graduate,No,4600,0.0,73.0,180.0,1.0,Semiurban,Y,4600.0,63.013698630136986,0.40555555555555556,0.015869565217391305,0,Low,1
Female,Yes,0.0,Graduate,No,3625,0.0,108.0,360.0,1.0,Semiurban,Y,3625.0,33.56481481481482,0.3,0.029793103448275862,10,Low,0
Male,Yes,1.0,Graduate,Yes,2178,0.0,66.0,300.0,0.0,Rural,N,2178.0,33.0,0.22,0.030303030303030304,50,High,4
Male,Yes,0.0,Graduate,No,2383,2138.0,58.0,360.0,1.0,Rural,Y,4521.0,77.94827586206897,0.16111111111111112,0.012829020128290201,10,Low,0
Male,No,0.0,Not Graduate,No,4885,0.0,48.0,360.0,1.0,Rural,Y,4885.0,101.77083333333333,0.13333333333333333,0.009825997952917094,20,Medium,0
Male,No,0.0,Graduate,No,3858,0.0,76.0,360.0,1.0,Semiurban,Y,3858.0,50.76315789473684,0.2111111111111111,0.019699326075686883,10,Low,0
Male,No,0.0,Graduate,No,4191,0.0,120.0,360.0,1.0,Rural,Y,4191.0,34.925,0.3333333333333333,0.02863278453829635,10,Low,0
Female,No,0.0,Not Graduate,No,1907,2365.0,120.0,360.0,1.0,Urban,Y,4272.0,35.6,0.3333333333333333,0.028089887640449437,20,Medium,0
Female,Yes,0.0,Graduate,No,3416,2816.0,113.0,360.0,1.0,Semiurban,Y,6232.0,55.150442477876105,0.3138888888888889,0.01813222079589217,10,Low,0
Male,Yes,1.0,Not Graduate,No,2600,2500.0,90.0,360.0,1.0,Semiurban,Y,5100.0,56.666666666666664,0.25,0.01764705882352941,20,Medium,0
Male,Yes,1.0,Not Graduate,No,3500,1083.0,135.0,360.0,1.0,Urban,Y,4583.0,33.94814814814815,0.375,0.029456687759109753,20,Medium,0
Male,Yes,2.0,Not Graduate,No,3917,0.0,124.0,360.0,1.0,Semiurban,Y,3917.0,31.588709677419356,0.34444444444444444,0.03165688026550932,20,Medium,0
Female,No,0.0,Not Graduate,No,4408,0.0,120.0,360.0,1.0,Semiurban,Y,4408.0,36.733333333333334,0.3333333333333333,0.02722323049001815,20,Medium,0
Female,No,0.0,Graduate,No,3244,0.0,80.0,360.0,1.0,Urban,Y,3244.0,40.55,0.2222222222222222,0.02466091245376079,10,Low,0
Male,No,0.0,Not Graduate,No,3975,2531.0,55.0,360.0,1.0,Rural,Y,6506.0,118.2909090909091,0.1527777777777778,0.008453735013833385,20,Medium,0
Male,No,0.0,Graduate,No,2479,0.0,59.0,360.0,1.0,Urban,Y,2479.0,42.016949152542374,0.1638888888888889,0.02379991932230738,10,Low,0
Male,No,0.0,Graduate,No,3418,0.0,127.0,360.0,1.0,Semiurban,N,3418.0,26.913385826771652,0.3527777777777778,0.0371562317144529,10,Low,0
Male,Yes,3.0,Graduate,No,3430,1250.0,128.0,360.0,0.0,Semiurban,N,4680.0,36.5625,0.35555555555555557,0.02735042735042735,40,High,0
Male,Yes,3.0,Not Graduate,Yes,5703,0.0,130.0,360.0,1.0,Rural,Y,5703.0,43.86923076923077,0.3611111111111111,0.02279502016482553,30,Medium,0
Male,Yes,0.0,Graduate,No,3173,3021.0,137.0,360.0,1.0,Urban,Y,6194.0,45.21167883211679,0.38055555555555554,0.022118178882789795,10,Low,0
Male,Yes,3.0,Not Graduate,No,3850,983.0,100.0,360.0,1.0,Semiurban,Y,4833.0,48.33,0.2777777777777778,0.02069108214359611,20,Medium,0
Male,Yes,0.0,Graduate,No,150,1800.0,135.0,360.0,1.0,Rural,N,1950.0,14.444444444444445,0.375,0.06923076923076923,10,Low,0
Male,Yes,0.0,Graduate,No,3727,1775.0,131.0,360.0,1.0,Semiurban,Y,5502.0,42.0,0.3638888888888889,0.023809523809523808,10,Low,0
Male,Yes,2.0,Graduate,Yes,5000,0.0,72.0,360.0,0.0,Semiurban,N,5000.0,69.44444444444444,0.2,0.0144,50,High,0
Female,Yes,2.0,Graduate,No,4283,2383.0,127.0,360.0,1.0,Semiurban,Y,6666.0,52.488188976377955,0.3527777777777778,0.019051905190519053,10,Low,0
Male,Yes,0.0,Graduate,No,2221,0.0,60.0,360.0,0.0,Urban,N,2221.0,37.016666666666666,0.16666666666666666,0.0270148581719946,40,High,0
Male,Yes,2.0,Graduate,No,4009,1717.0,116.0,360.0,1.0,Semiurban,Y,5726.0,49.36206896551724,0.32222222222222224,0.020258470136220747,10,Low,0
Male,No,0.0,Graduate,No,2971,2791.0,144.0,360.0,1.0,Semiurban,Y,5762.0,40.013888888888886,0.4,0.024991322457480043,10,Low,0
Male,Yes,0.0,Graduate,No,6250,0.0,128.0,360.0,1.0,Semiurban,Y,6250.0,48.828125,0.35555555555555557,0.02048,10,Low,0
Male,Yes,0.0,Not Graduate,Yes,4735,0.0,138.0,360.0,1.0,Urban,N,4735.0,34.31159420289855,0.38333333333333336,0.02914466737064414,30,Medium,0
Male,Yes,1.0,Graduate,No,2491,2054.0,104.0,360.0,1.0,Semiurban,Y,4545.0,43.70192307692308,0.28888888888888886,0.02288228822882288,10,Low,0
Male,Yes,0.0,Graduate,No,3716,0.0,42.0,180.0,1.0,Rural,Y,3716.0,88.47619047619048,0.23333333333333334,0.011302475780409042,0,Low,1
Male,No,0.0,Not Graduate,No,3189,2598.0,120.0,360.0,1.0,Rural,Y,5787.0,48.225,0.3333333333333333,0.020736132711249352,20,Medium,0
Male,Yes,1.0,Graduate,No,3155,1779.0,140.0,360.0,1.0,Semiurban,Y,4934.0,35.24285714285714,0.3888888888888889,0.02837454398054317,10,Low,0
Female,No,0.0,Graduate,Yes,3463,0.0,122.0,360.0,1.0,Urban,Y,3463.0,28.385245901639344,0.3388888888888889,0.03522956973722206,20,Medium,0
Female,No,1.0,Graduate,No,3812,0.0,112.0,360.0,1.0,Rural,Y,3812.0,34.035714285714285,0.3111111111111111,0.02938090241343127,10,Low,0
Male,Yes,1.0,Graduate,No,3315,0.0,96.0,360.0,1.0,Semiurban,Y,3315.0,34.53125,0.26666666666666666,0.02895927601809955,10,Low,0
Male,Yes,2.0,Graduate,No,5819,5000.0,120.0,360.0,1.0,Rural,Y,10819.0,90.15833333333333,0.3333333333333333,0.01109159811442832,10,Low,0
Male,Yes,1.0,Not Graduate,No,2510,1983.0,140.0,180.0,1.0,Urban,N,4493.0,32.09285714285714,0.7777777777777778,0.031159581571333184,10,Low,1
Male,Yes,2.0,Graduate,Yes,6250,1300.0,108.0,360.0,1.0,Rural,Y,7550.0,69.9074074074074,0.3,0.014304635761589404,20,Medium,0
Male,Yes,0.0,Not Graduate,No,3406,4417.0,123.0,360.0,1.0,Semiurban,Y,7823.0,63.60162601626016,0.3416666666666667,0.01572286846478333,20,Medium,0
Male,No,0.0,Graduate,Yes,6050,4333.0,120.0,180.0,1.0,Urban,N,10383.0,86.525,0.6666666666666666,0.011557353366079168,10,Low,1
Male,Yes,2.0,Graduate,No,9703,0.0,112.0,360.0,1.0,Urban,Y,9703.0,86.63392857142857,0.3111111111111111,0.011542821807688343,10,Low,0
Male,Yes,1.0,Not Graduate,No,6608,0.0,137.0,180.0,1.0,Urban,Y,6608.0,48.23357664233577,0.7611111111111111,0.020732445520581115,10,Low,1
Male,Yes,1.0,Graduate,No,2882,1843.0,123.0,480.0,1.0,Semiurban,Y,4725.0,38.41463414634146,0.25625,0.02603174603174603,20,Medium,2
Male,Yes,0.0,Graduate,No,1809,1868.0,90.0,360.0,1.0,Urban,Y,3677.0,40.855555555555554,0.25,0.024476475387544192,10,Low,0
Female,No,2.0,Graduate,No,3427,0.0,138.0,360.0,1.0,Urban,N,3427.0,24.833333333333332,0.38333333333333336,0.040268456375838924,10,Low,0
Male,No,0.0,Not Graduate,Yes,2583,2167.0,104.0,360.0,1.0,Rural,Y,4750.0,45.67307692307692,0.28888888888888886,0.021894736842105262,30,Medium,0
Male,No,0.0,Not Graduate,No,6045,0.0,115.0,360.0,0.0,Rural,N,6045.0,52.56521739130435,0.3194444444444444,0.01902398676592225,50,High,0
Male,Yes,3.0,Graduate,No,5250,0.0,94.0,360.0,1.0,Urban,N,5250.0,55.851063829787236,0.2611111111111111,0.017904761904761906,10,Low,0
Male,Yes,3.0,Not Graduate,No,4931,0.0,128.0,360.0,0.0,Semiurban,N,4931.0,38.5234375,0.35555555555555557,0.02595822348408031,50,High,0
Male,No,0.0,Graduate,No,2060,2209.0,134.0,360.0,1.0,Semiurban,Y,4269.0,31.85820895522388,0.37222222222222223,0.03138908409463575,10,Low,0
Female,No,0.0,Graduate,No,7200,0.0,120.0,360.0,1.0,Rural,Y,7200.0,60.0,0.3333333333333333,0.016666666666666666,10,Low,0
Male,No,0.0,Graduate,Yes,5166,0.0,128.0,360.0,1.0,Semiurban,Y,5166.0,40.359375,0.35555555555555557,0.024777390631049168,20,Medium,0
Male,Yes,2.0,Graduate,No,4708,1387.0,150.0,360.0,1.0,Semiurban,Y,6095.0,40.63333333333333,0.4166666666666667,0.02461033634126333,10,Low,0
Female,No,0.0,Graduate,No,3418,0.0,135.0,360.0,1.0,Rural,N,3418.0,25.31851851851852,0.375,0.03949678174370977,10,Low,0
Female,No,1.0,Graduate,No,2876,1560.0,90.0,360.0,1.0,Urban,Y,4436.0,49.28888888888889,0.25,0.02028854824165915,10,Low,0
Female,No,0.0,Graduate,No,3237,0.0,30.0,360.0,1.0,Urban,Y,3237.0,107.9,0.08333333333333333,0.009267840593141797,10,Low,0
Male,No,0.0,Graduate,No,2833,1857.0,126.0,360.0,1.0,Rural,Y,4690.0,37.22222222222222,0.35,0.026865671641791045,10,Low,0
Male,Yes,0.0,Graduate,No,2620,2223.0,150.0,360.0,1.0,Semiurban,Y,4843.0,32.28666666666667,0.4166666666666667,0.03097253768325418,10,Low,0
Male,Yes,2.0,Graduate,No,3900,0.0,90.0,360.0,1.0,Semiurban,Y,3900.0,43.333333333333336,0.25,0.023076923076923078,10,Low,0
Male,Yes,1.0,Graduate,No,2750,1842.0,115.0,360.0,1.0,Semiurban,Y,4592.0,39.93043478260869,0.3194444444444444,0.02504355400696864,10,Low,0
Male,Yes,0.0,Graduate,No,3103,1300.0,80.0,360.0,1.0,Urban,Y,4403.0,55.0375,0.2222222222222222,0.018169429934135818,10,Low,0
Female,Yes,0.0,Not Graduate,No,4100,0.0,124.0,360.0,1.0,Rural,Y,4100.0,33.064516129032256,0.34444444444444444,0.03024390243902439,20,Medium,0
Male,Yes,0.0,Graduate,No,3927,800.0,112.0,360.0,1.0,Semiurban,Y,4727.0,42.205357142857146,0.3111111111111111,0.0236936746350751,10,Low,0
Male,Yes,2.0,Graduate,No,2301,985.7999877999998,78.0,180.0,1.0,Urban,Y,3286.7999878,42.13846138205128,0.43333333333333335,0.023731288879615956,0,Low,1
Female,No,0.0,Graduate,No,1811,1666.0,54.0,360.0,1.0,Urban,Y,3477.0,64.38888888888889,0.15,0.015530629853321829,10,Low,0
Male,No,0.0,Graduate,No,3158,3053.0,89.0,360.0,1.0,Rural,Y,6211.0,69.78651685393258,0.24722222222222223,0.014329415553051039,10,Low,0
Female,No,0.0,Graduate,Yes,2600,1717.0,99.0,300.0,1.0,Semiurban,N,4317.0,43.60606060606061,0.33,0.022932592077831826,20,Medium,4
Male,Yes,0.0,Graduate,No,3704,2000.0,120.0,360.0,1.0,Rural,Y,5704.0,47.53333333333333,0.3333333333333333,0.021037868162692847,10,Low,0
Female,No,0.0,Graduate,No,4124,0.0,115.0,360.0,1.0,Semiurban,Y,4124.0,35.86086956521739,0.3194444444444444,0.027885548011639186,10,Low,0
Male,Yes,0.0,Graduate,No,3075,2416.0,139.0,360.0,1.0,Rural,Y,5491.0,39.50359712230216,0.3861111111111111,0.025314150427973046,10,Low,0
Male,Yes,2.0,Graduate,No,4400,0.0,127.0,360.0,0.0,Semiurban,N,4400.0,34.645669291338585,0.3527777777777778,0.028863636363636362,40,High,0
Male,Yes,2.0,Graduate,No,3153,1560.0,134.0,360.0,1.0,Urban,Y,4713.0,35.17164179104478,0.37222222222222223,0.028431996605134735,10,Low,0
Female,No,0.0,Graduate,No,5417,0.0,143.0,480.0,0.0,Urban,N,5417.0,37.88111888111888,0.29791666666666666,0.026398375484585564,50,High,2
Male,Yes,3.0,Graduate,No,4416,1250.0,110.0,360.0,1.0,Urban,Y,5666.0,51.50909090909091,0.3055555555555556,0.01941404871161313,10,Low,0
Female,Yes,1.0,Graduate,No,4666,0.0,135.0,360.0,1.0,Urban,Y,4666.0,34.56296296296296,0.375,0.028932704672096014,10,Low,0
Male,Yes,1.0,Graduate,No,2014,2925.0,113.0,360.0,1.0,Urban,N,4939.0,43.70796460176991,0.3138888888888889,0.02287912532901397,10,Low,0
Male,Yes,0.0,Not Graduate,No,1800,2934.0,93.0,360.0,0.0,Urban,N,4734.0,50.903225806451616,0.25833333333333336,0.01964512040557668,50,High,0
Male,Yes,3.0,Not Graduate,No,2875,1750.0,105.0,360.0,1.0,Semiurban,Y,4625.0,44.04761904761905,0.2916666666666667,0.022702702702702703,20,Medium,0
Female,No,0.0,Graduate,No,5000,0.0,132.0,360.0,1.0,Rural,Y,5000.0,37.878787878787875,0.36666666666666664,0.0264,10,Low,0
Male,Yes,1.0,Graduate,No,1625,1803.0,96.0,360.0,1.0,Urban,Y,3428.0,35.708333333333336,0.26666666666666666,0.028004667444574097,10,Low,0
Male,No,0.0,Graduate,No,4000,2500.0,140.0,360.0,1.0,Rural,Y,6500.0,46.42857142857143,0.3888888888888889,0.021538461538461538,10,Low,0
Female,No,0.0,Graduate,No,3762,1666.0,135.0,360.0,1.0,Rural,Y,5428.0,40.20740740740741,0.375,0.024871039056742816,10,Low,0
Female,No,0.0,Graduate,No,2400,1863.0,104.0,360.0,0.0,Urban,N,4263.0,40.99038461538461,0.28888888888888886,0.02439596528266479,40,High,0
Female,No,0.0,Graduate,No,2917,0.0,84.0,360.0,1.0,Semiurban,Y,2917.0,34.726190476190474,0.23333333333333334,0.028796708947548853,10,Low,0
Male,No,0.0,Not Graduate,No,2927,2405.0,111.0,360.0,1.0,Semiurban,Y,5332.0,48.03603603603604,0.30833333333333335,0.020817704426106528,20,Medium,0
Female,No,0.0,Graduate,No,2507,0.0,56.0,360.0,1.0,Rural,Y,2507.0,44.767857142857146,0.15555555555555556,0.022337455125648185,10,Low,0
Male,Yes,2.0,Graduate,Yes,5746,0.0,144.0,84.0,1.0,Rural,Y,5746.0,39.90277777777778,1.7142857142857142,0.025060911938739994,10,Low,3
Male,Yes,1.0,Not Graduate,No,3399,1640.0,111.0,180.0,1.0,Urban,Y,5039.0,45.3963963963964,0.6166666666666667,0.022028180194483032,10,Low,1
Male,Yes,2.0,Graduate,No,3717,0.0,120.0,360.0,1.0,Semiurban,Y,3717.0,30.975,0.3333333333333333,0.03228410008071025,10,Low,0
Male,Yes,0.0,Graduate,No,2058,2134.0,88.0,360.0,1.0,Urban,Y,4192.0,47.63636363636363,0.24444444444444444,0.02099236641221374,10,Low,0
Female,No,1.0,Graduate,No,3541,0.0,112.0,360.0,1.0,Semiurban,Y,3541.0,31.616071428571427,0.3111111111111111,0.031629483196837054,10,Low,0
Male,Yes,0.0,Graduate,No,2400,2167.0,115.0,360.0,1.0,Semiurban,Y,4567.0,39.71304347826087,0.3194444444444444,0.025180643748631486,10,Low,0
Male,Yes,3.0,Graduate,No,4342,189.0,124.0,360.0,1.0,Semiurban,Y,4531.0,36.54032258064516,0.34444444444444444,0.027367027146325315,10,Low,0
Female,No,0.0,Graduate,No,3166,2985.0,132.0,360.0,1.0,Rural,Y,6151.0,46.59848484848485,0.36666666666666664,0.021459925215412127,10,Low,0
Male,No,0.0,Graduate,No,4917,0.0,130.0,360.0,0.0,Rural,Y,4917.0,37.823076923076925,0.3611111111111111,0.026438885499288182,40,High,0
Female,Yes,0.0,Graduate,No,4333,2451.0,110.0,360.0,1.0,Urban,N,6784.0,61.67272727272727,0.3055555555555556,0.016214622641509434,10,Low,0
Female,No,0.0,Graduate,No,2500,0.0,67.0,360.0,1.0,Urban,Y,2500.0,37.3134328358209,0.18611111111111112,0.0268,10,Low,0
Male,No,1.0,Graduate,No,4384,1793.0,117.0,360.0,1.0,Urban,Y,6177.0,52.794871794871796,0.325,0.01894123360854784,10,Low,0
Male,No,0.0,Graduate,No,2935,0.0,98.0,360.0,1.0,Semiurban,Y,2935.0,29.948979591836736,0.2722222222222222,0.03339011925042589,10,Low,0
Male,No,0.0,Graduate,No,2833,0.0,71.0,360.0,1.0,Urban,Y,2833.0,39.901408450704224,0.19722222222222222,0.025061771973173313,10,Low,0
Male,Yes,3.0,Graduate,Yes,5503,4490.0,70.0,180.0,1.0,Semiurban,Y,9993.0,142.75714285714287,0.3888888888888889,0.007004903432402682,10,Low,1
Female,No,0.0,Graduate,No,4160,0.0,71.0,360.0,1.0,Semiurban,Y,4160.0,58.59154929577465,0.19722222222222222,0.01706730769230769,10,Low,0
Female,No,0.0,Graduate,No,2378,0.0,46.0,360.0,1.0,Rural,N,2378.0,51.69565217391305,0.12777777777777777,0.01934398654331371,10,Low,0
Male,Yes,3.0,Not Graduate,No,3173,0.0,74.0,360.0,1.0,Semiurban,Y,3173.0,42.87837837837838,0.20555555555555555,0.023321777497636306,20,Medium,0
Male,Yes,2.0,Graduate,No,2583,2330.0,125.0,360.0,1.0,Rural,Y,4913.0,39.304,0.3472222222222222,0.0254427030327702,10,Low,0
Male,Yes,2.0,Not Graduate,No,3083,2168.0,126.0,360.0,1.0,Urban,Y,5251.0,41.67460317460318,0.35,0.023995429442011044,20,Medium,0
Male,Yes,3.0,Graduate,No,2666,2083.0,95.0,360.0,1.0,Rural,Y,4749.0,49.98947368421052,0.2638888888888889,0.02000421141292904,10,Low,0
Female,Yes,0.0,Graduate,Yes,5500,0.0,105.0,360.0,0.0,Rural,N,5500.0,52.38095238095238,0.2916666666666667,0.019090909090909092,50,High,0
Female,Yes,0.0,Graduate,No,2423,505.0,130.0,360.0,1.0,Semiurban,Y,2928.0,22.523076923076925,0.3611111111111111,0.04439890710382514,10,Low,0
Female,No,0.0,Graduate,No,3813,0.0,116.0,180.0,1.0,Urban,Y,3813.0,32.87068965517241,0.6444444444444445,0.03042223970626803,0,Low,1
Male,Yes,1.0,Graduate,No,3875,0.0,67.0,360.0,1.0,Urban,N,3875.0,57.83582089552239,0.18611111111111112,0.01729032258064516,10,Low,0
Male,Yes,0.0,Not Graduate,No,3000,1666.0,100.0,480.0,0.0,Urban,N,4666.0,46.66,0.20833333333333334,0.021431633090441493,60,High,2
Female,No,1.0,Graduate,No,4723,0.0,81.0,360.0,1.0,Semiurban,N,4723.0,58.30864197530864,0.225,0.017150116451408005,10,Low,0
Male,Yes,0.0,Graduate,No,4750,2333.0,130.0,360.0,1.0,Urban,Y,7083.0,54.48461538461538,0.3611111111111111,0.01835380488493576,10,Low,0
Male,Yes,0.0,Graduate,No,3013,3033.0,95.0,300.0,1.0,Urban,Y,6046.0,63.642105263157895,0.31666666666666665,0.0157128680119087,10,Low,4
Male,No,0.0,Graduate,Yes,6822,0.0,141.0,360.0,1.0,Rural,Y,6822.0,48.38297872340426,0.39166666666666666,0.020668425681618294,20,Medium,0
Male,No,0.0,Not Graduate,No,6216,0.0,133.0,360.0,1.0,Rural,N,6216.0,46.73684210526316,0.36944444444444446,0.021396396396396396,20,Medium,0
Male,No,0.0,Graduate,No,2500,0.0,96.0,480.0,1.0,Semiurban,N,2500.0,26.041666666666668,0.2,0.0384,20,Medium,2
Male,No,0.0,Graduate,No,5124,0.0,124.0,360.0,0.0,Rural,N,5124.0,41.32258064516129,0.34444444444444444,0.02419984387197502,40,High,0
Male,No,1.0,Graduate,No,3062,1987.0,111.0,180.0,0.0,Urban,N,5049.0,45.486486486486484,0.6166666666666667,0.021984551396316103,30,Medium,1
Female,No,0.0,Graduate,No,2764,1459.0,110.0,360.0,1.0,Urban,Y,4223.0,38.39090909090909,0.3055555555555556,0.02604783329386692,10,Low,0
Male,Yes,0.0,Graduate,No,4817,923.0,120.0,180.0,1.0,Urban,Y,5740.0,47.833333333333336,0.6666666666666666,0.020905923344947737,0,Low,1
Male,Yes,3.0,Graduate,No,8750,4996.0,130.0,360.0,1.0,Rural,Y,13746.0,105.73846153846154,0.3611111111111111,0.009457296668121635,10,Low,0
Male,Yes,0.0,Graduate,No,4310,0.0,130.0,360.0,1.0,Semiurban,Y,4310.0,33.15384615384615,0.3611111111111111,0.030162412993039442,10,Low,0
Male,No,0.0,Graduate,No,3069,0.0,71.0,480.0,1.0,Urban,N,3069.0,43.225352112676056,0.14791666666666667,0.023134571521668295,20,Medium,2
Male,Yes,2.0,Graduate,No,5391,0.0,130.0,360.0,1.0,Urban,Y,5391.0,41.46923076923077,0.3611111111111111,0.024114264514932295,10,Low,0
Male,Yes,0.0,Graduate,No,3333,2500.0,128.0,360.0,1.0,Semiurban,Y,5833.0,45.5703125,0.35555555555555557,0.021944111092062405,10,Low,0
Male,No,0.0,Graduate,Yes,7167,0.0,128.0,360.0,1.0,Urban,Y,7167.0,55.9921875,0.35555555555555557,0.017859634435607646,20,Medium,0
Male,Yes,2.0,Graduate,No,4566,0.0,100.0,360.0,1.0,Urban,N,4566.0,45.66,0.2777777777777778,0.021901007446342532,10,Low,0
Male,No,1.0,Graduate,No,3667,0.0,113.0,180.0,1.0,Urban,Y,3667.0,32.45132743362832,0.6277777777777778,0.030815380419961822,0,Low,1
Male,No,0.0,Not Graduate,No,2346,1600.0,132.0,360.0,1.0,Semiurban,Y,3946.0,29.893939393939394,0.36666666666666664,0.03345159655347187,20,Medium,0
Male,Yes,0.0,Graduate,No,2333,2417.0,136.0,360.0,1.0,Urban,Y,4750.0,34.9264705882353,0.37777777777777777,0.02863157894736842,10,Low,0
Male,Yes,0.0,Graduate,No,5488,0.0,125.0,360.0,1.0,Rural,Y,5488.0,43.904,0.3472222222222222,0.022776967930029153,10,Low,0
Male,Yes,0.0,Graduate,No,2583,2115.0,120.0,360.0,1.0,Urban,Y,4698.0,39.15,0.3333333333333333,0.02554278416347382,10,Low,0
Male,Yes,2.0,Not Graduate,No,1993,1625.0,113.0,180.0,1.0,Semiurban,Y,3618.0,32.017699115044245,0.6277777777777778,0.03123272526257601,10,Low,1
Male,Yes,2.0,Graduate,No,3100,1400.0,113.0,360.0,1.0,Urban,Y,4500.0,39.823008849557525,0.3138888888888889,0.025111111111111112,10,Low,0
Male,Yes,2.0,Graduate,No,3276,484.0,135.0,360.0,1.0,Semiurban,Y,3760.0,27.85185185185185,0.375,0.03590425531914894,10,Low,0
Female,No,0.0,Graduate,No,3180,0.0,71.0,360.0,0.0,Urban,N,3180.0,44.7887323943662,0.19722222222222222,0.02232704402515723,40,High,0
Male,Yes,0.0,Graduate,No,3033,1459.0,95.0,360.0,1.0,Urban,Y,4492.0,47.28421052631579,0.2638888888888889,0.021148708815672306,10,Low,0
Male,No,0.0,Not Graduate,No,3902,1666.0,109.0,360.0,1.0,Rural,Y,5568.0,51.08256880733945,0.30277777777777776,0.019576149425287355,20,Medium,0
Female,No,0.0,Graduate,No,1500,1800.0,103.0,360.0,0.0,Semiurban,N,3300.0,32.03883495145631,0.2861111111111111,0.031212121212121212,40,High,0
Male,Yes,2.0,Not Graduate,No,2889,0.0,45.0,180.0,0.0,Urban,N,2889.0,64.2,0.25,0.01557632398753894,40,High,1
Male,No,0.0,Not Graduate,No,2755,0.0,65.0,300.0,1.0,Rural,N,2755.0,42.38461538461539,0.21666666666666667,0.023593466424682397,20,Medium,4
Male,No,0.0,Graduate,No,2500,20000.0,103.0,360.0,1.0,Semiurban,Y,22500.0,218.44660194174756,0.2861111111111111,0.004577777777777778,10,Low,0
Female,No,0.0,Not Graduate,No,1963,0.0,53.0,360.0,1.0,Semiurban,Y,1963.0,37.0377358490566,0.14722222222222223,0.026999490575649515,20,Medium,0
Female,No,0.0,Graduate,No,4547,0.0,115.0,360.0,1.0,Semiurban,Y,4547.0,39.53913043478261,0.3194444444444444,0.025291400923685946,10,Low,0
Male,Yes,0.0,Not Graduate,No,2167,2400.0,115.0,360.0,1.0,Urban,Y,4567.0,39.71304347826087,0.3194444444444444,0.025180643748631486,20,Medium,0
Female,No,0.0,Not Graduate,No,2213,0.0,66.0,360.0,1.0,Rural,Y,2213.0,33.53030303030303,0.18333333333333332,0.0298237686398554,20,Medium,0
Female,No,1.0,Not Graduate,Yes,3867,0.0,62.0,360.0,1.0,Semiurban,N,3867.0,62.37096774193548,0.17222222222222222,0.016033100594776313,30,Medium,0
Male,Yes,0.0,Not Graduate,No,2253,2033.0,110.0,360.0,1.0,Rural,Y,4286.0,38.96363636363636,0.3055555555555556,0.025664955669622024,20,Medium,0
Female,No,0.0,Graduate,No,2995,0.0,60.0,360.0,1.0,Urban,Y,2995.0,49.916666666666664,0.16666666666666666,0.02003338898163606,10,Low,0
Male,Yes,0.0,Graduate,No,1025,2773.0,112.0,360.0,1.0,Rural,Y,3798.0,33.910714285714285,0.3111111111111111,0.02948920484465508,10,Low,0
Male,Yes,0.0,Graduate,No,3246,1417.0,138.0,360.0,1.0,Semiurban,Y,4663.0,33.789855072463766,0.38333333333333336,0.029594681535492173,10,Low,0
Male,Yes,0.0,Graduate,No,5829,0.0,138.0,360.0,1.0,Rural,Y,5829.0,42.23913043478261,0.38333333333333336,0.023674729799279464,10,Low,0
Female,No,0.0,Not Graduate,No,2720,0.0,80.0,180.0,0.0,Urban,N,2720.0,34.0,0.4444444444444444,0.029411764705882353,40,High,1
Male,Yes,0.0,Graduate,No,1820,1719.0,100.0,360.0,1.0,Urban,Y,3539.0,35.39,0.2777777777777778,0.028256569652444195,10,Low,0
Male,Yes,1.0,Graduate,No,7250,1667.0,110.0,360.0,0.0,Urban,N,8917.0,81.06363636363636,0.3055555555555556,0.01233598743972188,40,High,0
Male,Yes,0.0,Graduate,No,2666,4300.0,121.0,360.0,1.0,Rural,Y,6966.0,57.570247933884296,0.33611111111111114,0.01737008326155613,10,Low,0
Female,No,1.0,Not Graduate,No,4606,0.0,81.0,360.0,1.0,Rural,N,4606.0,56.864197530864196,0.225,0.017585757707338254,20,Medium,0
Male,Yes,2.0,Graduate,No,5935,0.0,133.0,360.0,1.0,Semiurban,Y,5935.0,44.62406015037594,0.36944444444444446,0.02240943555181129,10,Low,0
Male,Yes,0.0,Graduate,No,2920,16.12000084,87.0,360.0,1.0,Rural,Y,2936.12000084,33.74850575678161,0.24166666666666667,0.029630941506174818,10,Low,0
Male,No,0.0,Not Graduate,No,2717,0.0,60.0,180.0,1.0,Urban,Y,2717.0,45.28333333333333,0.3333333333333333,0.02208317997791682,10,Low,1
Female,No,1.0,Graduate,Yes,8624,0.0,150.0,360.0,1.0,Semiurban,Y,8624.0,57.49333333333333,0.4166666666666667,0.017393320964749538,20,Medium,0
Male,No,0.0,Graduate,No,6500,0.0,105.0,360.0,0.0,Rural,N,6500.0,61.904761904761905,0.2916666666666667,0.016153846153846154,40,High,0
Male,Yes,0.0,Graduate,No,2425,2340.0,143.0,360.0,1.0,Semiurban,Y,4765.0,33.32167832167832,0.3972222222222222,0.030010493179433367,10,Low,0
Male,No,0.0,Graduate,No,3750,0.0,100.0,360.0,1.0,Urban,Y,3750.0,37.5,0.2777777777777778,0.02666666666666667,10,Low,0
Male,No,0.0,Graduate,No,1926,1851.0,50.0,360.0,1.0,Semiurban,Y,3777.0,75.54,0.1388888888888889,0.013238019592268996,10,Low,0
Female,Yes,0.0,Not Graduate,Yes,7142,0.0,138.0,360.0,1.0,Rural,Y,7142.0,51.7536231884058,0.38333333333333336,0.019322318678241388,30,Medium,0
Male,No,3.0,Not Graduate,No,4707,1993.0,148.0,360.0,1.0,Semiurban,Y,6700.0,45.270270270270274,0.4111111111111111,0.02208955223880597,20,Medium,0
Male,Yes,1.0,Graduate,Yes,3466,1210.0,130.0,360.0,1.0,Rural,Y,4676.0,35.96923076923077,0.3611111111111111,0.027801539777587682,20,Medium,0
Male,Yes,2.0,Not Graduate,No,4652,0.0,110.0,360.0,1.0,Rural,Y,4652.0,42.29090909090909,0.3055555555555556,0.023645743766122097,20,Medium,0
Male,Yes,0.0,Graduate,No,3539,1376.0,55.0,360.0,1.0,Rural,N,4915.0,89.36363636363636,0.1527777777777778,0.011190233977619531,10,Low,0
Male,Yes,2.0,Graduate,No,3340,1710.0,150.0,360.0,0.0,Rural,N,5050.0,33.666666666666664,0.4166666666666667,0.0297029702970297,40,High,0
Male,Yes,2.0,Not Graduate,No,2309,1255.0,125.0,360.0,0.0,Rural,N,3564.0,28.512,0.3472222222222222,0.035072951739618406,50,High,0
Male,Yes,2.0,Not Graduate,No,1958,1456.0,60.0,300.0,1.0,Urban,Y,3414.0,56.9,0.2,0.01757469244288225,20,Medium,4
Male,Yes,0.0,Graduate,No,3948,1733.0,149.0,360.0,0.0,Rural,N,5681.0,38.12751677852349,0.41388888888888886,0.02622777679985918,40,High,0
Male,Yes,0.0,Graduate,No,2483,2466.0,90.0,180.0,0.0,Rural,Y,4949.0,54.98888888888889,0.5,0.018185492018589614,30,Medium,1
Male,No,0.0,Graduate,Yes,7085,0.0,84.0,360.0,1.0,Semiurban,Y,7085.0,84.3452380952381,0.23333333333333334,0.011856033874382499,20,Medium,0
Male,Yes,2.0,Graduate,No,3859,0.0,96.0,360.0,1.0,Semiurban,Y,3859.0,40.197916666666664,0.26666666666666666,0.024876911116869654,10,Low,0
Male,Yes,0.0,Graduate,No,4301,0.0,118.0,360.0,1.0,Urban,Y,4301.0,36.44915254237288,0.3277777777777778,0.027435480120902116,10,Low,0
Male,No,2.0,Graduate,No,4354,0.0,136.0,360.0,1.0,Rural,Y,4354.0,32.01470588235294,0.37777777777777777,0.03123564538355535,10,Low,0
Male,Yes,3.0,Graduate,No,7740,0.0,128.0,180.0,1.0,Urban,Y,7740.0,60.46875,0.7111111111111111,0.016537467700258397,0,Low,1
Female,No,1.0,Not Graduate,Yes,5191,0.0,132.0,360.0,1.0,Semiurban,Y,5191.0,39.32575757575758,0.36666666666666664,0.025428626468888462,30,Medium,0
Male,No,0.0,Graduate,No,4166,0.0,98.0,360.0,0.0,Semiurban,N,4166.0,42.51020408163265,0.2722222222222222,0.023523763802208355,40,High,0
Male,No,0.0,Graduate,No,6000,0.0,140.0,360.0,1.0,Rural,Y,6000.0,42.857142857142854,0.3888888888888889,0.023333333333333334,10,Low,0
Male,Yes,3.0,Not Graduate,No,2947,1664.0,70.0,180.0,0.0,Urban,N,4611.0,65.87142857142857,0.3888888888888889,0.015181088700932552,40,High,1
Female,Yes,2.0,Not Graduate,No,210,2917.0,98.0,360.0,1.0,Semiurban,Y,3127.0,31.908163265306122,0.2722222222222222,0.03133994243684042,20,Medium,0
Male,Yes,0.0,Graduate,No,4333,2451.0,110.0,360.0,1.0,Urban,N,6784.0,61.67272727272727,0.3055555555555556,0.016214622641509434,10,Low,0
Male,Yes,1.0,Not Graduate,No,2653,1500.0,113.0,180.0,0.0,Rural,N,4153.0,36.75221238938053,0.6277777777777778,0.027209246327955693,40,High,1
Male,Yes,3.0,Graduate,No,4691,0.0,100.0,360.0,1.0,Semiurban,Y,4691.0,46.91,0.2777777777777778,0.021317416329140908,10,Low,0
Female,No,0.0,Graduate,Yes,2500,0.0,93.0,360.0,1.0,Urban,Y,2500.0,26.881720430107528,0.25833333333333336,0.0372,20,Medium,0
Female,Yes,2.0,Graduate,No,2873,1872.0,132.0,360.0,0.0,Semiurban,N,4745.0,35.946969696969695,0.36666666666666664,0.027818756585879872,40,High,0
Male,Yes,3.0,Not Graduate,No,3095,0.0,113.0,360.0,1.0,Rural,Y,3095.0,27.38938053097345,0.3138888888888889,0.03651050080775444,20,Medium,0
Male,Yes,0.0,Graduate,No,2083,3150.0,128.0,360.0,1.0,Semiurban,Y,5233.0,40.8828125,0.35555555555555557,0.024460156697878845,10,Low,0
Male,Yes,1.0,Not Graduate,No,1958,2436.0,131.0,360.0,1.0,Rural,Y,4394.0,33.541984732824424,0.3638888888888889,0.029813381884387802,20,Medium,0
Male,No,2.0,Graduate,No,3547,0.0,80.0,360.0,0.0,Rural,N,3547.0,44.3375,0.2222222222222222,0.02255427121511136,40,High,0
Male,No,0.0,Graduate,No,2435,0.0,75.0,360.0,1.0,Urban,N,2435.0,32.46666666666667,0.20833333333333334,0.030800821355236138,10,Low,0
Male,No,0.0,Not Graduate,No,2699,2785.0,96.0,360.0,1.0,Semiurban,Y,5484.0,57.125,0.26666666666666666,0.0175054704595186,20,Medium,0
Male,No,0.0,Not Graduate,No,3691,0.0,110.0,360.0,1.0,Rural,Y,3691.0,33.554545454545455,0.3055555555555556,0.029802221620157138,20,Medium,0
Male,Yes,0.0,Graduate,No,3597,2157.0,119.0,360.0,0.0,Rural,N,5754.0,48.35294117647059,0.33055555555555555,0.02068126520681265,40,High,0
Female,Yes,1.0,Graduate,No,3326,913.0,105.0,84.0,1.0,Semiurban,Y,4239.0,40.371428571428574,1.25,0.024769992922859165,0,Low,3
Male,Yes,0.0,Not Graduate,No,2600,1700.0,107.0,360.0,1.0,Rural,Y,4300.0,40.18691588785047,0.2972222222222222,0.02488372093023256,20,Medium,0
Male,Yes,0.0,Graduate,No,4625,2857.0,111.0,12.0,1.0,Urban,Y,7482.0,67.4054054054054,9.25,0.01483560545308741,0,Low,3
Male,Yes,1.0,Graduate,Yes,2895,0.0,95.0,360.0,1.0,Semiurban,Y,2895.0,30.473684210526315,0.2638888888888889,0.03281519861830743,20,Medium,0
Female,No,0.0,Graduate,No,645,3683.0,113.0,480.0,1.0,Rural,Y,4328.0,38.30088495575221,0.23541666666666666,0.0261090573012939,20,Medium,2
Female,No,0.0,Graduate,No,3159,0.0,100.0,360.0,1.0,Semiurban,Y,3159.0,31.59,0.2777777777777778,0.03165558721114277,10,Low,0
Male,Yes,1.0,Not Graduate,No,4050,5302.0,138.0,360.0,0.0,Rural,N,9352.0,67.76811594202898,0.38333333333333336,0.014756201881950384,50,High,0
Male,Yes,0.0,Not Graduate,No,3814,1483.0,124.0,300.0,1.0,Semiurban,Y,5297.0,42.71774193548387,0.41333333333333333,0.0234094770624882,20,Medium,4
Male,No,0.0,Graduate,No,3583,0.0,96.0,360.0,1.0,Urban,N,3583.0,37.322916666666664,0.26666666666666666,0.026793190064192018,10,Low,0
Male,No,0.0,Not Graduate,No,3598,1287.0,100.0,360.0,1.0,Rural,N,4885.0,48.85,0.2777777777777778,0.02047082906857728,20,Medium,0
Male,Yes,2.0,Graduate,No,3283,2035.0,148.0,360.0,1.0,Urban,Y,5318.0,35.932432432432435,0.4111111111111111,0.027830011282437006,10,Low,0
Male,Yes,0.0,Graduate,No,2130,6666.0,70.0,180.0,1.0,Semiurban,N,8796.0,125.65714285714286,0.3888888888888889,0.007958162801273306,0,Low,1
Male,Yes,3.0,Graduate,No,3466,3428.0,150.0,360.0,1.0,Rural,Y,6894.0,45.96,0.4166666666666667,0.02175805047867711,10,Low,0
Female,Yes,2.0,Graduate,No,2031,1632.0,113.0,480.0,1.0,Semiurban,Y,3663.0,32.415929203539825,0.23541666666666666,0.03084903084903085,20,Medium,2
Male,Yes,3.0,Not Graduate,No,3074,1800.0,123.0,360.0,0.0,Semiurban,N,4874.0,39.6260162601626,0.3416666666666667,0.025235945835043086,50,High,0
Female,No,0.0,Not Graduate,No,3400,0.0,95.0,360.0,1.0,Rural,N,3400.0,35.78947368421053,0.2638888888888889,0.027941176470588237,20,Medium,0
Male,Yes,2.0,Not Graduate,No,2192,1742.0,45.0,360.0,1.0,Semiurban,Y,3934.0,87.42222222222222,0.125,0.011438739196746314,20,Medium,0
Male,No,0.0,Graduate,No,2500,0.0,55.0,360.0,1.0,Semiurban,Y,2500.0,45.45454545454545,0.1527777777777778,0.022,10,Low,0
Male,Yes,3.0,Graduate,Yes,5677,1424.0,100.0,360.0,1.0,Rural,Y,7101.0,71.01,0.2777777777777778,0.01408252358822701,20,Medium,0
Male,Yes,0.0,Graduate,No,3775,0.0,110.0,360.0,1.0,Semiurban,Y,3775.0,34.31818181818182,0.3055555555555556,0.02913907284768212,10,Low,0
Male,No,1.0,Not Graduate,No,2679,1302.0,94.0,360.0,1.0,Semiurban,Y,3981.0,42.351063829787236,0.2611111111111111,0.02361215774930922,20,Medium,0
Male,No,0.0,Not Graduate,No,6783,0.0,130.0,360.0,1.0,Semiurban,Y,6783.0,52.176923076923075,0.3611111111111111,0.019165560961226596,20,Medium,0
Male,Yes,3.0,Graduate,No,4281,0.0,100.0,360.0,1.0,Urban,Y,4281.0,42.81,0.2777777777777778,0.023359028264424198,10,Low,0
Male,No,2.0,Graduate,No,3588,0.0,110.0,360.0,0.0,Rural,N,3588.0,32.61818181818182,0.3055555555555556,0.030657748049052396,40,High,0
Male,No,0.0,Not Graduate,No,2550,2042.0,126.0,360.0,1.0,Rural,Y,4592.0,36.44444444444444,0.35,0.027439024390243903,20,Medium,0
Male,No,2.0,Graduate,No,3617,0.0,107.0,360.0,1.0,Semiurban,Y,3617.0,33.80373831775701,0.2972222222222222,0.029582526956040918,10,Low,0
Male,Yes,0.0,Not Graduate,No,2917,536.0,66.0,360.0,1.0,Rural,N,3453.0,52.31818181818182,0.18333333333333332,0.019113814074717638,20,Medium,0
Female,Yes,1.0,Graduate,No,4608,2845.0,140.0,180.0,1.0,Semiurban,Y,7453.0,53.23571428571429,0.7777777777777778,0.018784382128002146,0,Low,1
Female,No,0.0,Graduate,No,2138,0.0,99.0,360.0,0.0,Semiurban,N,2138.0,21.595959595959595,0.275,0.04630495790458372,40,High,0
Female,No,1.0,Graduate,No,3652,0.0,95.0,360.0,1.0,Semiurban,Y,3652.0,38.44210526315789,0.2638888888888889,0.026013143483023003,10,Low,0
Male,Yes,1.0,Not Graduate,No,2239,2524.0,128.0,360.0,1.0,Urban,Y,4763.0,37.2109375,0.35555555555555557,0.026873819021625025,20,Medium,0
Female,Yes,0.0,Not Graduate,No,3017,663.0,102.0,360.0,1.0,Semiurban,Y,3680.0,36.07843137254902,0.2833333333333333,0.027717391304347826,20,Medium,0
Male,No,0.0,Not Graduate,No,3358,0.0,80.0,36.0,1.0,Semiurban,N,3358.0,41.975,2.2222222222222223,0.023823704586063133,10,Low,3
Male,No,0.0,Graduate,No,2526,1783.0,145.0,360.0,1.0,Rural,Y,4309.0,29.717241379310344,0.4027777777777778,0.03365049895567417,10,Low,0
Female,No,0.0,Graduate,No,5000,0.0,103.0,360.0,0.0,Semiurban,N,5000.0,48.54368932038835,0.2861111111111111,0.0206,40,High,0
Male,Yes,0.0,Graduate,No,2785,2016.0,110.0,360.0,1.0,Rural,Y,4801.0,43.64545454545455,0.3055555555555556,0.022911893355550928,10,Low,0
Male,Yes,0.0,Graduate,No,3593,4266.0,132.0,180.0,0.0,Rural,N,7859.0,59.53787878787879,0.7333333333333333,0.01679603002926581,30,Medium,1
Male,Yes,1.0,Graduate,No,5468,1032.0,26.0,360.0,1.0,Semiurban,Y,6500.0,250.0,0.07222222222222222,0.004,10,Low,0
Female,No,0.0,Graduate,No,2667,1625.0,84.0,360.0,1.0,Urban,Y,4292.0,51.095238095238095,0.23333333333333334,0.0195712954333644,10,Low,0
Male,Yes,2.0,Not Graduate,No,3675,242.0,108.0,360.0,1.0,Semiurban,Y,3917.0,36.26851851851852,0.3,0.027572121521572634,20,Medium,0
Male,No,0.0,Not Graduate,Yes,5800,0.0,132.0,360.0,1.0,Semiurban,Y,5800.0,43.93939393939394,0.36666666666666664,0.022758620689655173,30,Medium,0
Male,Yes,0.0,Not Graduate,No,4467,0.0,120.0,360.0,1.0,Rural,Y,4467.0,37.225,0.3333333333333333,0.026863666890530557,20,Medium,0
Male,No,0.0,Graduate,No,3333,0.0,70.0,360.0,1.0,Urban,Y,3333.0,47.614285714285714,0.19444444444444445,0.021002100210021003,10,Low,0
Male,Yes,3.0,Graduate,No,3400,2500.0,123.0,360.0,0.0,Rural,N,5900.0,47.96747967479675,0.3416666666666667,0.020847457627118645,40,High,0
Female,No,0.0,Graduate,No,2378,0.0,9.0,360.0,1.0,Urban,N,2378.0,264.22222222222223,0.025,0.0037846930193439865,10,Low,0
Male,Yes,0.0,Graduate,No,3166,2064.0,104.0,360.0,0.0,Urban,N,5230.0,50.28846153846154,0.28888888888888886,0.01988527724665392,40,High,0
Male,Yes,3.0,Graduate,No,6406,0.0,150.0,360.0,1.0,Semiurban,N,6406.0,42.70666666666666,0.4166666666666667,0.023415547923821417,10,Low,0
Male,Yes,2.0,Graduate,No,3159,461.0,108.0,84.0,1.0,Urban,Y,3620.0,33.51851851851852,1.2857142857142858,0.02983425414364641,0,Low,3
Female,Yes,0.0,Graduate,No,3087,2210.0,136.0,360.0,0.0,Semiurban,N,5297.0,38.9485294117647,0.37777777777777777,0.02567491032659996,40,High,0
Male,No,0.0,Graduate,No,3229,2739.0,110.0,360.0,1.0,Urban,Y,5968.0,54.25454545454546,0.3055555555555556,0.018431635388739945,10,Low,0
Male,Yes,1.0,Graduate,No,1782,2232.0,107.0,360.0,1.0,Rural,Y,4014.0,37.51401869158879,0.2972222222222222,0.02665670154459392,10,Low,0
Male,No,0.0,Graduate,No,1836,33837.0,90.0,360.0,1.0,Urban,N,35673.0,396.3666666666667,0.25,0.0025229164914641325,10,Low,0
Female,Yes,0.0,Graduate,No,3166,0.0,36.0,360.0,1.0,Semiurban,Y,3166.0,87.94444444444444,0.1,0.011370814908401769,10,Low,0
Male,Yes,1.0,Graduate,No,1880,0.0,61.0,360.0,0.0,Rural,N,1880.0,30.81967213114754,0.16944444444444445,0.032446808510638296,40,High,0
Male,Yes,1.0,Graduate,No,2787,1917.0,146.0,360.0,0.0,Rural,N,4704.0,32.21917808219178,0.40555555555555556,0.031037414965986394,40,High,0
Male,Yes,0.0,Graduate,No,2297,1522.0,104.0,360.0,1.0,Urban,Y,3819.0,36.72115384615385,0.28888888888888886,0.027232259753862266,10,Low,0
Female,No,0.0,Not Graduate,No,2165,0.0,70.0,360.0,1.0,Semiurban,Y,2165.0,30.928571428571427,0.19444444444444445,0.03233256351039261,20,Medium,0
Male,No,0.0,Graduate,No,4750,0.0,94.0,360.0,1.0,Semiurban,Y,4750.0,50.53191489361702,0.2611111111111111,0.019789473684210527,10,Low,0
Male,Yes,2.0,Graduate,Yes,2726,0.0,106.0,360.0,0.0,Semiurban,N,2726.0,25.71698113207547,0.29444444444444445,0.03888481291269259,50,High,0
Male,Yes,0.0,Graduate,No,3000,3416.0,56.0,180.0,1.0,Semiurban,Y,6416.0,114.57142857142857,0.3111111111111111,0.008728179551122194,0,Low,1
Male,Yes,0.0,Graduate,No,3859,3300.0,142.0,180.0,1.0,Rural,Y,7159.0,50.41549295774648,0.7888888888888889,0.019835172510127112,0,Low,1
Male,No,0.0,Not Graduate,No,3833,0.0,110.0,360.0,1.0,Rural,Y,3833.0,34.845454545454544,0.3055555555555556,0.02869814766501435,20,Medium,0
Male,No,0.0,Graduate,No,2987,0.0,88.0,360.0,0.0,Semiurban,N,2987.0,33.94318181818182,0.24444444444444444,0.02946099765651155,40,High,0
Male,Yes,3.0,Graduate,No,5703,0.0,128.0,360.0,1.0,Urban,Y,5703.0,44.5546875,0.35555555555555557,0.02244432754690514,10,Low,0
Male,Yes,0.0,Graduate,No,3232,1950.0,108.0,360.0,1.0,Rural,Y,5182.0,47.98148148148148,0.3,0.020841373986877652,10,Low,0
Female,No,0.0,Graduate,No,2900,0.0,71.0,360.0,1.0,Rural,Y,2900.0,40.84507042253521,0.19722222222222222,0.024482758620689656,10,Low,0
Male,Yes,3.0,Graduate,No,4106,0.0,40.0,180.0,1.0,Rural,Y,4106.0,102.65,0.2222222222222222,0.00974184120798831,0,Low,1
Female,No,0.0,Graduate,Yes,4583,0.0,133.0,360.0,0.0,Semiurban,N,4583.0,34.45864661654135,0.36944444444444446,0.02902029238490072,50,High,0
