,Gender_Female,Gender_Male,Married_No,Married_Yes,Education_Graduate,Education_Not Graduate,Self_Employed_No,Self_Employed_Yes,Property_Area_Rural,Property_Area_Semiurban,Property_Area_Urban,Risk_Loan,Dependents,Cluster_Label,Credit_History,ApplicantIncome,CoapplicantIncome,LoanAmount,Loan_Amount_Term,Total_Income,Income_Loan_Ratio ,Loan_Amount_Per_Year,Debt_To_Income_Ratio,Risk_Score,Loan_Status
0,0.0,1.0,0.0,1.0,1.0,0.0,1.0,0.0,1.0,0.0,0.0,1.0,1,0,1,0.740521327014218,0.2604166666666667,0.4864864864864865,0.0,0.8120915032679739,0.3398903810344193,0.38461538461538447,-0.31367252485141695,0.0,0
1,0.0,1.0,0.0,1.0,1.0,0.0,0.0,1.0,0.0,0.0,1.0,2.0,0,0,1,-0.19727488151658767,-0.48759920634920634,-1.1891891891891893,0.0,-0.8714596949891068,0.20150315335680596,-1.205128205128206,-0.1946797424990869,1.0,1
2,0.0,1.0,0.0,1.0,0.0,1.0,1.0,0.0,0.0,0.0,1.0,2.0,0,0,1,-0.4443127962085308,0.6820436507936508,0.2702702702702703,0.0,0.18572984749455337,-0.0763595854283413,0.17948717948717946,0.08144157979057284,1.0,1
3,0.0,1.0,1.0,0.0,1.0,0.0,1.0,0.0,0.0,0.0,1.0,1.0,0,0,1,1.5799763033175356,-0.48759920634920634,0.8378378378378378,0.0,0.7625272331154684,0.013123764117036618,0.7179487179487178,-0.013543861798976072,0.0,1
4,0.0,1.0,0.0,1.0,0.0,1.0,1.0,0.0,0.0,0.0,1.0,2.0,0,0,1,-0.5924170616113744,0.26438492063492064,-0.40540540540540543,0.0,-0.409041394335512,-0.1191608698693214,-0.4615384615384617,0.1291592737971799,1.0,1
5,0.0,1.0,0.0,1.0,1.0,0.0,1.0,0.0,0.0,0.0,1.0,1.0,2,0,1,-0.07879146919431279,-0.14037698412698413,-1.0810810810810811,0.0,-0.3812636165577342,0.8676485554970577,-1.1025641025641035,-0.683901437381443,0.0,1
6,0.0,1.0,0.0,1.0,1.0,0.0,1.0,0.0,0.0,0.0,1.0,1.0,2,0,1,-0.4934834123222749,0.42509920634920634,-0.02702702702702703,0.0,-0.14161220043572983,-0.16456351055303825,-0.10256410256410327,0.18150414491495712,0.0,1
7,0.0,1.0,1.0,0.0,1.0,0.0,1.0,0.0,1.0,0.0,0.0,1.0,0,0,1,-0.8767772511848341,0.9211309523809523,0.10810810810810811,0.0,0.05065359477124183,-0.07690065289632485,0.02564102564102505,0.08203526013589975,0.0,0
8,0.0,1.0,0.0,1.0,1.0,0.0,1.0,0.0,0.0,0.0,1.0,1.0,2,3,1,-1.2049763033175356,0.05109126984126984,-2.5135135135135136,-240.0,-1.2064270152505447,6.359256016253415,-1.589743589743591,-1.9905957979660138,-1.0,1
9,0.0,1.0,1.0,0.0,1.0,0.0,1.0,0.0,0.0,0.0,1.0,1.0,0,0,1,0.9579383886255924,-0.48759920634920634,0.40540540540540543,0.0,0.1906318082788671,-0.17862133687714982,0.30769230769230776,0.19808627491124792,0.0,1
10,0.0,1.0,1.0,0.0,0.0,1.0,1.0,0.0,0.0,0.0,1.0,2.0,1,4,1,0.15580568720379148,-0.48759920634920634,-0.2702702702702703,-120.0,-0.5468409586056645,-0.41495960689217465,0.9487179487179493,0.5067600565487176,1.0,1
11,1.0,0.0,1.0,0.0,1.0,0.0,1.0,0.0,0.0,0.0,1.0,0.0,0,0,0,0.10485781990521327,-0.48759920634920634,-0.918918918918919,0.0,-0.593681917211329,0.24887891729982511,-0.9487179487179491,-0.23665234923302175,3.0,0
12,0.0,1.0,0.0,1.0,0.0,1.0,1.0,0.0,1.0,0.0,0.0,2.0,0,0,1,0.9206161137440758,-0.48759920634920634,0.6216216216216216,0.0,0.15631808278867101,-0.3640325468079652,0.5128205128205128,0.43507662548713366,1.0,0
13,0.0,1.0,0.0,1.0,1.0,0.0,1.0,0.0,0.0,0.0,1.0,1.0,0,0,1,-0.43424170616113744,1.2485119047619047,0.13513513513513514,0.0,0.8169934640522876,0.69423811234222,0.05128205128205113,-0.574768147902603,0.0,1
14,0.0,1.0,0.0,1.0,0.0,1.0,1.0,0.0,0.0,0.0,1.0,0.0,0,0,0,2.563388625592417,-0.48759920634920634,-0.16216216216216217,0.0,1.6666666666666667,2.0324300607486214,-0.2307692307692316,-1.2118152536192925,4.0,0
15,0.0,1.0,0.0,1.0,0.0,1.0,1.0,0.0,0.0,1.0,0.0,0.0,0,0,0,-0.43424170616113744,0.4603174603174603,0.16216216216216217,0.0,-0.04847494553376906,-0.22485461914136212,0.07692307692307669,0.25392368449750624,4.0,0
16,1.0,0.0,0.0,1.0,0.0,1.0,1.0,0.0,1.0,0.0,0.0,0.0,2,0,0,0.018957345971563982,0.4632936507936508,0.05405405405405406,0.0,0.37145969498910675,0.3122814472886737,-0.025641025641025564,-0.2907917256447812,4.0,0
17,0.0,1.0,0.0,1.0,1.0,0.0,1.0,0.0,0.0,1.0,0.0,1.0,0,0,1,-0.31635071090047395,0.6299603174603174,0.32432432432432434,0.0,0.24618736383442266,-0.061112126781407074,0.2307692307692311,0.06480971657723819,0.0,1
18,0.0,1.0,0.0,1.0,0.0,1.0,1.0,0.0,0.0,0.0,1.0,2.0,2,0,1,0.5290284360189573,0.028273809523809524,0.0,0.0,0.3627450980392157,0.35851109497517974,-0.07692307692307669,-0.32887485249492443,1.0,1
19,0.0,1.0,1.0,0.0,0.0,1.0,1.0,0.0,0.0,0.0,1.0,2.0,0,0,1,-1.120260663507109,-0.48759920634920634,-2.027027027027027,0.0,-1.7200435729847494,-0.07473638302439158,-2.000000000000001,0.07966197972631475,1.0,0
20,1.0,0.0,1.0,0.0,1.0,0.0,1.0,0.0,0.0,1.0,0.0,1.0,2,0,1,0.24703791469194314,0.5456349206349206,0.2702702702702703,0.0,0.6715686274509803,0.4062725960125974,0.17948717948717946,-0.3670481455745909,0.0,1
21,0.0,1.0,1.0,0.0,1.0,0.0,1.0,0.0,0.0,0.0,1.0,1.0,0,0,1,-0.09834123222748815,-0.48759920634920634,-0.972972972972973,0.0,-0.7805010893246187,0.028973089487398948,-1.000000000000001,-0.029729985650622497,0.0,0
22,0.0,1.0,1.0,0.0,1.0,0.0,0.0,1.0,1.0,0.0,0.0,2.0,1,0,1,0.8050947867298578,-0.48759920634920634,-0.10810810810810811,0.0,0.05010893246187364,0.12421310407098454,-0.17948717948717996,-0.12323427435139866,1.0,0
23,0.0,1.0,0.0,1.0,1.0,0.0,1.0,0.0,0.0,1.0,0.0,1.0,0,0,1,0.09893364928909952,0.3392857142857143,0.10810810810810811,0.0,0.3088235294117647,0.193063536392093,0.02564102564102505,-0.18706084086587568,0.0,1
24,0.0,1.0,0.0,1.0,1.0,0.0,1.0,0.0,0.0,0.0,1.0,2.0,0,1,0,-0.8915876777251185,0.17212301587301587,-0.2702702702702703,-180.0,-0.7854030501089324,-0.6993446680641002,2.230769230769232,0.9725129158268925,2.0,0
25,1.0,0.0,0.0,1.0,1.0,0.0,1.0,0.0,0.0,1.0,0.0,1.0,0,0,1,0.19786729857819904,0.2361111111111111,0.918918918918919,0.0,0.28649237472766886,-0.4385140773317064,0.7948717948717955,0.5409830592310526,0.0,1
26,0.0,1.0,1.0,0.0,0.0,1.0,1.0,0.0,0.0,1.0,0.0,2.0,0,0,1,0.24585308056872038,0.33978174603174605,0.0,0.0,0.4444444444444444,0.4470494079178711,-0.07692307692307669,-0.3987363131745532,1.0,1
27,0.0,1.0,1.0,0.0,1.0,0.0,1.0,0.0,0.0,0.0,1.0,1.0,0,0,1,0.15817535545023698,-0.48759920634920634,-0.8108108108108109,0.0,-0.5446623093681917,0.17199038237590883,-0.8461538461538466,-0.1678447972101843,0.0,0
28,0.0,1.0,1.0,0.0,1.0,0.0,1.0,0.0,0.0,0.0,1.0,1.0,0,0,1,-0.908175355450237,0.11408730158730158,-1.7027027027027026,0.0,-0.8643790849673203,1.4125314536495366,-1.6923076923076934,-0.9676383873010198,0.0,1
29,0.0,1.0,0.0,1.0,1.0,0.0,1.0,0.0,0.0,0.0,1.0,1.0,0,0,1,-0.5527251184834123,-0.48759920634920634,-0.9459459459459459,0.0,-1.198257080610022,-0.6720748676777512,-0.9743589743589752,0.9223248551515958,0.0,1
30,0.0,1.0,0.0,1.0,1.0,0.0,1.0,0.0,0.0,1.0,0.0,1.0,0,0,1,0.36018957345971564,0.6711309523809523,0.6486486486486487,0.0,0.9133986928104575,0.2916712760402344,0.5384615384615383,-0.2734403282976491,0.0,1
31,0.0,1.0,0.0,1.0,0.0,1.0,0.0,1.0,0.0,0.0,1.0,2.0,0,1,1,0.806872037914692,-0.48759920634920634,-0.3783783783783784,-180.0,0.051742919389978215,0.42561575799299417,2.0256410256410264,-0.38218142092348534,1.0,1
32,1.0,0.0,1.0,0.0,1.0,0.0,1.0,0.0,0.0,0.0,1.0,1.0,0,1,1,0.04561611374407583,-0.48759920634920634,-0.5945945945945946,-180.0,-0.6481481481481481,-0.23381021861142767,1.615384615384616,0.2649769009979654,-1.0,1
33,0.0,1.0,0.0,1.0,1.0,0.0,1.0,0.0,0.0,0.0,1.0,1.0,1,0,1,1.372037914691943,-0.48759920634920634,-1.7837837837837838,0.0,0.5713507625272332,5.586108218821499,-1.7692307692307703,-1.9107623802336113,0.0,1
34,0.0,1.0,0.0,1.0,1.0,0.0,1.0,0.0,0.0,0.0,1.0,1.0,0,0,1,1.4739336492890995,-0.48759920634920634,0.918918918918919,0.0,0.6650326797385621,-0.12514583545815136,0.7948717948717955,0.13595573440618172,0.0,1
35,1.0,0.0,0.0,1.0,1.0,0.0,1.0,0.0,0.0,0.0,1.0,0.0,0,0,0,-0.4075829383886256,1.21875,0.2702702702702703,0.0,0.8088235294117647,0.5426215979443431,0.17948717948717946,-0.46993086989548366,3.0,0
36,1.0,0.0,1.0,0.0,1.0,0.0,1.0,0.0,0.0,1.0,0.0,1.0,0,0,1,0.39514218009478674,0.6408730158730159,0.918918918918919,0.0,0.9123093681917211,0.07955802326212642,0.7948717948717955,-0.08017684845758745,0.0,1
37,1.0,0.0,0.0,1.0,0.0,1.0,1.0,0.0,0.0,1.0,0.0,2.0,0,0,1,-0.832345971563981,0.32787698412698413,-0.2702702702702703,0.0,-0.5599128540305011,-0.4305423499700885,-0.3333333333333333,0.5293228743492804,1.0,1
38,1.0,0.0,1.0,0.0,1.0,0.0,1.0,0.0,0.0,1.0,0.0,1.0,0,0,1,-0.14632701421800948,-0.48759920634920634,0.2702702702702703,0.0,-0.8246187363834423,-1.0800397385370202,0.17948717948717946,1.84434131421323,0.0,1
39,1.0,0.0,1.0,0.0,1.0,0.0,1.0,0.0,0.0,1.0,0.0,1.0,0,0,1,0.5313981042654028,-0.48759920634920634,0.05405405405405406,0.0,-0.20152505446623092,-0.29757888448086606,-0.025641025641025564,0.3460158572582063,0.0,0
40,0.0,1.0,0.0,1.0,1.0,0.0,1.0,0.0,0.0,0.0,1.0,1.0,2,0,1,0.7600710900473934,-0.48759920634920634,0.6486486486486487,0.0,0.008714596949891068,-0.513146393500024,0.5384615384615383,0.654178873468149,0.0,0
41,0.0,1.0,0.0,1.0,1.0,0.0,1.0,0.0,0.0,1.0,0.0,1.0,2,0,1,-0.370260663507109,0.09126984126984126,-0.35135135135135137,0.0,-0.394880174291939,-0.15599690749426853,-0.410256410256411,0.17148741418500432,0.0,1
42,0.0,1.0,0.0,1.0,1.0,0.0,1.0,0.0,0.0,1.0,0.0,1.0,0,0,1,-0.7114928909952607,0.30158730158730157,-0.3783783783783784,0.0,-0.47766884531590414,-0.231781215606491,-0.4358974358974366,0.26246576785767917,0.0,1
43,0.0,1.0,0.0,1.0,1.0,0.0,1.0,0.0,1.0,0.0,0.0,1.0,0,0,1,0.019549763033175356,0.6036706349206349,0.6756756756756757,0.0,0.5261437908496732,-0.07281258758267416,0.5641025641025644,0.07755561874476648,0.0,0
44,0.0,1.0,0.0,1.0,0.0,1.0,1.0,0.0,0.0,0.0,1.0,2.0,2,0,1,0.014218009478672985,0.9305555555555556,0.918918918918919,0.0,0.8801742919389978,0.05295553941962284,0.7948717948717955,-0.05387398710286983,1.0,1
45,0.0,1.0,0.0,1.0,1.0,0.0,1.0,0.0,0.0,0.0,1.0,1.0,0,0,1,-0.4934834123222749,1.3953373015873016,0.2702702702702703,0.0,0.9237472766884531,0.6567868336887803,0.17948717948717946,-0.5497398254639906,0.0,1
46,0.0,1.0,0.0,1.0,1.0,0.0,1.0,0.0,0.0,0.0,1.0,1.0,3,0,1,-0.18009478672985782,-0.48759920634920634,-0.2972972972972973,0.0,-0.8556644880174292,-0.763236538040967,-0.3589743589743589,1.0954972952948991,0.0,1
47,1.0,0.0,1.0,0.0,1.0,0.0,1.0,0.0,0.0,1.0,0.0,0.0,0,0,0,0.4934834123222749,-0.48759920634920634,0.16216216216216217,0.0,-0.23638344226579522,-0.4179597327146465,0.07692307692307669,0.5110806068826151,3.0,0
48,0.0,1.0,1.0,0.0,0.0,1.0,1.0,0.0,0.0,0.0,1.0,0.0,0,1,0,-0.07879146919431279,0.6304563492063492,0.43243243243243246,-180.0,0.4651416122004357,0.06068507467652504,3.5641025641025657,-0.0615677861650122,3.0,0
49,0.0,1.0,0.0,1.0,0.0,1.0,0.0,1.0,0.0,0.0,1.0,2.0,3,3,1,2.2316350710900474,-0.48759920634920634,0.40540540540540543,-300.0,1.3616557734204793,0.93814191704,16.33333333333334,-0.7253313366627916,1.0,1
50,1.0,0.0,1.0,0.0,1.0,0.0,1.0,0.0,0.0,1.0,0.0,0.0,0,0,0,0.5728672985781991,-0.48759920634920634,0.7027027027027027,0.0,-0.16339869281045752,-0.6969003162087412,0.5897435897435894,0.9679598638551016,3.0,0
51,0.0,1.0,0.0,1.0,0.0,1.0,0.0,1.0,0.0,1.0,0.0,2.0,2,0,1,-0.8637440758293838,0.44246031746031744,-0.35135135135135137,0.0,-0.46296296296296297,-0.23966713450196672,-0.410256410256411,0.2722483055278572,2.0,1
52,0.0,1.0,1.0,0.0,1.0,0.0,1.0,0.0,0.0,1.0,0.0,1.0,0,4,1,0.09893364928909952,-0.48759920634920634,-0.7837837837837838,-60.0,-0.599128540305011,0.05576107443879494,-0.40512820512820513,-0.056671452441864695,0.0,1
53,0.0,1.0,0.0,1.0,0.0,1.0,1.0,0.0,0.0,1.0,0.0,0.0,3,1,0,0.8424170616113744,-0.48759920634920634,-0.40540540540540543,-180.0,0.08442265795206971,0.5000481313846189,1.9743589743589756,-0.43873383482690137,3.0,0
54,0.0,1.0,1.0,0.0,1.0,0.0,1.0,0.0,0.0,0.0,1.0,2.0,0,2,1,0.24703791469194314,-0.48759920634920634,0.08108108108108109,120.0,-0.46296296296296297,-0.5950804881629858,-0.7243589743589752,0.7874792550748427,1.0,0
55,0.0,1.0,0.0,1.0,1.0,0.0,0.0,1.0,0.0,0.0,1.0,2.0,1,0,1,-1.3821090047393365,1.0114087301587302,0.0,0.0,-0.3148148148148148,-0.37576664702954327,-0.07692307692307669,0.45132052422452135,1.0,0
56,0.0,1.0,0.0,1.0,0.0,1.0,0.0,1.0,0.0,1.0,0.0,2.0,3,0,1,0.0,0.5868055555555556,0.5405405405405406,0.0,0.48965141612200436,-0.003315477250620724,0.43589743589743607,0.00344208761260852,2.0,1
57,1.0,0.0,1.0,0.0,1.0,0.0,1.0,0.0,0.0,1.0,0.0,1.0,0,0,1,0.30390995260663506,-0.48759920634920634,0.02702702702702703,0.0,-0.4106753812636166,-0.5001031535296044,-0.051282051282051634,0.6338544263195105,0.0,1
58,0.0,1.0,0.0,1.0,1.0,0.0,1.0,0.0,0.0,0.0,1.0,1.0,1,4,1,0.38803317535545023,-0.48759920634920634,-1.6216216216216217,-120.0,-0.3333333333333333,2.4288910048270798,-0.9743589743589752,-1.3373316305130303,0.0,1
59,0.0,1.0,1.0,0.0,1.0,0.0,1.0,0.0,0.0,1.0,0.0,1.0,0,0,1,-0.5728672985781991,0.7678571428571429,0.7027027027027027,0.0,0.16176470588235295,-0.4118850705741059,0.5897435897435894,0.5023438507034529,0.0,1
60,0.0,1.0,0.0,1.0,0.0,1.0,1.0,0.0,0.0,1.0,0.0,2.0,2,0,1,0.0,0.5044642857142857,-0.2972972972972973,0.0,0.39923747276688454,0.74781733618097,-0.3589743589743589,-0.6096426963974839,1.0,1
61,0.0,1.0,0.0,1.0,1.0,0.0,1.0,0.0,0.0,1.0,0.0,1.0,0,0,1,-0.4934834123222749,0.5629960317460317,-0.16216216216216217,0.0,0.00980392156862745,0.13328324812788594,-0.2307692307692316,-0.13181693649316278,0.0,1
62,0.0,1.0,0.0,1.0,1.0,0.0,1.0,0.0,0.0,1.0,0.0,1.0,0,0,1,-0.2221563981042654,0.9508928571428571,0.5675675675675675,0.0,0.6851851851851852,0.15365191246869522,0.4615384615384617,-0.15089544631074547,0.0,1
63,0.0,1.0,0.0,1.0,0.0,1.0,1.0,0.0,0.0,0.0,1.0,2.0,2,0,1,-0.035545023696682464,0.41517857142857145,-0.7837837837837838,0.0,0.26851851851851855,1.3326802988789475,-0.8205128205128208,-0.9307939583791451,1.0,1
64,0.0,1.0,1.0,0.0,1.0,0.0,1.0,0.0,0.0,1.0,0.0,1.0,0,0,1,0.47393364928909953,-0.48759920634920634,0.32432432432432434,0.0,-0.25435729847494554,-0.5502016380041774,0.2307692307692311,0.7132348243006871,0.0,1
65,0.0,1.0,1.0,0.0,0.0,1.0,1.0,0.0,0.0,1.0,0.0,1.0,0,3,1,0.17002369668246445,-0.48759920634920634,-2.2972972972972974,-240.0,-0.5337690631808278,6.651814378941698,-0.9743589743589752,-2.017380391017339,0.0,1
66,1.0,0.0,0.0,1.0,1.0,0.0,1.0,0.0,0.0,1.0,0.0,1.0,0,0,1,-0.5029620853080569,0.654265873015873,0.7297297297297297,0.0,0.10130718954248366,-0.4815559285864703,0.615384615384615,0.6053559874408844,0.0,1
67,0.0,1.0,0.0,1.0,1.0,0.0,1.0,0.0,0.0,1.0,0.0,1.0,0,0,1,-0.8033175355450237,0.006944444444444444,-1.6216216216216217,0.0,-0.8856209150326797,1.1121492147433698,-1.615384615384616,-0.821123223207753,0.0,1
68,0.0,1.0,0.0,1.0,0.0,1.0,1.0,0.0,0.0,1.0,0.0,1.0,0,1,1,0.5065165876777251,-0.48759920634920634,0.13513513513513514,-180.0,-0.22440087145969498,-0.3852620603016581,3.000000000000001,0.4645833546558444,0.0,1
69,0.0,1.0,0.0,1.0,1.0,0.0,1.0,0.0,0.0,1.0,0.0,1.0,0,0,1,-0.9324644549763034,1.2688492063492063,0.5675675675675675,0.0,0.3812636165577342,-0.12291203910496454,0.4615384615384617,0.13341543763695432,0.0,1
70,0.0,1.0,0.0,1.0,0.0,1.0,1.0,0.0,0.0,0.0,1.0,1.0,2,1,1,0.5657582938388626,1.130952380952381,0.6216216216216216,-180.0,1.6072984749455337,0.9364821010479922,3.9230769230769256,-0.7243740558835513,0.0,1
71,0.0,1.0,0.0,1.0,1.0,0.0,1.0,0.0,0.0,0.0,1.0,1.0,1,0,1,-0.16646919431279622,0.023313492063492064,-0.2702702702702703,0.0,-0.2821350762527233,-0.09940905956442181,-0.3333333333333333,0.10694714621858399,0.0,1
72,0.0,1.0,1.0,0.0,0.0,1.0,0.0,1.0,1.0,0.0,0.0,2.0,0,0,1,2.3696682464454977,-0.48759920634920634,0.2702702702702703,0.0,1.488562091503268,1.2178737979872705,0.17948717948717946,-0.8752217131171013,2.0,0
73,0.0,1.0,0.0,1.0,0.0,1.0,1.0,0.0,0.0,1.0,0.0,2.0,3,2,1,-0.7476303317535545,-0.11359126984126984,-0.43243243243243246,120.0,-0.9667755991285403,-0.7984774378576364,-1.0897435897435905,1.166778145476962,2.0,1
74,0.0,1.0,1.0,0.0,1.0,0.0,1.0,0.0,0.0,0.0,1.0,1.0,0,0,1,1.1747630331753554,-0.48759920634920634,0.7027027027027027,0.0,0.3899782135076253,-0.21184924491093665,0.5897435897435894,0.23801103447303545,0.0,1
75,1.0,0.0,0.0,1.0,1.0,0.0,1.0,0.0,0.0,1.0,0.0,1.0,0,0,1,-0.23933649289099526,0.6696428571428571,0.7837837837837838,0.0,0.36056644880174293,-0.29184846283896876,0.6666666666666672,0.33856152494645986,0.0,1
76,0.0,1.0,1.0,0.0,1.0,0.0,0.0,1.0,0.0,1.0,0.0,2.0,0,0,1,1.0171800947867298,-0.48759920634920634,0.21621621621621623,0.0,0.24509803921568626,0.028928475587152714,0.12820512820512833,-0.029684682851469156,1.0,1
77,0.0,1.0,0.0,1.0,1.0,0.0,1.0,0.0,0.0,0.0,1.0,1.0,1,0,1,-0.6629146919431279,0.2058531746031746,-0.6756756756756757,0.0,-0.5381263616557734,0.009288212003574268,-0.7179487179487183,-0.009598857383591525,0.0,1
78,1.0,0.0,1.0,0.0,1.0,0.0,1.0,0.0,0.0,1.0,0.0,1.0,0,0,1,0.4934834123222749,-0.48759920634920634,-1.7837837837837838,0.0,-0.23638344226579522,3.397736250587974,-1.7692307692307703,-1.5759386618656606,0.0,1
79,1.0,0.0,1.0,0.0,1.0,0.0,1.0,0.0,0.0,1.0,0.0,0.0,0,0,0,-0.7085308056872038,3.966765873015873,0.7297297297297297,0.0,3.5495642701525054,2.518880398246613,0.615384615384615,-1.3631911053028254,3.0,1
80,0.0,1.0,0.0,1.0,1.0,0.0,1.0,0.0,0.0,1.0,0.0,1.0,2,0,1,-0.22274881516587677,-0.48759920634920634,-0.7837837837837838,0.0,-0.894880174291939,-0.37949764424984445,-0.8205128205128208,0.4565191648718853,0.0,1
81,1.0,0.0,1.0,0.0,1.0,0.0,1.0,0.0,1.0,0.0,0.0,1.0,0,0,1,0.2126777251184834,-0.48759920634920634,-0.4594594594594595,0.0,-0.49455337690631807,-0.17219834241851187,-0.5128205128205133,0.1904874895566193,0.0,1
82,0.0,1.0,1.0,0.0,1.0,0.0,1.0,0.0,0.0,0.0,1.0,1.0,0,0,1,-0.7813981042654028,0.46924603174603174,-0.972972972972973,0.0,-0.35784313725490197,0.7098406924412867,-1.000000000000001,-0.5850352984046799,0.0,1
83,0.0,1.0,1.0,0.0,1.0,0.0,1.0,0.0,0.0,1.0,0.0,1.0,0,0,1,-0.36433649289099523,-0.48759920634920634,-1.0810810810810811,0.0,-1.0250544662309369,-0.22870872534187256,-1.1025641025641035,0.2586708895008843,0.0,1
84,0.0,1.0,0.0,1.0,1.0,0.0,0.0,1.0,0.0,1.0,0.0,1.0,0,3,1,0.07464454976303317,-0.48759920634920634,-2.2972972972972974,-240.0,-0.6214596949891068,6.233677439684347,-0.9743589743589752,-1.9785635686558356,0.0,1
85,0.0,1.0,1.0,0.0,1.0,0.0,1.0,0.0,0.0,1.0,0.0,1.0,0,0,1,0.9253554502369669,-0.48759920634920634,-0.21621621621621623,0.0,0.16067538126361655,0.3661381208874974,-0.2820512820512822,-0.3350492571308398,0.0,1
86,1.0,0.0,0.0,1.0,1.0,0.0,1.0,0.0,1.0,0.0,0.0,1.0,0,0,1,0.740521327014218,-0.48759920634920634,-0.7027027027027027,0.0,-0.009259259259259259,0.7926720635051112,-0.7435897435897442,-0.6380272337580967,0.0,0
87,0.0,1.0,0.0,1.0,1.0,0.0,0.0,1.0,0.0,0.0,1.0,2.0,2,0,1,-0.010071090047393365,1.2485119047619047,-0.5945945945945946,0.0,1.2069716775599129,2.279202230411969,-0.6410256410256416,-1.2922668005129063,1.0,1
88,0.0,1.0,0.0,1.0,0.0,1.0,1.0,0.0,1.0,0.0,0.0,2.0,2,0,1,0.5136255924170616,0.22172619047619047,0.5135135135135135,0.0,0.5610021786492375,0.08390963177400652,0.41025641025641,-0.08443244506882995,1.0,0
89,0.0,1.0,0.0,1.0,1.0,0.0,1.0,0.0,0.0,1.0,0.0,1.0,0,0,1,-0.37618483412322273,0.5213293650793651,0.32432432432432434,0.0,0.0718954248366013,-0.2314153298187157,0.2307692307692311,0.2620133711962035,0.0,1
90,1.0,0.0,0.0,1.0,1.0,0.0,1.0,0.0,0.0,1.0,0.0,1.0,0,0,1,-0.5941943127962085,1.7375992063492063,-0.2702702702702703,0.0,1.2069716775599129,1.6757250893945828,-0.3333333333333333,-1.079666001569113,0.0,1
91,0.0,1.0,0.0,1.0,1.0,0.0,1.0,0.0,0.0,0.0,1.0,1.0,1,0,1,-1.063388625592417,0.21924603174603174,-2.1621621621621623,0.0,-0.8916122004357299,3.66295768580297,-2.1282051282051295,-1.6286874145238592,0.0,1
92,0.0,1.0,0.0,1.0,1.0,0.0,1.0,0.0,0.0,1.0,0.0,1.0,0,0,1,0.9046208530805687,-0.07589285714285714,0.40540540540540543,0.0,0.593681917211329,0.20575299237805544,0.30769230769230776,-0.19849983137149838,0.0,1
93,0.0,1.0,1.0,0.0,1.0,0.0,1.0,0.0,1.0,0.0,0.0,0.0,0,0,0,1.7440758293838863,-0.48759920634920634,0.21621621621621623,0.0,0.9133986928104575,0.7040706280094741,0.12820512820512833,-0.5812491638562176,3.0,0
94,0.0,1.0,0.0,1.0,0.0,1.0,1.0,0.0,1.0,0.0,0.0,2.0,2,0,1,-0.6232227488151659,-0.48759920634920634,0.08108108108108109,0.0,-1.2630718954248366,-1.4391457382166457,0.0,3.130935851193598,1.0,0
95,0.0,1.0,1.0,0.0,1.0,0.0,1.0,0.0,0.0,0.0,1.0,1.0,0,0,1,-0.046800947867298576,-0.48759920634920634,-1.6216216216216217,0.0,-0.7331154684095861,1.4757465532280234,-1.615384615384616,-0.9958191386379922,0.0,1
96,0.0,1.0,1.0,0.0,1.0,0.0,1.0,0.0,1.0,0.0,0.0,1.0,0,0,1,-0.20912322274881517,0.5456349206349206,0.2702702702702703,0.0,0.25217864923747274,-0.010349354334400825,0.17948717948717946,0.01077216037150721,0.0,1
97,0.0,1.0,0.0,1.0,0.0,1.0,1.0,0.0,0.0,1.0,0.0,2.0,0,0,1,-0.8708530805687204,0.028769841269841268,-0.32432432432432434,0.0,-0.9237472766884531,-0.8257821973578525,-0.38461538461538497,1.223802158888006,1.0,1
98,0.0,1.0,0.0,1.0,1.0,0.0,1.0,0.0,0.0,1.0,0.0,0.0,1,0,0,-0.14454976303317535,0.14732142857142858,0.2972972972972973,0.0,-0.12581699346405228,-0.40538673717764334,0.205128205128205,0.49304788145454875,3.0,0
99,0.0,1.0,0.0,1.0,1.0,0.0,1.0,0.0,0.0,0.0,1.0,1.0,0,1,1,3.5485781990521326,-0.48759920634920634,-0.9459459459459459,-180.0,2.5724400871459694,5.321221261677623,0.9487179487179493,-1.8798930067823088,-1.0,1
100,1.0,0.0,0.0,1.0,1.0,0.0,1.0,0.0,1.0,0.0,0.0,1.0,0,0,1,0.740521327014218,-0.48759920634920634,0.05405405405405406,0.0,-0.009259259259259259,-0.0929394385543958,-0.025641025641025564,0.09974346368943297,0.0,0
101,0.0,1.0,0.0,1.0,1.0,0.0,1.0,0.0,1.0,0.0,0.0,1.0,0,0,1,-0.5296208530805687,1.1656746031746033,0.5135135135135135,0.0,0.6383442265795207,0.15538086940526444,0.41025641025641,-0.1525025727726638,0.0,1
102,0.0,1.0,1.0,0.0,1.0,0.0,1.0,0.0,0.0,1.0,0.0,0.0,0,2,0,-0.6492890995260664,-0.48759920634920634,-1.2702702702702702,120.0,-1.287037037037037,-0.44431122877438267,-1.6858974358974366,0.5495131501642112,4.0,0
103,0.0,1.0,0.0,1.0,0.0,1.0,1.0,0.0,1.0,0.0,0.0,2.0,0,0,1,-0.8963270142180095,0.3898809523809524,-0.40540540540540543,0.0,-0.5506535947712419,-0.29685881724903923,-0.4615384615384617,0.34507725540025896,1.0,1
104,0.0,1.0,0.0,1.0,0.0,1.0,1.0,0.0,1.0,0.0,0.0,1.0,3,1,1,0.11196682464454977,-0.48759920634920634,-0.7837837837837838,-180.0,-0.5871459694989106,0.07339586598787445,1.256410256410257,-0.07412820804109434,0.0,0
105,0.0,1.0,0.0,1.0,0.0,1.0,0.0,1.0,0.0,1.0,0.0,2.0,0,0,1,0.5989336492890995,-0.12251984126984126,-0.6216216216216216,0.0,0.26143790849673204,1.0414298309280872,-0.6666666666666674,-0.7832524992096833,2.0,0
106,0.0,1.0,0.0,1.0,1.0,0.0,1.0,0.0,1.0,0.0,0.0,1.0,0,0,1,0.0971563981042654,0.48660714285714285,0.16216216216216217,0.0,0.46895424836601307,0.306884099393769,0.07692307692307669,-0.28627039352269573,0.0,1
107,0.0,1.0,0.0,1.0,1.0,0.0,1.0,0.0,1.0,0.0,0.0,1.0,2,0,1,-0.7630331753554502,0.31547619047619047,-0.24324324324324326,0.0,-0.5098039215686274,-0.39436261480404144,-0.30769230769230826,0.47739501718734867,0.0,1
108,0.0,1.0,0.0,1.0,1.0,0.0,1.0,0.0,0.0,1.0,0.0,1.0,1,0,1,0.24703791469194314,-0.48759920634920634,0.16216216216216217,0.0,-0.46296296296296297,-0.6508053189363456,0.07692307692307669,0.8840850581149016,0.0,1
109,0.0,1.0,1.0,0.0,0.0,1.0,1.0,0.0,0.0,0.0,1.0,0.0,0,2,0,-0.5924170616113744,0.23214285714285715,-0.21621621621621623,120.0,-0.4444444444444444,-0.3410688872645509,-0.9358974358974363,0.403745210793446,5.0,0
110,0.0,1.0,1.0,0.0,1.0,0.0,1.0,0.0,1.0,0.0,0.0,0.0,0,0,0,-0.8394549763033176,2.0238095238095237,-1.162162162162162,0.0,1.2957516339869282,4.013407892379017,-1.1794871794871802,-1.6920420049078648,3.0,0
111,0.0,1.0,0.0,1.0,1.0,0.0,1.0,0.0,0.0,1.0,0.0,1.0,0,1,1,0.7505924170616114,-0.48759920634920634,-1.0,-180.0,0.0,1.3415855391942046,0.8461538461538461,-0.9349742114473655,-1.0,1
112,1.0,0.0,0.0,1.0,1.0,0.0,1.0,0.0,0.0,1.0,0.0,1.0,0,0,1,0.17298578199052134,-0.48759920634920634,-0.05405405405405406,0.0,-0.5310457516339869,-0.5704744209120327,-0.12820512820512833,0.7463940284945842,0.0,1
113,0.0,1.0,0.0,1.0,1.0,0.0,0.0,1.0,1.0,0.0,0.0,0.0,1,4,0,-0.6842417061611374,-0.48759920634920634,-1.1891891891891893,-60.0,-1.3191721132897603,-0.6071467715197773,-0.866666666666667,0.8079713951136468,4.0,0
114,0.0,1.0,0.0,1.0,1.0,0.0,1.0,0.0,1.0,0.0,0.0,1.0,0,0,1,-0.5627962085308057,0.5729166666666666,-1.4054054054054055,0.0,-0.04302832244008715,2.3112592057877714,-1.410256410256411,-1.3021420864625153,0.0,1
115,0.0,1.0,1.0,0.0,0.0,1.0,1.0,0.0,1.0,0.0,0.0,2.0,0,0,1,0.919431279620853,-0.48759920634920634,-1.6756756756756757,0.0,0.15522875816993464,3.858012508010881,-1.6666666666666676,-1.6647787974613064,1.0,1
116,0.0,1.0,1.0,0.0,1.0,0.0,1.0,0.0,0.0,1.0,0.0,1.0,0,0,1,0.31101895734597157,-0.48759920634920634,-0.918918918918919,0.0,-0.40413943355119825,0.5461812523389686,-0.9487179487179491,-0.4725028074885876,0.0,1
117,0.0,1.0,1.0,0.0,1.0,0.0,1.0,0.0,1.0,0.0,0.0,1.0,0,0,1,0.5082938388625592,-0.48759920634920634,0.2702702702702703,0.0,-0.2227668845315904,-0.4821601864156778,0.17948717948717946,0.606277103393165,0.0,1
118,1.0,0.0,1.0,0.0,0.0,1.0,1.0,0.0,0.0,0.0,1.0,2.0,0,0,1,-0.8447867298578199,0.685515873015873,0.2702702702702703,0.0,-0.1786492374727669,-0.4383337215090452,0.17948717948717946,0.5407183649125938,1.0,1
119,1.0,0.0,0.0,1.0,1.0,0.0,1.0,0.0,0.0,1.0,0.0,1.0,0,0,1,0.04917061611374408,0.9092261904761905,0.08108108108108109,0.0,0.8888888888888888,0.8310392876254309,0.0,-0.6617421374921919,0.0,1
120,0.0,1.0,0.0,1.0,0.0,1.0,1.0,0.0,0.0,1.0,0.0,2.0,1,0,1,-0.43424170616113744,0.7524801587301587,-0.5405405405405406,0.0,0.27233115468409586,0.9294848375522697,-0.58974358974359,-0.7203289649229386,1.0,1
121,0.0,1.0,0.0,1.0,0.0,1.0,1.0,0.0,0.0,0.0,1.0,2.0,1,0,1,0.09893364928909952,0.0496031746031746,0.6756756756756757,0.0,-0.009259259259259259,-0.5455853173848094,0.5641025641025644,0.7057693937356269,1.0,1
122,0.0,1.0,0.0,1.0,0.0,1.0,1.0,0.0,0.0,1.0,0.0,2.0,2,0,1,0.3459715639810427,-0.48759920634920634,0.3783783783783784,0.0,-0.3720043572984749,-0.6987791652911111,0.2820512820512817,0.9714585986399438,1.0,1
123,1.0,0.0,1.0,0.0,0.0,1.0,1.0,0.0,0.0,1.0,0.0,2.0,0,0,1,0.6368483412322274,-0.48759920634920634,0.2702702702702703,0.0,-0.10457516339869281,-0.364748545863342,0.17948717948717946,0.43606322744031273,1.0,1
124,1.0,0.0,1.0,0.0,1.0,0.0,1.0,0.0,0.0,0.0,1.0,1.0,0,0,1,-0.052725118483412325,-0.48759920634920634,-0.8108108108108109,0.0,-0.738562091503268,-0.11693964552707495,-0.8461538461538466,0.1266447380194711,0.0,1
125,0.0,1.0,1.0,0.0,0.0,1.0,1.0,0.0,1.0,0.0,0.0,2.0,0,0,1,0.3803317535545024,0.7678571428571429,-1.4864864864864864,0.0,1.0381263616557734,4.930629575335774,-1.4871794871794877,-1.830489501476672,1.0,1
126,0.0,1.0,1.0,0.0,1.0,0.0,1.0,0.0,0.0,0.0,1.0,1.0,0,0,1,-0.5059241706161137,-0.48759920634920634,-1.3783783783783783,0.0,-1.1552287581699345,-0.021693429891945747,-1.3846153846153852,0.022673571924432874,0.0,1
127,0.0,1.0,1.0,0.0,1.0,0.0,1.0,0.0,0.0,1.0,0.0,1.0,0,0,1,0.050355450236966824,-0.48759920634920634,0.4594594594594595,0.0,-0.6437908496732027,-1.0023390418356342,0.3589743589743594,1.6355451772958292,0.0,0
128,0.0,1.0,0.0,1.0,1.0,0.0,1.0,0.0,0.0,1.0,0.0,0.0,3,0,0,0.057464454976303314,0.1324404761904762,0.4864864864864865,0.0,0.04357298474945534,-0.3758404289569955,0.38461538461538447,0.45142317099531887,3.0,0
129,0.0,1.0,0.0,1.0,0.0,1.0,0.0,1.0,1.0,0.0,0.0,2.0,3,0,1,1.4040284360189574,-0.48759920634920634,0.5405405405405406,0.0,0.6007625272331155,0.09857168902804601,0.43589743589743607,-0.0986752906790774,2.0,1
130,0.0,1.0,0.0,1.0,1.0,0.0,1.0,0.0,0.0,0.0,1.0,1.0,0,0,1,-0.0947867298578199,1.0109126984126984,0.7297297297297297,0.0,0.8681917211328976,0.1857342859421953,0.615384615384615,-0.18040878515624165,0.0,1
131,0.0,1.0,0.0,1.0,0.0,1.0,1.0,0.0,0.0,1.0,0.0,2.0,3,0,1,0.3062796208530806,0.0,-0.2702702702702703,0.0,0.12690631808278868,0.38820094258196164,-0.3333333333333333,-0.3527410682883011,1.0,1
132,0.0,1.0,0.0,1.0,1.0,0.0,1.0,0.0,1.0,0.0,0.0,1.0,0,0,1,-1.8856635071090047,0.4052579365079365,0.6756756756756757,0.0,-1.443355119825708,-1.8119236668955143,0.5641025641025644,5.508778244673626,0.0,0
133,0.0,1.0,0.0,1.0,1.0,0.0,1.0,0.0,0.0,1.0,0.0,1.0,0,0,1,0.2334123222748815,0.39285714285714285,0.5675675675675675,0.0,0.4912854030501089,-0.02279390609801269,0.4615384615384617,0.023833383424855286,0.0,1
134,0.0,1.0,0.0,1.0,1.0,0.0,0.0,1.0,0.0,1.0,0.0,0.0,2,0,0,0.9875592417061612,-0.48759920634920634,-1.027027027027027,0.0,0.2178649237472767,1.7591216217930472,-1.0512820512820515,-1.1124348713796477,4.0,0
135,1.0,0.0,0.0,1.0,1.0,0.0,1.0,0.0,0.0,1.0,0.0,1.0,2,0,1,0.5627962085308057,0.6944444444444444,0.4594594594594595,0.0,1.1252723311546842,0.658184236283257,0.3589743589743594,-0.550683575634264,0.0,1
136,0.0,1.0,0.0,1.0,1.0,0.0,1.0,0.0,0.0,0.0,1.0,0.0,0,0,0,-0.6587677725118484,-0.48759920634920634,-1.3513513513513513,0.0,-1.2957516339869282,-0.3463522519519157,-1.3589743589743601,0.41090075854783903,3.0,0
137,0.0,1.0,0.0,1.0,1.0,0.0,1.0,0.0,0.0,1.0,0.0,1.0,2,0,1,0.4004739336492891,0.36408730158730157,0.16216216216216217,0.0,0.6132897603485838,0.45521121561672556,0.07692307692307669,-0.4049821062598918,0.0,1
138,0.0,1.0,1.0,0.0,1.0,0.0,1.0,0.0,0.0,1.0,0.0,1.0,0,0,1,-0.21445497630331753,0.8968253968253969,0.918918918918919,0.0,0.6328976034858388,-0.15174831930065538,0.7948717948717955,0.16654414269668621,0.0,1
139,0.0,1.0,0.0,1.0,1.0,0.0,1.0,0.0,0.0,1.0,0.0,1.0,0,0,1,1.728080568720379,-0.48759920634920634,0.4864864864864865,0.0,0.8986928104575164,0.42054325048065244,0.38461538461538447,-0.3782307682751987,0.0,1
140,0.0,1.0,0.0,1.0,0.0,1.0,0.0,1.0,0.0,0.0,1.0,2.0,0,0,1,0.830568720379147,-0.48759920634920634,0.7567567567567568,0.0,0.07352941176470588,-0.5219874569937394,0.6410256410256411,0.6680906684948889,2.0,0
141,0.0,1.0,0.0,1.0,1.0,0.0,1.0,0.0,0.0,1.0,0.0,1.0,1,0,1,-0.49881516587677727,0.53125,-0.16216216216216217,0.0,-0.029956427015250545,0.08770871909392378,-0.2307692307692316,-0.08813703892631412,0.0,1
142,0.0,1.0,0.0,1.0,1.0,0.0,1.0,0.0,1.0,0.0,0.0,1.0,0,1,1,0.2268957345971564,-0.48759920634920634,-1.837837837837838,-180.0,-0.48148148148148145,2.994816658196391,-0.7435897435897442,-1.4864833897166734,-1.0,1
143,0.0,1.0,1.0,0.0,0.0,1.0,1.0,0.0,1.0,0.0,0.0,2.0,0,0,1,-0.08530805687203792,0.8010912698412699,0.2702702702702703,0.0,0.6465141612200436,0.38138349248537456,0.17948717948717946,-0.34730088545636617,1.0,1
144,0.0,1.0,0.0,1.0,1.0,0.0,1.0,0.0,0.0,1.0,0.0,1.0,1,0,1,-0.10545023696682465,0.3948412698412698,0.8108108108108109,0.0,0.18191721132897604,-0.4615223272797504,0.6923076923076927,0.575092682819089,0.0,1
145,1.0,0.0,1.0,0.0,1.0,0.0,0.0,1.0,0.0,0.0,1.0,2.0,0,0,1,0.07701421800947868,-0.48759920634920634,0.32432432432432434,0.0,-0.619281045751634,-0.9067739693635418,0.2307692307692311,1.402886767924406,1.0,1
146,1.0,0.0,1.0,0.0,1.0,0.0,1.0,0.0,1.0,0.0,0.0,1.0,1,0,1,0.2837677725118483,-0.48759920634920634,0.05405405405405406,0.0,-0.42919389978213507,-0.539899814784733,-0.025641025641025564,0.6966177635132017,0.0,1
147,0.0,1.0,0.0,1.0,1.0,0.0,1.0,0.0,0.0,1.0,0.0,1.0,1,0,1,-0.01066350710900474,-0.48759920634920634,-0.3783783783783784,0.0,-0.6998910675381264,-0.5077256242778798,-0.4358974358974366,0.6457033178833215,0.0,1
148,0.0,1.0,0.0,1.0,1.0,0.0,1.0,0.0,1.0,0.0,0.0,1.0,2,0,1,1.4727488151658767,1.9925595238095237,0.2702702702702703,0.0,3.3872549019607843,3.10403499137641,0.17948717948717946,-1.5119483975482721,0.0,1
149,0.0,1.0,0.0,1.0,0.0,1.0,1.0,0.0,0.0,0.0,1.0,1.0,1,1,1,-0.48755924170616116,0.49603174603174605,0.8108108108108109,-180.0,-0.05827886710239651,-0.666045830177368,4.282051282051285,0.9114061740128632,0.0,0
150,0.0,1.0,0.0,1.0,1.0,0.0,0.0,1.0,1.0,0.0,0.0,2.0,2,0,1,1.728080568720379,0.1572420634920635,-0.05405405405405406,0.0,1.6067538126361656,1.7891809255698867,-0.12820512820512833,-1.1239507949208472,1.0,1
151,0.0,1.0,0.0,1.0,0.0,1.0,1.0,0.0,0.0,1.0,0.0,2.0,0,0,1,0.043246445497630334,1.7033730158730158,0.35135135135135137,0.0,1.7554466230936818,1.3797585450543166,0.25641025641025667,-0.9526889084336967,1.0,1
152,0.0,1.0,1.0,0.0,1.0,0.0,0.0,1.0,0.0,0.0,1.0,1.0,0,1,1,1.6095971563981042,1.6617063492063493,0.2702702702702703,-180.0,3.149782135076253,2.868129575335773,3.2564102564102577,-1.455705072415959,0.0,0
153,0.0,1.0,0.0,1.0,1.0,0.0,1.0,0.0,0.0,0.0,1.0,1.0,2,0,1,3.773696682464455,-0.48759920634920634,0.05405405405405406,0.0,2.7794117647058822,2.8752021000958377,-0.025641025641025564,-1.4574598635006675,0.0,1
154,0.0,1.0,0.0,1.0,0.0,1.0,1.0,0.0,0.0,0.0,1.0,1.0,1,1,1,1.9401658767772512,-0.48759920634920634,0.7297297297297297,-180.0,1.093681917211329,0.3819403575436639,4.1282051282051295,-0.34774614047569513,0.0,1
155,0.0,1.0,0.0,1.0,1.0,0.0,1.0,0.0,0.0,1.0,0.0,2.0,1,2,1,-0.2671800947867299,0.42658730158730157,0.35135135135135137,120.0,0.06808278867102396,-0.2555848850058702,-0.5320512820512825,0.2921828363139053,1.0,1
156,0.0,1.0,0.0,1.0,1.0,0.0,1.0,0.0,0.0,0.0,1.0,1.0,0,0,1,-0.9028436018957346,0.43898809523809523,-0.5405405405405406,0.0,-0.5027233115468409,-0.09710050503436062,-0.58974358974359,0.10437262440421204,0.0,1
157,1.0,0.0,1.0,0.0,1.0,0.0,1.0,0.0,0.0,0.0,1.0,1.0,2,0,1,0.05568720379146919,-0.48759920634920634,0.7567567567567568,0.0,-0.6388888888888888,-1.1373928901432306,0.6410256410256411,2.011368880613668,0.0,0
158,0.0,1.0,1.0,0.0,0.0,1.0,0.0,1.0,1.0,0.0,0.0,2.0,0,0,1,-0.4443127962085308,0.5873015873015873,-0.16216216216216217,0.0,0.08169934640522876,0.21569198555916025,-0.2307692307692316,-0.20739103237278642,2.0,1
159,0.0,1.0,1.0,0.0,0.0,1.0,1.0,0.0,1.0,0.0,0.0,0.0,0,0,0,1.6066350710900474,-0.48759920634920634,0.13513513513513514,0.0,0.7870370370370371,0.6631855446144937,0.05128205128205113,-0.554054927918998,4.0,0
160,0.0,1.0,0.0,1.0,1.0,0.0,1.0,0.0,0.0,0.0,1.0,1.0,3,0,1,1.1356635071090047,-0.48759920634920634,-0.43243243243243246,0.0,0.3540305010893246,0.8765292981326469,-0.4871794871794872,-0.6892094485374849,0.0,0
161,0.0,1.0,0.0,1.0,0.0,1.0,1.0,0.0,0.0,1.0,0.0,0.0,3,0,0,0.9466824644549763,-0.48759920634920634,0.4864864864864865,0.0,0.18028322440087147,-0.24852049039721863,0.38461538461538447,0.28330445536541027,4.0,0
162,0.0,1.0,1.0,0.0,1.0,0.0,1.0,0.0,0.0,1.0,0.0,1.0,0,0,1,-0.7541469194312796,0.6081349206349206,0.6486486486486487,0.0,-0.18028322440087147,-0.6812810902673146,0.5384615384615383,0.9391202684670724,0.0,1
163,1.0,0.0,1.0,0.0,1.0,0.0,1.0,0.0,1.0,0.0,0.0,1.0,0,0,1,2.2908767772511847,-0.48759920634920634,0.2702702702702703,0.0,1.4161220043572984,1.1459118247455164,0.17948717948717946,-0.8387184294328216,0.0,1
164,0.0,1.0,1.0,0.0,1.0,0.0,0.0,1.0,0.0,1.0,0.0,2.0,0,0,1,1.0859004739336493,-0.48759920634920634,0.4864864864864865,0.0,0.3082788671023965,-0.12931656385718854,0.38461538461538447,0.1407103228364567,1.0,1
165,0.0,1.0,0.0,1.0,1.0,0.0,1.0,0.0,0.0,1.0,0.0,1.0,2,0,1,0.8145734597156398,0.2003968253968254,1.0810810810810811,0.0,0.8142701525054467,-0.11152897084724364,0.9487179487179493,0.12053730556640145,0.0,1
166,1.0,0.0,1.0,0.0,1.0,0.0,1.0,0.0,1.0,0.0,0.0,1.0,0,0,1,0.050355450236966824,-0.48759920634920634,0.6756756756756757,0.0,-0.6437908496732027,-1.105890739785102,0.5641025641025644,1.918183571210563,0.0,0
167,1.0,0.0,1.0,0.0,1.0,0.0,1.0,0.0,0.0,0.0,1.0,1.0,1,0,1,-0.2707345971563981,0.28621031746031744,-0.5405405405405406,0.0,-0.08932461873638345,0.4504597725645524,-0.58974358974359,-0.4013499568476415,0.0,1
168,1.0,0.0,1.0,0.0,1.0,0.0,1.0,0.0,0.0,0.0,1.0,1.0,0,0,1,-0.05687203791469194,-0.48759920634920634,-2.1621621621621623,0.0,-0.7423747276688453,4.255967630712464,-2.1282051282051295,-1.7321803474160715,0.0,1
169,0.0,1.0,1.0,0.0,1.0,0.0,1.0,0.0,1.0,0.0,0.0,1.0,0,0,1,-0.2962085308056872,0.43353174603174605,0.43243243243243246,0.0,0.049019607843137254,-0.3330059210749989,0.3333333333333333,0.3928854028564907,0.0,1
170,0.0,1.0,0.0,1.0,1.0,0.0,1.0,0.0,0.0,1.0,0.0,1.0,0,0,1,-0.42239336492890994,0.6150793650793651,1.0810810810810811,0.0,0.1323529411764706,-0.6534621467791318,0.9487179487179493,0.8888192677483547,0.0,1
171,0.0,1.0,0.0,1.0,1.0,0.0,1.0,0.0,0.0,1.0,0.0,1.0,2,0,1,0.3359004739336493,-0.48759920634920634,-0.5405405405405406,0.0,-0.3812636165577342,0.06377688877928592,-0.58974358974359,-0.06463346917593986,0.0,1
172,0.0,1.0,0.0,1.0,1.0,0.0,1.0,0.0,0.0,1.0,0.0,1.0,1,0,1,-0.3453791469194313,0.4260912698412698,0.13513513513513514,0.0,-0.004357298474945534,-0.15716683553799354,0.05128205128205113,0.17285148117465182,0.0,1
173,0.0,1.0,0.0,1.0,1.0,0.0,1.0,0.0,0.0,0.0,1.0,1.0,0,0,1,-0.1362559241706161,0.1572420634920635,-0.8108108108108109,0.0,-0.10729847494553377,0.8237061475615713,-0.8461538461538466,-0.6572488641416152,0.0,1
174,1.0,0.0,0.0,1.0,0.0,1.0,1.0,0.0,1.0,0.0,0.0,2.0,0,0,1,0.4543838862559242,-0.48759920634920634,0.3783783783783784,0.0,-0.27233115468409586,-0.6029578620902307,0.2820512820512817,0.8008312766332178,1.0,1
175,0.0,1.0,0.0,1.0,1.0,0.0,1.0,0.0,0.0,1.0,0.0,1.0,0,0,1,0.3518957345971564,-0.09077380952380952,0.05405405405405406,0.0,0.06917211328976035,-0.009460457779857151,-0.025641025641025564,0.009843755263424629,0.0,1
176,0.0,1.0,0.0,1.0,1.0,0.0,1.0,0.0,0.0,0.0,1.0,1.0,2,1,1,-0.6113744075829384,0.001388882837301501,-0.8648648648648649,-180.0,-0.7152505513071895,-0.013803872170021065,1.1025641025641029,0.014385948137935948,-1.0,1
177,1.0,0.0,1.0,0.0,1.0,0.0,1.0,0.0,0.0,0.0,1.0,1.0,0,0,1,-0.9016587677725119,0.33878968253968256,-1.5135135135135136,0.0,-0.6116557734204793,1.430874024549957,-1.5128205128205134,-0.9759031152281268,0.0,1
178,0.0,1.0,1.0,0.0,1.0,0.0,1.0,0.0,1.0,0.0,0.0,1.0,0,0,1,-0.10367298578199052,1.0267857142857142,-0.5675675675675675,0.0,0.8774509803921569,1.7813317320892827,-0.6153846153846158,-1.1209584553542058,0.0,1
179,1.0,0.0,1.0,0.0,1.0,0.0,0.0,1.0,0.0,1.0,0.0,2.0,0,4,1,-0.43424170616113744,0.36408730158730157,-0.2972972972972973,-60.0,-0.15413943355119825,0.08148455136782429,0.14871794871794897,-0.08206248426441372,1.0,0
180,0.0,1.0,0.0,1.0,1.0,0.0,1.0,0.0,1.0,0.0,0.0,1.0,0,0,1,0.2197867298578199,0.5044642857142857,0.2702702702702703,0.0,0.6013071895424836,0.3364748926427758,0.17948717948717946,-0.31086414096592346,0.0,1
181,1.0,0.0,1.0,0.0,1.0,0.0,1.0,0.0,0.0,1.0,0.0,1.0,0,0,1,0.46860189573459715,-0.48759920634920634,0.13513513513513514,0.0,-0.25925925925925924,-0.4213959572939216,0.05128205128205113,0.5160428724949355,0.0,1
182,0.0,1.0,0.0,1.0,1.0,0.0,1.0,0.0,1.0,0.0,0.0,1.0,0,0,1,-0.1528436018957346,0.7108134920634921,0.7837837837837838,0.0,0.4852941176470588,-0.18488059219022063,0.6666666666666672,0.20552796186327213,0.0,1
183,0.0,1.0,0.0,1.0,1.0,0.0,1.0,0.0,0.0,1.0,0.0,0.0,2,0,0,0.6321090047393365,-0.48759920634920634,0.4594594594594595,0.0,-0.10893246187363835,-0.500296597527521,0.3589743589743594,0.6341541358559574,3.0,0
184,0.0,1.0,0.0,1.0,1.0,0.0,1.0,0.0,0.0,0.0,1.0,1.0,2,0,1,-0.1066350710900474,0.28621031746031744,0.6486486486486487,0.0,0.061546840958605666,-0.46614620449014743,0.5384615384615383,0.5820305039883772,0.0,1
185,1.0,0.0,1.0,0.0,1.0,0.0,1.0,0.0,0.0,0.0,1.0,0.0,0,2,0,1.2345971563981042,-0.48759920634920634,0.8918918918918919,120.0,0.44498910675381265,-0.29022501544798895,-0.147435897435898,0.3364560022010268,4.0,0
186,0.0,1.0,0.0,1.0,1.0,0.0,1.0,0.0,0.0,0.0,1.0,1.0,3,0,1,0.6415876777251185,0.1324404761904762,0.0,0.0,0.5806100217864923,0.5946132628223567,-0.07692307692307669,-0.5069521185454513,0.0,1
187,1.0,0.0,0.0,1.0,1.0,0.0,1.0,0.0,0.0,0.0,1.0,1.0,1,0,1,0.7896919431279621,-0.48759920634920634,0.6756756756756757,0.0,0.03594771241830065,-0.5056665619691663,0.5641025641025644,0.6424946351101672,0.0,1
188,0.0,1.0,0.0,1.0,1.0,0.0,1.0,0.0,0.0,0.0,1.0,1.0,1,0,1,-0.7813981042654028,0.9632936507936508,0.08108108108108109,0.0,0.184640522875817,0.08810098380011946,0.0,-0.08851898202128192,0.0,0
189,0.0,1.0,0.0,1.0,0.0,1.0,1.0,0.0,0.0,0.0,1.0,0.0,0,0,0,-0.908175355450237,0.9677579365079365,-0.4594594594594595,0.0,0.07298474945533769,0.555275595179432,-0.5128205128205133,-0.4790485353514883,4.0,0
190,0.0,1.0,0.0,1.0,0.0,1.0,1.0,0.0,0.0,1.0,0.0,2.0,3,0,1,-0.2713270142180095,0.3804563492063492,-0.13513513513513514,0.0,0.013616557734204794,0.11015410032069588,-0.205128205128205,-0.10982329388281904,1.0,1
191,1.0,0.0,1.0,0.0,1.0,0.0,1.0,0.0,1.0,0.0,0.0,1.0,0,0,1,0.9875592417061612,-0.48759920634920634,0.5945945945945946,0.0,0.2178649237472767,-0.2903763629914804,0.4871794871794867,0.3366521742212379,0.0,1
192,0.0,1.0,0.0,1.0,1.0,0.0,1.0,0.0,0.0,0.0,1.0,1.0,1,0,1,-1.0118483412322274,0.40674603174603174,-0.3783783783783784,0.0,-0.6383442265795207,-0.43129984442526464,-0.4358974358974366,0.5304274080903763,0.0,1
193,0.0,1.0,1.0,0.0,1.0,0.0,1.0,0.0,1.0,0.0,0.0,1.0,0,0,1,0.39514218009478674,0.7524801587301587,0.8108108108108109,0.0,1.0348583877995643,0.26474480545872875,0.6923076923076927,-0.25041385963758706,0.0,1
194,1.0,0.0,1.0,0.0,1.0,0.0,1.0,0.0,1.0,0.0,0.0,1.0,0,0,1,0.2541469194312796,0.33878968253968256,0.6756756756756757,0.0,0.45098039215686275,-0.13918353032193606,0.5641025641025644,0.15201904954592788,0.0,1
195,1.0,0.0,1.0,0.0,1.0,0.0,1.0,0.0,0.0,0.0,1.0,0.0,0,0,0,-0.5527251184834123,0.4365079365079365,-0.16216216216216217,0.0,-0.1835511982570806,-0.08834631087289027,-0.2307692307692316,0.09465044523581986,3.0,0
196,1.0,0.0,1.0,0.0,1.0,0.0,1.0,0.0,0.0,1.0,0.0,1.0,0,0,1,-0.24644549763033174,-0.48759920634920634,-0.7027027027027027,0.0,-0.9166666666666666,-0.4950685102947035,-0.7435897435897442,0.6260721648852962,0.0,1
197,0.0,1.0,1.0,0.0,0.0,1.0,1.0,0.0,0.0,1.0,0.0,2.0,0,0,1,-0.24052132701421802,0.7053571428571429,0.02702702702702703,0.0,0.39869281045751637,0.36911442206273043,-0.051282051282051634,-0.337450509182448,1.0,1
198,1.0,0.0,1.0,0.0,1.0,0.0,1.0,0.0,1.0,0.0,0.0,1.0,0,0,1,-0.48933649289099523,-0.48759920634920634,-1.4594594594594594,0.0,-1.1399782135076253,0.15691778862495082,-1.4615384615384628,-0.1539295882450635,0.0,1
199,0.0,1.0,0.0,1.0,1.0,0.0,0.0,1.0,1.0,0.0,0.0,1.0,2,3,1,1.4295023696682465,-0.48759920634920634,0.918918918918919,-276.0,0.6241830065359477,-0.15896255220709668,12.926739926739932,0.17494757734700325,0.0,1
200,0.0,1.0,0.0,1.0,0.0,1.0,1.0,0.0,0.0,0.0,1.0,1.0,1,1,1,0.03909952606635071,0.32589285714285715,0.02702702702702703,-180.0,0.23910675381263616,0.19772764571780846,2.7948717948717965,-0.19127677960176762,0.0,1
201,0.0,1.0,0.0,1.0,1.0,0.0,1.0,0.0,0.0,1.0,0.0,1.0,2,0,1,0.22748815165876776,-0.48759920634920634,0.2702702702702703,0.0,-0.4809368191721133,-0.7386261662396743,0.17948717948717946,1.047199941052594,0.0,1
202,0.0,1.0,0.0,1.0,1.0,0.0,1.0,0.0,0.0,0.0,1.0,1.0,0,0,1,-0.7553317535545023,0.5709325396825397,-0.5945945945945946,0.0,-0.2222222222222222,0.34316445406511237,-0.6410256410256416,-0.31635880739687605,0.0,1
203,1.0,0.0,1.0,0.0,1.0,0.0,1.0,0.0,0.0,1.0,0.0,1.0,1,0,1,0.12322274881516587,-0.48759920634920634,0.05405405405405406,0.0,-0.576797385620915,-0.697002618881259,-0.025641025641025564,0.9681502038649045,0.0,1
204,0.0,1.0,0.0,1.0,1.0,0.0,1.0,0.0,0.0,1.0,0.0,1.0,0,0,1,-0.5527251184834123,0.5873015873015873,0.13513513513513514,0.0,-0.017973856209150325,-0.1712816390505962,0.05128205128205113,0.18940606190201317,0.0,1
205,0.0,1.0,0.0,1.0,1.0,0.0,1.0,0.0,0.0,1.0,0.0,1.0,3,0,1,0.5977488151658767,-0.39384920634920634,0.3783783783783784,0.0,-0.03758169934640523,-0.3772803665734022,0.2820512820512817,0.45342771676160337,0.0,1
206,1.0,0.0,1.0,0.0,1.0,0.0,1.0,0.0,1.0,0.0,0.0,1.0,0,0,1,-0.09893364928909952,0.9930555555555556,0.5945945945945946,0.0,0.8447712418300654,0.2757769603253975,0.4871794871794867,-0.2598976903325881,0.0,1
207,0.0,1.0,1.0,0.0,1.0,0.0,1.0,0.0,1.0,0.0,0.0,0.0,0,0,0,0.9383886255924171,-0.48759920634920634,0.5405405405405406,0.0,0.17265795206971676,-0.29399356928093406,0.43589743589743607,0.34134788032791347,3.0,1
208,1.0,0.0,0.0,1.0,1.0,0.0,1.0,0.0,0.0,0.0,1.0,1.0,0,0,1,0.5924170616113744,0.7281746031746031,0.0,0.0,1.1895424836601307,1.2545188219552181,-0.07692307692307669,-0.8933060245075367,0.0,0
209,1.0,0.0,1.0,0.0,1.0,0.0,1.0,0.0,0.0,0.0,1.0,1.0,0,0,1,-0.4934834123222749,-0.48759920634920634,-1.162162162162162,0.0,-1.1437908496732025,-0.32708378958463624,-1.1794871794871802,0.3849550757412675,0.0,1
210,0.0,1.0,1.0,0.0,1.0,0.0,1.0,0.0,0.0,0.0,1.0,1.0,1,0,1,0.6226303317535545,0.4017857142857143,0.1891891891891892,0.0,0.8589324618736384,0.6780965678124234,0.10256410256410275,-0.5640479719468159,0.0,1
211,0.0,1.0,1.0,0.0,1.0,0.0,1.0,0.0,0.0,1.0,0.0,1.0,0,0,1,-0.235781990521327,-0.48759920634920634,-0.32432432432432434,0.0,-0.9068627450980392,-0.8052437179609423,-0.38461538461538497,1.180759778637688,0.0,1
212,0.0,1.0,1.0,0.0,1.0,0.0,1.0,0.0,0.0,0.0,1.0,1.0,0,0,1,-0.2962085308056872,-0.48759920634920634,-1.054054054054054,0.0,-0.9624183006535948,-0.15905146000700013,-1.0769230769230778,0.17505143274335402,0.0,1
213,0.0,1.0,0.0,1.0,1.0,0.0,0.0,1.0,0.0,1.0,0.0,1.0,3,1,1,1.2855450236966826,1.7395833333333333,-1.0810810810810811,-180.0,2.937363834422658,6.519175553933266,0.6923076923076927,-2.0054464244690613,0.0,1
214,1.0,0.0,1.0,0.0,1.0,0.0,1.0,0.0,0.0,1.0,0.0,1.0,0,0,1,0.48992890995260663,-0.48759920634920634,-1.054054054054054,0.0,-0.23965141612200436,1.0544638019878068,-1.0769230769230778,-0.7903381194167695,0.0,1
215,1.0,0.0,1.0,0.0,1.0,0.0,1.0,0.0,1.0,0.0,0.0,1.0,0,0,1,-0.5657582938388626,-0.48759920634920634,-1.7297297297297298,0.0,-1.210239651416122,0.6067263305640818,-1.7179487179487194,-0.5154126335845656,0.0,0
216,0.0,1.0,0.0,1.0,0.0,1.0,1.0,0.0,0.0,1.0,0.0,2.0,3,0,1,-0.0947867298578199,-0.48759920634920634,-0.972972972972973,0.0,-0.7772331154684096,0.034237529716423826,-1.000000000000001,-0.03506552174979381,1.0,1
217,0.0,1.0,0.0,1.0,1.0,0.0,1.0,0.0,1.0,0.0,0.0,1.0,2,0,1,-0.4443127962085308,0.6681547619047619,0.40540540540540543,0.0,0.170479302832244,-0.19784005333991003,0.30769230769230776,0.22105162138742807,0.0,1
218,0.0,1.0,0.0,1.0,0.0,1.0,1.0,0.0,0.0,0.0,1.0,2.0,2,0,1,-0.1481042654028436,0.5877976190476191,0.43243243243243246,0.0,0.3545751633986928,-0.043921302466877005,0.3333333333333333,0.046282837069975116,1.0,1
219,0.0,1.0,0.0,1.0,1.0,0.0,1.0,0.0,1.0,0.0,0.0,1.0,3,0,1,-0.39514218009478674,0.5456349206349206,-0.40540540540540543,0.0,0.08115468409586056,0.4959474095220097,-0.4615384615384617,-0.4356856914393101,0.0,1
220,1.0,0.0,0.0,1.0,1.0,0.0,0.0,1.0,1.0,0.0,0.0,0.0,0,0,0,1.2837677725118484,-0.48759920634920634,-0.13513513513513514,0.0,0.49019607843137253,0.651221568303811,-0.205128205128205,-0.5459735717356762,4.0,0
221,1.0,0.0,0.0,1.0,1.0,0.0,1.0,0.0,0.0,1.0,0.0,1.0,0,0,1,-0.5390995260663507,-0.2371031746031746,0.5405405405405406,0.0,-0.9106753812636166,-1.287393440497934,0.43589743589743607,2.5101507674817967,0.0,1
222,1.0,0.0,1.0,0.0,1.0,0.0,1.0,0.0,0.0,0.0,1.0,1.0,0,1,1,0.2843601895734597,-0.48759920634920634,0.16216216216216217,-180.0,-0.4286492374727669,-0.6155426460229636,3.0512820512820533,0.8223667952757769,-1.0,1
223,0.0,1.0,0.0,1.0,1.0,0.0,1.0,0.0,0.0,0.0,1.0,1.0,1,0,1,0.32109004739336494,-0.48759920634920634,-1.162162162162162,0.0,-0.394880174291939,1.0053957957469164,-1.1794871794871802,-0.7634074539446032,0.0,0
224,0.0,1.0,0.0,1.0,0.0,1.0,1.0,0.0,0.0,0.0,1.0,0.0,0,2,0,-0.19727488151658767,0.33878968253968256,-0.2702702702702703,120.0,0.03594771241830065,0.2797710219981452,-0.9743589743589752,-0.26331416964821824,5.0,0
225,1.0,0.0,1.0,0.0,1.0,0.0,1.0,0.0,0.0,1.0,0.0,1.0,1,0,1,0.8234597156398105,-0.48759920634920634,-0.7837837837837838,0.0,0.06699346405228758,1.036095168280795,-0.8205128205128208,-0.7803383610772132,0.0,0
226,0.0,1.0,0.0,1.0,1.0,0.0,1.0,0.0,0.0,0.0,1.0,1.0,0,0,1,0.8394549763033176,0.6696428571428571,0.5405405405405406,0.0,1.35239651416122,0.7878084020896143,0.43589743589743607,-0.6349842514134958,0.0,1
227,0.0,1.0,0.0,1.0,1.0,0.0,1.0,0.0,0.0,0.0,1.0,1.0,0,4,1,-0.1895734597156398,1.0168650793650793,-0.40540540540540543,-60.0,0.7875816993464052,1.3823867854892948,0.02564102564102505,-0.9538965356595902,0.0,1
228,0.0,1.0,1.0,0.0,1.0,0.0,0.0,1.0,1.0,0.0,0.0,2.0,0,0,1,2.066943127962085,-0.48759920634920634,0.8378378378378378,0.0,1.210239651416122,0.39164075022948003,0.7179487179487178,-0.355477000417578,1.0,1
229,0.0,1.0,1.0,0.0,0.0,1.0,1.0,0.0,1.0,0.0,0.0,2.0,0,0,1,1.7079383886255923,-0.48759920634920634,0.6216216216216216,0.0,0.8801742919389978,0.28476023359765285,0.5128205128205128,-0.267569256054098,1.0,0
230,0.0,1.0,1.0,0.0,1.0,0.0,1.0,0.0,0.0,1.0,0.0,2.0,0,2,1,-0.4934834123222749,-0.48759920634920634,-0.3783783783783784,120.0,-1.1437908496732025,-1.0589381072856785,-1.0512820512820515,1.785739219822123,1.0,0
231,0.0,1.0,1.0,0.0,1.0,0.0,1.0,0.0,1.0,0.0,0.0,0.0,0,0,0,1.0610189573459716,-0.48759920634920634,0.3783783783783784,0.0,0.28540305010893247,-0.06677745510825317,0.2820512820512817,0.0709673622695355,3.0,0
232,0.0,1.0,1.0,0.0,1.0,0.0,1.0,0.0,0.0,0.0,1.0,2.0,1,1,0,-0.16054502369668247,0.498015873015873,0.02702702702702703,-180.0,0.2445533769063181,0.20357702375005765,2.7948717948717965,-0.19654527345500028,2.0,0
233,1.0,0.0,1.0,0.0,1.0,0.0,1.0,0.0,0.0,0.0,1.0,1.0,0,0,1,-0.33708530805687204,0.2361111111111111,0.0,0.0,-0.2053376906318083,-0.2571253076863365,-0.07692307692307669,0.294125489908787,0.0,1
234,0.0,1.0,0.0,1.0,1.0,0.0,1.0,0.0,0.0,0.0,1.0,1.0,0,1,1,0.8791469194312796,-0.02976190476190476,0.2702702702702703,-180.0,0.6209150326797386,0.35595332149016823,3.2564102564102577,-0.3267974348099733,-1.0,1
235,0.0,1.0,0.0,1.0,1.0,0.0,1.0,0.0,1.0,0.0,0.0,1.0,3,0,1,3.2091232227488153,1.9905753968253967,0.5405405405405406,0.0,4.981481481481482,4.115623053632535,0.43589743589743607,-1.7093021520857579,0.0,1
236,0.0,1.0,0.0,1.0,1.0,0.0,1.0,0.0,0.0,1.0,0.0,1.0,0,0,1,0.5787914691943128,-0.48759920634920634,0.5405405405405406,0.0,-0.1579520697167756,-0.5971578336493198,0.43589743589743607,0.790990834922392,0.0,1
237,0.0,1.0,1.0,0.0,1.0,0.0,1.0,0.0,0.0,0.0,1.0,2.0,0,2,1,-0.15639810426540285,-0.48759920634920634,-1.054054054054054,120.0,-0.8338779956427015,0.05676587370119467,-1.5320512820512833,-0.05767200130266386,1.0,0
238,0.0,1.0,0.0,1.0,1.0,0.0,1.0,0.0,0.0,0.0,1.0,1.0,2,0,1,1.2191943127962086,-0.48759920634920634,0.5405405405405406,0.0,0.43082788671023964,-0.05725574175109111,0.43589743589743607,0.06063303413107092,0.0,1
239,0.0,1.0,0.0,1.0,1.0,0.0,1.0,0.0,0.0,1.0,0.0,1.0,0,0,1,0.0,0.7524801587301587,0.4864864864864865,0.0,0.6715686274509803,0.20901968721600328,0.38461538461538447,-0.2014287335395163,0.0,1
240,0.0,1.0,1.0,0.0,1.0,0.0,0.0,1.0,0.0,0.0,1.0,2.0,0,0,1,2.2713270142180093,-0.48759920634920634,0.4864864864864865,0.0,1.3981481481481481,0.8856921893623869,0.38461538461538447,-0.6946589177835054,1.0,1
241,0.0,1.0,0.0,1.0,1.0,0.0,1.0,0.0,0.0,0.0,1.0,1.0,2,0,1,0.7304502369668247,-0.48759920634920634,-0.2702702702702703,0.0,-0.018518518518518517,0.21484292584017134,-0.3333333333333333,-0.20663381142542275,0.0,0
242,0.0,1.0,1.0,0.0,1.0,0.0,1.0,0.0,0.0,0.0,1.0,1.0,1,1,1,0.19786729857819904,-0.48759920634920634,0.08108108108108109,-180.0,-0.5081699346405228,-0.6427710366683999,2.8974358974358987,0.8698413882184415,-1.0,1
243,0.0,1.0,1.0,0.0,0.0,1.0,1.0,0.0,0.0,1.0,0.0,2.0,0,0,1,-0.5847156398104265,0.3060515873015873,0.5945945945945946,0.0,-0.3562091503267974,-0.8088173732225747,0.4871794871794867,1.188183608924558,1.0,1
244,0.0,1.0,0.0,1.0,1.0,0.0,1.0,0.0,0.0,0.0,1.0,1.0,0,0,1,-0.5924170616113744,0.7113095238095238,0.7027027027027027,0.0,0.08169934640522876,-0.4820647039213275,0.5897435897435894,0.6061315195435053,0.0,1
245,0.0,1.0,0.0,1.0,1.0,0.0,1.0,0.0,1.0,0.0,0.0,1.0,0,0,1,1.2766587677725119,-0.48759920634920634,0.40540540540540543,0.0,0.48366013071895425,0.10082918898676974,0.30769230769230776,-0.10085522897804464,0.0,1
246,0.0,1.0,0.0,1.0,1.0,0.0,1.0,0.0,0.0,0.0,1.0,1.0,0,0,1,-0.4443127962085308,0.5615079365079365,0.2702702702702703,0.0,0.05337690631808279,-0.20783898014823823,0.17948717948717946,0.23313714388840093,0.0,1
247,0.0,1.0,0.0,1.0,0.0,1.0,1.0,0.0,0.0,1.0,0.0,1.0,2,1,1,-0.7938388625592417,0.31845238095238093,0.08108108108108109,-180.0,-0.5348583877995643,-0.6709256978342474,2.8974358974358987,0.920238805300156,0.0,1
248,0.0,1.0,0.0,1.0,1.0,0.0,1.0,0.0,0.0,0.0,1.0,1.0,2,0,1,-0.13803317535545023,0.20684523809523808,0.08108108108108109,0.0,-0.054466230936819175,-0.16414179684899985,0.0,0.18100949154558607,0.0,1
249,0.0,1.0,0.0,1.0,1.0,0.0,1.0,0.0,0.0,1.0,0.0,1.0,2,0,1,-0.03376777251184834,-0.24751984126984128,0.6756756756756757,0.0,-0.45751633986928103,-0.9414062295182353,0.5641025641025644,1.4843599459764028,0.0,1
250,1.0,0.0,1.0,0.0,1.0,0.0,1.0,0.0,0.0,0.0,1.0,0.0,0,0,0,-0.09063981042654029,-0.48759920634920634,-1.054054054054054,0.0,-0.7734204793028322,0.15827317896225254,-1.0769230769230778,-0.15518680414938105,3.0,0
251,0.0,1.0,0.0,1.0,1.0,0.0,1.0,0.0,0.0,0.0,1.0,1.0,0,0,1,-0.17772511848341233,0.2361111111111111,-0.40540540540540543,0.0,-0.058823529411764705,0.32029982307359645,-0.4615384615384617,-0.2974793281027123,0.0,1
252,0.0,1.0,1.0,0.0,0.0,1.0,1.0,0.0,1.0,0.0,0.0,2.0,0,0,1,0.33708530805687204,0.33878968253968256,-0.02702702702702703,0.0,0.5272331154684096,0.5669199947863368,-0.10256410256410327,-0.48737728152312304,1.0,1
253,1.0,0.0,1.0,0.0,1.0,0.0,1.0,0.0,0.0,1.0,0.0,0.0,0,0,0,-1.0859004739336493,0.4052579365079365,-0.1891891891891892,0.0,-0.7080610021786492,-0.6695533882153056,-0.25641025641025667,0.9177507167500766,3.0,0
254,0.0,1.0,0.0,1.0,0.0,1.0,1.0,0.0,0.0,0.0,1.0,0.0,2,1,0,-0.26303317535545023,-0.48759920634920634,-1.7567567567567568,-180.0,-0.931917211328976,1.4186098286090068,-0.58974358974359,-0.9703852170652979,3.0,0
255,0.0,1.0,1.0,0.0,0.0,1.0,1.0,0.0,1.0,0.0,0.0,2.0,0,4,1,-0.3424170616113744,-0.48759920634920634,-1.2162162162162162,-60.0,-1.0049019607843137,0.002178438578131235,-0.8974358974358985,-0.002257113031830074,1.0,0
256,0.0,1.0,1.0,0.0,1.0,0.0,1.0,0.0,0.0,1.0,0.0,1.0,0,0,1,-0.4934834123222749,9.433035714285714,-0.1891891891891892,0.0,9.749455337690632,11.43354803152351,-0.25641025641025667,-2.2985394531492704,0.0,1
257,1.0,0.0,1.0,0.0,0.0,1.0,1.0,0.0,0.0,1.0,0.0,2.0,0,0,1,-0.8116113744075829,-0.48759920634920634,-1.5405405405405406,0.0,-1.4362745098039216,-0.34498427005173204,-1.5384615384615394,0.4090450098156971,1.0,1
258,1.0,0.0,1.0,0.0,1.0,0.0,1.0,0.0,0.0,1.0,0.0,1.0,0,0,1,0.7191943127962085,-0.48759920634920634,0.13513513513513514,0.0,-0.02886710239651416,-0.1825734818606789,0.05128205128205113,0.20278079420024883,0.0,1
259,0.0,1.0,0.0,1.0,0.0,1.0,1.0,0.0,0.0,0.0,1.0,2.0,0,0,1,-0.6907582938388626,0.7028769841269841,0.13513513513513514,0.0,-0.017973856209150325,-0.1712816390505962,0.05128205128205113,0.18940606190201317,1.0,1
260,1.0,0.0,1.0,0.0,0.0,1.0,1.0,0.0,1.0,0.0,0.0,2.0,0,0,1,-0.6635071090047393,-0.48759920634920634,-1.1891891891891893,0.0,-1.3001089324618735,-0.5727152053753971,-1.205128205128206,0.7500970728169897,1.0,1
261,1.0,0.0,1.0,0.0,0.0,1.0,0.0,1.0,0.0,1.0,0.0,2.0,1,0,1,0.31635071090047395,-0.48759920634920634,-1.2972972972972974,0.0,-0.39923747276688454,1.2998542462813574,-1.3076923076923086,-0.9152261283751946,2.0,0
262,0.0,1.0,0.0,1.0,0.0,1.0,1.0,0.0,1.0,0.0,0.0,2.0,0,0,1,-0.6398104265402843,0.5208333333333334,0.0,0.0,-0.1710239651416122,-0.21993921625040616,-0.07692307692307669,0.24789023946347646,1.0,1
263,1.0,0.0,1.0,0.0,1.0,0.0,1.0,0.0,0.0,0.0,1.0,1.0,0,0,1,-0.20023696682464456,-0.48759920634920634,-1.3513513513513513,0.0,-0.8741830065359477,0.4912201884859463,-1.3589743589743601,-0.4321622883696898,0.0,1
264,0.0,1.0,0.0,1.0,1.0,0.0,1.0,0.0,1.0,0.0,0.0,1.0,0,0,1,-1.367298578199052,0.8878968253968254,0.05405405405405406,0.0,-0.43681917211328974,-0.5480158268044797,-0.025641025641025564,0.7096960676876592,0.0,1
265,0.0,1.0,0.0,1.0,1.0,0.0,1.0,0.0,0.0,1.0,0.0,1.0,0,0,1,-0.05154028436018957,0.2152777777777778,0.7567567567567568,0.0,0.03431372549019608,-0.5558629854239865,0.6410256410256411,0.7224331432130668,0.0,1
266,0.0,1.0,0.0,1.0,1.0,0.0,1.0,0.0,1.0,0.0,0.0,1.0,0,0,1,1.4786729857819905,-0.48759920634920634,0.7567567567567568,0.0,0.6693899782135077,-0.007267622234149342,0.6410256410256411,0.0075560289190425714,0.0,1
267,1.0,0.0,1.0,0.0,0.0,1.0,1.0,0.0,0.0,0.0,1.0,0.0,0,1,0,-0.3631516587677725,-0.48759920634920634,-0.8108108108108109,-180.0,-1.0239651416122004,-0.5422186753618035,1.2051282051282055,0.7003446091955714,3.0,0
268,0.0,1.0,0.0,1.0,1.0,0.0,1.0,0.0,0.0,0.0,1.0,1.0,0,0,1,-0.8963270142180095,0.36507936507936506,-0.2702702702702703,0.0,-0.5778867102396514,-0.45196862170221974,-0.3333333333333333,0.5608464269389449,0.0,1
269,0.0,1.0,0.0,1.0,1.0,0.0,1.0,0.0,0.0,0.0,1.0,0.0,1,0,0,2.3204976303317535,0.3392857142857143,0.0,0.0,2.3513071895424837,2.513533632000293,-0.07692307692307669,-1.3616793599677022,3.0,0
270,0.0,1.0,0.0,1.0,1.0,0.0,1.0,0.0,1.0,0.0,0.0,1.0,0,0,1,-0.39514218009478674,1.6453373015873016,0.2972972972972973,0.0,1.2886710239651415,0.9881526489567205,0.205128205128205,-0.7537757731565665,0.0,1
271,1.0,0.0,1.0,0.0,0.0,1.0,1.0,0.0,1.0,0.0,0.0,2.0,1,0,1,0.7541469194312796,-0.48759920634920634,-0.7837837837837838,0.0,0.0032679738562091504,0.9423101404970556,-0.8205128205128208,-0.7277315193690674,1.0,0
272,0.0,1.0,0.0,1.0,1.0,0.0,1.0,0.0,0.0,1.0,0.0,1.0,2,0,1,1.5414691943127963,-0.48759920634920634,0.6216216216216216,0.0,0.7271241830065359,0.1475813236699036,0.5128205128205128,-0.14523742965424852,0.0,1
273,0.0,1.0,0.0,1.0,1.0,0.0,1.0,0.0,1.0,0.0,0.0,1.0,0,0,1,-0.24466824644549762,-0.47960317418650794,-0.6216216216216216,0.0,-0.9062527228540305,-0.5585477177686639,-0.6666666666666674,0.726811797695581,0.0,1
274,0.0,1.0,1.0,0.0,0.0,1.0,1.0,0.0,0.0,0.0,1.0,1.0,0,1,1,-0.36492890995260663,-0.48759920634920634,-1.3513513513513513,-180.0,-1.025599128540305,0.19038667628733463,0.17948717948717946,-0.18463515679470308,0.0,1
275,1.0,0.0,1.0,0.0,1.0,0.0,0.0,1.0,0.0,1.0,0.0,2.0,1,0,1,3.134478672985782,-0.48759920634920634,1.0810810810810811,0.0,2.1917211328976034,0.9831587303761953,0.9487179487179493,-0.7509696519343105,1.0,1
276,0.0,1.0,1.0,0.0,1.0,0.0,1.0,0.0,1.0,0.0,0.0,0.0,0,0,0,1.8761848341232228,-0.48759920634920634,-0.13513513513513514,0.0,1.0348583877995643,1.2695843888559433,-0.205128205128205,-0.900645226253371,3.0,0
277,0.0,1.0,0.0,1.0,1.0,0.0,1.0,0.0,0.0,1.0,0.0,1.0,0,0,1,-0.5379146919431279,0.6731150793650794,0.8918918918918919,0.0,0.08986928104575163,-0.5862608105179117,0.7692307692307694,0.7726454154335004,0.0,1
278,0.0,1.0,1.0,0.0,1.0,0.0,1.0,0.0,0.0,0.0,1.0,1.0,0,0,1,0.24703791469194314,-0.48759920634920634,-0.2702702702702703,0.0,-0.46296296296296297,-0.31497033880889497,-0.3333333333333333,0.36885410856791606,0.0,1
279,0.0,1.0,1.0,0.0,1.0,0.0,1.0,0.0,0.0,1.0,0.0,1.0,0,0,1,-0.8335308056872038,0.4305555555555556,-1.6216216216216217,0.0,-0.4482570806100218,2.1548944390404303,-1.615384615384616,-1.252752434386745,0.0,1
280,1.0,0.0,0.0,1.0,0.0,1.0,0.0,1.0,1.0,0.0,0.0,2.0,0,0,1,2.256516587677725,-0.48759920634920634,0.7567567567567568,0.0,1.3845315904139432,0.6104902781674423,0.6410256410256411,-0.518029185466419,2.0,1
281,0.0,1.0,1.0,0.0,0.0,1.0,1.0,0.0,0.0,1.0,0.0,2.0,3,0,1,0.8139810426540285,0.5009920634920635,1.027027027027027,0.0,1.1437908496732025,0.18953851647265874,0.8974358974358978,-0.1838656600692378,1.0,1
282,0.0,1.0,0.0,1.0,1.0,0.0,0.0,1.0,1.0,0.0,0.0,2.0,1,0,1,0.07879146919431279,0.11259920634920635,0.5405405405405406,0.0,0.04139433551198257,-0.41436027061994724,0.43589743589743607,0.5058982688542825,1.0,1
283,0.0,1.0,0.0,1.0,0.0,1.0,1.0,0.0,1.0,0.0,0.0,2.0,2,0,1,0.7813981042654028,-0.48759920634920634,0.0,0.0,0.02832244008714597,-0.003905732670238593,-0.07692307692307669,0.00405575515639681,1.0,1
284,0.0,1.0,0.0,1.0,1.0,0.0,1.0,0.0,1.0,0.0,0.0,1.0,0,0,1,0.12203791469194313,0.1949404761904762,-1.4864864864864864,0.0,0.1715686274509804,3.0524368301114753,-1.4871794871794877,-1.5000374015831028,0.0,0
285,0.0,1.0,0.0,1.0,1.0,0.0,1.0,0.0,1.0,0.0,0.0,0.0,2,0,0,0.004146919431279621,0.36061507936507936,1.0810810810810811,0.0,0.24509803921568626,-0.5638613740811282,0.9487179487179493,0.7355097966737587,3.0,0
286,0.0,1.0,0.0,1.0,0.0,1.0,1.0,0.0,1.0,0.0,0.0,0.0,2,0,0,-0.6066350710900474,0.1349206349206349,0.40540540540540543,0.0,-0.5642701525054467,-0.8985440670767638,0.30769230769230776,1.3839740086381285,4.0,0
287,0.0,1.0,0.0,1.0,0.0,1.0,1.0,0.0,0.0,0.0,1.0,2.0,2,4,1,-0.8145734597156398,0.23462301587301587,-1.3513513513513513,-60.0,-0.6459694989106753,0.9446347266557975,-1.0512820512820515,-0.7290677303173456,1.0,1
288,0.0,1.0,0.0,1.0,1.0,0.0,1.0,0.0,1.0,0.0,0.0,0.0,0,0,0,0.36433649289099523,0.37202380952380953,1.054054054054054,0.0,0.5887799564270153,-0.2742268690721797,0.9230769230769228,0.3158549735315624,3.0,0
289,0.0,1.0,0.0,1.0,1.0,0.0,1.0,0.0,1.0,0.0,0.0,2.0,0,1,0,-0.5035545023696683,0.7356150793650794,-0.5405405405405406,-180.0,0.1900871459694989,0.820549920665003,1.7179487179487187,-0.6553092509326697,2.0,1
290,0.0,1.0,1.0,0.0,1.0,0.0,0.0,1.0,0.0,1.0,0.0,2.0,0,0,1,2.2227488151658767,-0.48759920634920634,-0.7027027027027027,0.0,1.3534858387799564,2.726601784781904,-0.7435897435897442,-1.4196372344696424,1.0,1
291,0.0,1.0,0.0,1.0,1.0,0.0,1.0,0.0,0.0,1.0,0.0,1.0,2,0,1,0.31161137440758296,-0.48759920634920634,-0.3783783783783784,0.0,-0.4035947712418301,-0.13979974604936202,-0.4358974358974366,0.15272814340098914,0.0,1
292,0.0,1.0,0.0,1.0,1.0,0.0,1.0,0.0,0.0,0.0,1.0,1.0,0,0,1,0.5734597156398105,-0.48759920634920634,0.21621621621621623,0.0,-0.16285403050108932,-0.3831998635850711,0.12820512820512833,0.4616939099859438,0.0,1
293,0.0,1.0,1.0,0.0,1.0,0.0,1.0,0.0,1.0,0.0,0.0,1.0,2,0,1,0.6048578199052133,-0.48759920634920634,0.7027027027027027,0.0,-0.13398692810457516,-0.6711200427342514,0.5897435897435894,0.9205914310903806,0.0,1
294,0.0,1.0,0.0,1.0,1.0,0.0,1.0,0.0,0.0,0.0,1.0,1.0,3,1,1,2.610781990521327,-0.48759920634920634,0.4864864864864865,-180.0,1.710239651416122,1.1763468698195667,3.6666666666666687,-0.8543201418100961,-1.0,1
295,1.0,0.0,1.0,0.0,0.0,1.0,0.0,1.0,0.0,1.0,0.0,2.0,1,0,1,1.1007109004739337,-0.48759920634920634,0.5945945945945946,0.0,0.32189542483660133,-0.19642737536895774,0.4871794871794867,0.2193517741901205,2.0,1
296,0.0,1.0,1.0,0.0,1.0,0.0,1.0,0.0,0.0,1.0,0.0,0.0,0,0,0,0.4934834123222749,-0.48759920634920634,-0.32432432432432434,0.0,-0.23638344226579522,0.010332673574422791,-0.38461538461538497,-0.010674210304453712,3.0,0
297,0.0,1.0,1.0,0.0,1.0,0.0,1.0,0.0,1.0,0.0,0.0,1.0,0,0,1,1.5799763033175356,-0.48759920634920634,0.8108108108108109,0.0,0.7625272331154684,0.03285874775167851,0.6923076923076927,-0.0336700707656591,0.0,1
298,0.0,1.0,0.0,1.0,0.0,1.0,1.0,0.0,0.0,0.0,1.0,0.0,3,1,0,-0.22867298578199052,0.33779761904761907,-1.0810810810810811,-180.0,0.005991285403050109,1.5271325036159054,0.6923076923076927,-1.0181127448807716,3.0,0
299,1.0,0.0,0.0,1.0,0.0,1.0,1.0,0.0,0.0,1.0,0.0,2.0,2,0,1,-1.8501184834123223,0.9593253968253969,-0.32432432432432434,0.0,-0.8022875816993464,-0.6780376520187897,-0.38461538461538497,0.933186056824529,1.0,1
300,0.0,1.0,0.0,1.0,1.0,0.0,1.0,0.0,0.0,0.0,1.0,1.0,0,0,1,0.5924170616113744,0.7281746031746031,0.0,0.0,1.1895424836601307,1.2545188219552181,-0.07692307692307669,-0.8933060245075367,0.0,0
301,0.0,1.0,0.0,1.0,0.0,1.0,1.0,0.0,1.0,0.0,0.0,0.0,1,1,0,-0.4028436018957346,0.2564484126984127,0.08108108108108109,-180.0,-0.2434640522875817,-0.36352276469693734,2.8974358974358987,0.43437453843295,3.0,0
302,0.0,1.0,0.0,1.0,1.0,0.0,1.0,0.0,0.0,1.0,0.0,1.0,3,0,1,0.8045023696682464,-0.48759920634920634,-0.2702702702702703,0.0,0.049564270152505446,0.29600304603763866,-0.3333333333333333,-0.277106672080805,0.0,1
303,1.0,0.0,1.0,0.0,1.0,0.0,0.0,1.0,0.0,0.0,1.0,2.0,0,0,1,-0.4934834123222749,-0.48759920634920634,-0.4594594594594595,0.0,-1.1437908496732025,-1.0043950157551225,-0.5128205128205133,1.6408305152620344,1.0,1
304,1.0,0.0,0.0,1.0,1.0,0.0,1.0,0.0,0.0,1.0,0.0,0.0,2,0,0,-0.2725118483412322,0.4409722222222222,0.5945945945945946,0.0,0.0789760348583878,-0.4158056396602939,0.4871794871794867,0.5079773233428511,3.0,0
305,0.0,1.0,0.0,1.0,0.0,1.0,1.0,0.0,1.0,0.0,0.0,2.0,3,0,1,-0.14099526066350712,-0.48759920634920634,0.08108108108108109,0.0,-0.8197167755991286,-0.9714336119105332,0.0,1.5575684863090868,1.0,1
306,0.0,1.0,0.0,1.0,1.0,0.0,1.0,0.0,0.0,1.0,0.0,1.0,0,0,1,-0.740521327014218,1.0749007936507937,0.4864864864864865,0.0,0.34477124183006536,-0.0953307635244991,0.38461538461538447,0.10240202425461496,0.0,1
307,0.0,1.0,0.0,1.0,0.0,1.0,1.0,0.0,1.0,0.0,0.0,2.0,1,0,1,-0.8145734597156398,0.720734126984127,0.5675675675675675,0.0,-0.11220043572984749,-0.5719567346707993,0.4615384615384617,0.7488427967508294,1.0,1
308,0.0,1.0,1.0,0.0,1.0,0.0,1.0,0.0,1.0,0.0,0.0,0.0,2,0,0,0.12677725118483413,-0.48759920634920634,-0.8108108108108109,0.0,-0.5735294117647058,0.12897551867125107,-0.8461538461538466,-0.12774747270181608,3.0,0
309,0.0,1.0,1.0,0.0,1.0,0.0,1.0,0.0,0.0,0.0,1.0,1.0,0,0,1,-0.5319905213270142,-0.48759920634920634,-0.9459459459459459,0.0,-1.1791938997821352,-0.6417750894706965,-0.9743589743589752,0.8680832755442683,0.0,0
310,0.0,1.0,1.0,0.0,0.0,1.0,1.0,0.0,0.0,1.0,0.0,2.0,0,0,1,-0.3755924170616114,0.8938492063492064,-0.3783783783783784,0.0,0.48148148148148145,0.9592435482913417,-0.4358974358974366,-0.7374267869309283,1.0,1
311,0.0,1.0,1.0,0.0,0.0,1.0,1.0,0.0,1.0,0.0,0.0,2.0,0,0,1,0.21208530805687204,-0.48759920634920634,0.0,0.0,-0.4950980392156863,-0.5711411909230827,-0.07692307692307669,0.747495113890647,1.0,1
312,0.0,1.0,0.0,1.0,1.0,0.0,1.0,0.0,1.0,0.0,0.0,0.0,0,0,0,0.15639810426540285,0.5823412698412699,0.24324324324324326,0.0,0.6285403050108932,0.389690469493821,0.15384615384615338,-0.35392653461500556,3.0,0
313,1.0,0.0,0.0,1.0,1.0,0.0,1.0,0.0,0.0,1.0,0.0,1.0,1,3,1,-0.004146919431279621,-0.034722222222222224,-0.13513513513513514,-276.0,-0.19662309368191722,-0.1285339484124271,8.641025641025646,0.1398169959110177,-1.0,1
314,0.0,1.0,0.0,1.0,0.0,1.0,1.0,0.0,1.0,0.0,0.0,2.0,0,0,1,-0.43424170616113744,0.3556547619047619,-0.08108108108108109,0.0,-0.16339869281045752,-0.14051400567415215,-0.15384615384615388,0.15355047776158415,1.0,1
315,0.0,1.0,0.0,1.0,1.0,0.0,1.0,0.0,0.0,0.0,1.0,1.0,0,3,1,0.7654028436018957,0.9295634920634921,0.02702702702702703,-348.0,1.5697167755991286,1.6267306989964578,82.48717948717953,-1.0598323531244764,-1.0,1
316,0.0,1.0,0.0,1.0,1.0,0.0,0.0,1.0,0.0,1.0,0.0,2.0,1,0,1,-0.259478672985782,-0.48759920634920634,-0.40540540540540543,0.0,-0.9286492374727668,-0.7711756460241322,-0.4615384615384617,1.1113339419500676,1.0,1
317,1.0,0.0,1.0,0.0,1.0,0.0,1.0,0.0,1.0,0.0,0.0,2.0,0,2,1,-1.5924170616113744,1.3392857142857142,0.08108108108108109,120.0,-0.14814814814814814,-0.2629704033903409,-0.7243589743589752,0.30151873291230713,1.0,1
318,1.0,0.0,1.0,0.0,1.0,0.0,1.0,0.0,0.0,1.0,0.0,1.0,0,0,1,-0.10308056872037914,-0.48759920634920634,-0.2702702702702703,0.0,-0.7848583877995643,-0.6986953871025204,-0.3333333333333333,0.9713024529456189,0.0,1
319,0.0,1.0,0.0,1.0,0.0,1.0,1.0,0.0,1.0,0.0,0.0,0.0,1,0,0,0.42476303317535546,2.142361111111111,0.7567567567567568,0.0,2.588235294117647,1.650280803595864,0.6410256410256411,-1.0694209103169112,4.0,0
320,0.0,1.0,0.0,1.0,0.0,1.0,1.0,0.0,0.0,1.0,0.0,2.0,0,4,1,0.2849526066350711,0.24801587301587302,0.3783783783783784,-60.0,0.37962962962962965,0.0238077113056944,0.9179487179487179,-0.02447516313881672,1.0,1
321,0.0,1.0,1.0,0.0,1.0,0.0,1.0,0.0,0.0,0.0,1.0,1.0,0,0,1,0.1481042654028436,-0.48759920634920634,-0.3783783783783784,0.0,-0.553921568627451,-0.3264680225035368,-0.4358974358974366,0.3841327265945386,0.0,0
322,0.0,1.0,1.0,0.0,0.0,1.0,1.0,0.0,1.0,0.0,0.0,2.0,0,0,1,0.15699052132701422,0.15079365079365079,-0.2702702702702703,0.0,0.15522875816993464,0.4219635525841082,-0.3333333333333333,-0.3793382247686052,1.0,0
323,0.0,1.0,0.0,1.0,1.0,0.0,1.0,0.0,0.0,0.0,1.0,1.0,2,0,1,-0.02962085308056872,0.5218253968253969,1.027027027027027,0.0,0.39106753812636164,-0.416749516570043,0.8974358974358978,0.5093364095914517,0.0,1
324,0.0,1.0,0.0,1.0,1.0,0.0,1.0,0.0,0.0,1.0,0.0,1.0,0,1,1,-0.7126777251184834,2.8189484126984126,-1.0810810810810811,-180.0,2.2854030501089326,5.408905109631914,0.6923076923076927,-1.8903334409250436,-1.0,0
325,0.0,1.0,0.0,1.0,1.0,0.0,1.0,0.0,1.0,0.0,0.0,1.0,3,0,1,0.07879146919431279,1.212797619047619,1.0810810810810811,0.0,1.2494553376906319,0.2343213546875638,0.9487179487179493,-0.22389690225228268,0.0,1
326,1.0,0.0,0.0,1.0,1.0,0.0,1.0,0.0,0.0,1.0,0.0,2.0,2,2,1,-0.7713270142180095,0.3219246031746032,0.08108108108108109,120.0,-0.5103485838779956,-0.6450693763554078,-0.7243589743589752,0.873904921622008,1.0,1
327,0.0,1.0,0.0,1.0,0.0,1.0,1.0,0.0,0.0,1.0,0.0,0.0,3,0,0,-0.15343601895734596,0.4052579365079365,0.35135135135135137,0.0,0.14923747276688454,-0.17693215063564172,0.25641025641025667,0.1960841899864924,4.0,0
328,1.0,0.0,1.0,0.0,0.0,1.0,1.0,0.0,1.0,0.0,0.0,2.0,0,0,1,0.039691943127962086,-0.48759920634920634,-0.40540540540540543,0.0,-0.6535947712418301,-0.4260315559212186,-0.4615384615384617,0.522760412430759,1.0,0
329,0.0,1.0,0.0,1.0,0.0,1.0,1.0,0.0,0.0,1.0,0.0,2.0,2,0,1,-0.6759478672985783,0.37648809523809523,-1.7567567567567568,0.0,-0.3627450980392157,2.9263845060552875,-1.7435897435897443,-1.470028593766365,1.0,1
330,0.0,1.0,1.0,0.0,1.0,0.0,1.0,0.0,0.0,1.0,0.0,1.0,0,0,1,-0.4934834123222749,-0.48759920634920634,-1.4864864864864864,0.0,-1.1437908496732025,0.20150315335680596,-1.4871794871794877,-0.1946797424990869,0.0,1
331,0.0,1.0,0.0,1.0,1.0,0.0,0.0,1.0,1.0,0.0,0.0,2.0,3,0,1,1.3886255924170616,0.21875,-0.2702702702702703,0.0,1.3622004357298474,1.8607701634448088,-0.3333333333333333,-1.1507724510116564,1.0,1
332,0.0,1.0,0.0,1.0,1.0,0.0,1.0,0.0,0.0,1.0,0.0,1.0,0,0,1,0.2618483412322275,-0.48759920634920634,0.0,0.0,-0.4493464052287582,-0.5215597356751752,-0.07692307692307669,0.6674150892656762,0.0,1
333,0.0,1.0,1.0,0.0,0.0,1.0,1.0,0.0,0.0,1.0,0.0,2.0,1,0,1,-0.38744075829383884,0.15823412698412698,-0.43243243243243246,0.0,-0.3371459694989107,0.0,-0.4871794871794872,0.0,1.0,1
334,0.0,1.0,1.0,0.0,0.0,1.0,1.0,0.0,0.0,1.0,0.0,2.0,0,0,1,2.043838862559242,-0.48759920634920634,0.5405405405405406,0.0,1.1889978213507626,0.6379743340327522,0.43589743589743607,-0.5369588168850956,1.0,1
335,0.0,1.0,0.0,1.0,1.0,0.0,1.0,0.0,0.0,0.0,1.0,1.0,3,0,1,0.5616113744075829,-0.48759920634920634,-0.2702702702702703,0.0,-0.17374727668845316,0.02979785178994627,-0.3333333333333333,-0.030567221450551792,0.0,1
336,0.0,1.0,1.0,0.0,1.0,0.0,1.0,0.0,1.0,0.0,0.0,0.0,2,0,0,0.15106635071090047,-0.48759920634920634,0.0,0.0,-0.55119825708061,-0.631937499143731,-0.07692307692307669,0.8508061359974154,3.0,0
337,0.0,1.0,1.0,0.0,0.0,1.0,1.0,0.0,1.0,0.0,0.0,2.0,0,0,1,-0.46386255924170616,0.5252976190476191,0.43243243243243246,0.0,-0.004357298474945534,-0.3835055514200897,0.3333333333333333,0.46212190621838733,1.0,1
338,0.0,1.0,1.0,0.0,1.0,0.0,1.0,0.0,0.0,1.0,0.0,1.0,2,0,1,0.16824644549763032,-0.48759920634920634,-0.08108108108108109,0.0,-0.5354030501089324,-0.554961572738602,-0.15384615384615388,0.7209653895774452,0.0,1
339,0.0,1.0,0.0,1.0,0.0,1.0,1.0,0.0,1.0,0.0,0.0,2.0,0,0,1,-0.24644549763033174,-0.22172619047619047,-1.1891891891891893,0.0,-0.6247276688453159,0.6471459951683539,-1.205128205128206,-0.5432076287926143,1.0,0
340,1.0,0.0,0.0,1.0,1.0,0.0,1.0,0.0,0.0,1.0,0.0,1.0,1,1,1,0.7553317535545023,0.9236111111111112,0.8108108108108109,-180.0,1.553921568627451,0.7067196314483649,4.282051282051285,-0.5829889259919903,-1.0,1
341,1.0,0.0,1.0,0.0,1.0,0.0,1.0,0.0,0.0,1.0,0.0,0.0,0,0,0,-0.7079383886255924,-0.48759920634920634,-0.2972972972972973,0.0,-1.340958605664488,-1.3475894034627316,-0.3589743589743589,2.740320227784837,3.0,0
342,1.0,0.0,1.0,0.0,1.0,0.0,1.0,0.0,0.0,1.0,0.0,1.0,1,0,1,0.18898104265402843,-0.48759920634920634,-0.40540540540540543,0.0,-0.5163398692810458,-0.25380123769164614,-0.4615384615384617,0.28993644361643367,0.0,1
343,0.0,1.0,0.0,1.0,0.0,1.0,1.0,0.0,0.0,0.0,1.0,2.0,1,0,1,-0.6481042654028436,0.7643849206349206,0.4864864864864865,0.0,0.08877995642701525,-0.3337386166045593,0.38461538461538447,0.3938692580709108,1.0,1
344,1.0,0.0,0.0,1.0,0.0,1.0,1.0,0.0,0.0,1.0,0.0,2.0,0,0,1,-0.1872037914691943,-0.15873015873015872,-0.21621621621621623,0.0,-0.5010893246187363,-0.40727008334719117,-0.2820512820512822,0.4957367303143756,1.0,1
345,0.0,1.0,1.0,0.0,0.0,1.0,1.0,0.0,0.0,1.0,0.0,1.0,0,3,1,0.01481042654028436,-0.48759920634920634,-0.8108108108108109,-324.0,-0.6764705882352942,-0.024417108501961948,17.615384615384624,0.02554581505649333,0.0,0
346,0.0,1.0,1.0,0.0,1.0,0.0,1.0,0.0,1.0,0.0,0.0,1.0,0,0,1,-0.47808056872037913,0.3968253968253968,0.9459459459459459,0.0,-0.15849673202614378,-0.8202900389073328,0.820512820512821,1.2122025167887456,0.0,1
347,1.0,0.0,1.0,0.0,1.0,0.0,1.0,0.0,0.0,1.0,0.0,0.0,0,0,0,0.9875592417061612,-0.48759920634920634,-0.1891891891891892,0.0,0.2178649237472767,0.4020753833240688,-0.25641025641025667,-0.36373989781919003,3.0,0
348,0.0,1.0,0.0,1.0,1.0,0.0,1.0,0.0,1.0,0.0,0.0,1.0,0,0,1,-0.3246445497630332,0.5124007936507936,0.0,0.0,0.10947712418300654,0.08404232485283535,-0.07692307692307669,-0.08456200512422576,0.0,1
349,0.0,1.0,0.0,1.0,1.0,0.0,1.0,0.0,1.0,0.0,0.0,2.0,0,1,0,0.15402843601895735,1.6284722222222223,0.5945945945945946,-180.0,1.7750544662309369,1.1159071742482711,3.871794871794873,-0.823096865022999,2.0,0
350,0.0,1.0,0.0,1.0,1.0,0.0,1.0,0.0,0.0,1.0,0.0,1.0,1,0,1,1.2648104265402844,0.024305555555555556,-2.27027027027027,0.0,1.0348583877995643,13.482250094760547,-2.230769230769232,-2.368310310900415,0.0,1
351,1.0,0.0,1.0,0.0,1.0,0.0,1.0,0.0,0.0,0.0,1.0,1.0,0,0,1,-0.39454976303317535,0.31845238095238093,-0.7027027027027027,0.0,-0.16775599128540306,0.5677425875292732,-0.7435897435897442,-0.4879634362577003,0.0,1
352,0.0,1.0,0.0,1.0,0.0,1.0,1.0,0.0,0.0,1.0,0.0,2.0,2,0,1,0.20260663507109006,-0.36755952380952384,-0.05405405405405406,0.0,-0.3720043572984749,-0.3949280868552887,-0.12820512820512833,0.4781943502863089,1.0,1
353,0.0,1.0,1.0,0.0,0.0,1.0,0.0,1.0,0.0,1.0,0.0,2.0,0,0,1,1.4614928909952607,-0.48759920634920634,0.5945945945945946,0.0,0.6535947712418301,0.10312725008714858,0.4871794871794867,-0.10307079134041876,2.0,1
354,0.0,1.0,0.0,1.0,0.0,1.0,1.0,0.0,1.0,0.0,0.0,2.0,0,0,1,0.6718009478672986,-0.48759920634920634,0.2702702702702703,0.0,-0.0724400871459695,-0.3328255652523377,0.17948717948717946,0.3926433145997207,1.0,1
355,0.0,1.0,1.0,0.0,1.0,0.0,1.0,0.0,0.0,0.0,1.0,1.0,0,0,1,0.0,-0.48759920634920634,-1.0810810810810811,0.0,-0.6900871459694989,0.341730976617469,-1.1025641025641035,-0.3151833807046212,0.0,1
356,0.0,1.0,0.0,1.0,1.0,0.0,1.0,0.0,1.0,0.0,0.0,0.0,3,0,0,0.039691943127962086,0.7524801587301587,0.35135135135135137,0.0,0.7080610021786492,0.3646631880479451,0.25641025641025667,-0.3338575943364653,3.0,0
357,1.0,0.0,1.0,0.0,1.0,0.0,1.0,0.0,0.0,0.0,1.0,1.0,0,0,1,-0.5657582938388626,-0.48759920634920634,-2.72972972972973,0.0,-1.210239651416122,14.405671906785063,-2.666666666666668,-2.394310190608431,0.0,0
358,0.0,1.0,0.0,1.0,1.0,0.0,1.0,0.0,0.0,0.0,1.0,0.0,0,0,0,-0.09893364928909952,0.5362103174603174,-0.16216216216216217,0.0,0.3431372549019608,0.515360121672886,-0.2307692307692316,-0.4500478547416928,3.0,0
359,0.0,1.0,0.0,1.0,1.0,0.0,1.0,0.0,0.0,1.0,0.0,1.0,3,0,1,1.8204976303317535,-0.48759920634920634,1.0810810810810811,0.0,0.9836601307189542,0.02308861518695528,0.9487179487179493,-0.023742062596018482,0.0,0
360,0.0,1.0,0.0,1.0,1.0,0.0,1.0,0.0,0.0,0.0,1.0,1.0,2,3,1,-0.10308056872037914,-0.25892857142857145,-0.05405405405405406,-276.0,-0.5337690631808278,-0.5734803512897167,8.970695970695976,0.7513632734595015,-1.0,1
361,1.0,0.0,0.0,1.0,1.0,0.0,1.0,0.0,0.0,1.0,0.0,0.0,0,0,0,-0.1457345971563981,0.6086309523809523,0.7027027027027027,0.0,0.37962962962962965,-0.22092008187418308,0.5897435897435894,0.24909233650264925,3.0,0
362,0.0,1.0,1.0,0.0,1.0,0.0,1.0,0.0,0.0,0.0,1.0,1.0,0,0,1,-0.061611374407582936,0.871031746031746,0.0,0.0,0.7450980392156863,0.772870399546976,-0.07692307692307669,-0.6255856535122243,0.0,1
363,0.0,1.0,0.0,1.0,1.0,0.0,1.0,0.0,1.0,0.0,0.0,1.0,1,0,1,-0.9188388625592417,0.6195436507936508,-0.08108108108108109,0.0,-0.31917211328976036,-0.3140601318534092,-0.15384615384615388,0.36765074779263435,0.0,1
364,0.0,1.0,1.0,0.0,1.0,0.0,1.0,0.0,0.0,0.0,1.0,1.0,0,0,1,-0.8868483412322274,16.296626984126984,-0.5405405405405406,0.0,16.924291938997822,22.985559102415987,-0.58974358974359,-2.5466788590245883,0.0,0
365,1.0,0.0,0.0,1.0,1.0,0.0,1.0,0.0,0.0,1.0,0.0,1.0,0,0,1,-0.09893364928909952,-0.48759920634920634,-2.0,0.0,-0.7810457516339869,2.960291400715563,-1.9743589743589751,-1.4782309442931834,0.0,1
366,0.0,1.0,0.0,1.0,1.0,0.0,1.0,0.0,1.0,0.0,0.0,0.0,1,0,0,-0.860781990521327,-0.48759920634920634,-1.3243243243243243,0.0,-1.4814814814814814,-0.7487113090445399,-1.3333333333333344,1.0668481642208212,3.0,0
367,0.0,1.0,0.0,1.0,1.0,0.0,1.0,0.0,1.0,0.0,0.0,0.0,1,0,0,-0.3234597156398104,0.4632936507936508,0.972972972972973,0.0,0.05664488017429194,-0.6578440520814828,0.8461538461538461,0.8966536702451061,3.0,0
368,0.0,1.0,0.0,1.0,1.0,0.0,1.0,0.0,0.0,0.0,1.0,1.0,0,0,1,-0.6137440758293838,0.2673611111111111,-0.16216216216216217,0.0,-0.42538126361655776,-0.3655393367780861,-0.2307692307692316,0.43715357654596254,0.0,1
369,1.0,0.0,1.0,0.0,0.0,1.0,1.0,0.0,0.0,1.0,0.0,2.0,0,0,1,-0.6919431279620853,-0.48759920634920634,-1.0810810810810811,0.0,-1.3262527233115469,-0.741640684989866,-1.1025641025641035,1.0530522517307734,1.0,1
370,0.0,1.0,1.0,0.0,1.0,0.0,1.0,0.0,0.0,1.0,0.0,1.0,0,0,1,0.8394549763033176,-0.48759920634920634,-0.43243243243243246,0.0,0.08169934640522876,0.5311670845264024,-0.4871794871794872,-0.46161682984662156,0.0,1
371,0.0,1.0,0.0,1.0,1.0,0.0,0.0,1.0,0.0,1.0,0.0,0.0,2,0,0,-0.35959715639810425,-0.48759920634920634,-0.10810810810810811,0.0,-1.0206971677559913,-1.0800193208967188,-0.17948717948717996,1.8442838957656849,4.0,0
372,0.0,1.0,0.0,1.0,1.0,0.0,1.0,0.0,0.0,1.0,0.0,1.0,0,1,1,-0.19727488151658767,1.2068452380952381,-1.4594594594594594,-180.0,0.9891067538126361,4.689130786509231,-0.025641025641025564,-1.7973483328332445,-1.0,1
373,0.0,1.0,0.0,1.0,1.0,0.0,1.0,0.0,1.0,0.0,0.0,1.0,0,1,1,0.31161137440758296,1.1493055555555556,0.8648648648648649,-180.0,1.3937908496732025,0.5236080298793024,4.384615384615387,-0.4560983651270454,-1.0,1
374,0.0,1.0,1.0,0.0,0.0,1.0,1.0,0.0,1.0,0.0,0.0,2.0,0,0,1,0.2962085308056872,-0.48759920634920634,0.0,0.0,-0.417755991285403,-0.48732492133733474,-0.07692307692307669,0.6141701750754168,1.0,1
375,0.0,1.0,1.0,0.0,1.0,0.0,1.0,0.0,0.0,1.0,0.0,0.0,0,0,0,-0.20497630331753555,-0.48759920634920634,-0.5945945945945946,0.0,-0.8785403050108932,-0.5459077717344155,-0.6410256410256416,0.7062898451100282,3.0,0
376,0.0,1.0,0.0,1.0,1.0,0.0,1.0,0.0,0.0,0.0,1.0,1.0,3,0,1,1.4040284360189574,-0.48759920634920634,0.4864864864864865,0.0,0.6007625272331155,0.14307708955556112,0.38461538461538447,-0.14102396814710327,0.0,1
377,0.0,1.0,0.0,1.0,1.0,0.0,1.0,0.0,1.0,0.0,0.0,1.0,0,0,1,-0.059834123222748815,0.47966269841269843,-0.05405405405405406,0.0,0.31699346405228757,0.36557229869875674,-0.12820512820512833,-0.334592238025076,0.0,1
378,1.0,0.0,1.0,0.0,1.0,0.0,1.0,0.0,1.0,0.0,0.0,1.0,0,0,1,-0.2565165876777251,-0.48759920634920634,-1.054054054054054,0.0,-0.9259259259259259,-0.09778128475933479,-1.0769230769230778,0.10513137038384848,0.0,1
379,0.0,1.0,0.0,1.0,1.0,0.0,1.0,0.0,1.0,0.0,0.0,1.0,3,1,1,0.45793838862559244,-0.48759920634920634,-1.8918918918918919,-180.0,-0.2690631808278867,3.9150951258831013,-0.8461538461538466,-1.6749413348676496,-1.0,1
380,1.0,0.0,1.0,0.0,1.0,0.0,0.0,1.0,0.0,1.0,0.0,0.0,0,0,0,0.740521327014218,-0.48759920634920634,0.6216216216216216,0.0,-0.009259259259259259,-0.5124396237404772,0.5128205128205128,0.6530714867750925,4.0,0
