experience_level,employment_type,employee_residence,remote_ratio,company_location,company_size,new_job_title,sqrt_salary_in_usd,Cluster_Label
3,2,5,0,5,0,5,292.997,1
2,0,7,0,7,2,3,173.205,0
2,0,7,0,7,2,3,159.687,0
3,2,0,0,0,1,2,418.33,2
3,2,0,0,0,1,2,346.41,2
3,2,7,2,7,0,2,471.381,0
3,2,7,2,7,0,2,368.782,0
3,2,0,2,0,1,2,467.974,2
3,2,0,2,0,1,2,375.5,2
3,2,7,2,7,1,2,383.536,0
3,2,7,2,7,1,2,301.164,0
3,2,7,0,7,1,1,360.555,0
3,2,7,0,7,1,1,316.228,0
0,2,7,2,7,0,2,462.234,0
0,2,7,2,7,0,2,361.608,0
3,2,7,2,7,1,5,383.536,0
3,2,7,2,7,1,5,301.164,0
3,2,7,2,7,1,2,412.311,0
3,2,7,2,7,1,2,387.298,0
2,2,7,0,7,1,1,387.298,0
2,2,7,0,7,1,1,331.662,0
3,2,2,2,2,1,5,524.404,2
3,2,2,2,2,1,5,417.133,2
3,2,6,0,6,1,1,479.583,1
3,2,6,0,6,1,1,378.418,1
3,2,7,2,7,1,1,474.342,0
3,2,7,2,7,1,1,395.474,0
3,2,7,2,7,1,3,447.214,0
3,2,7,2,7,1,3,360.555,0
3,2,0,2,0,1,5,300.0,2
3,2,0,2,0,1,5,268.328,2
3,2,7,2,7,1,1,503.19,0
3,2,7,2,7,1,1,301.164,0
3,2,7,2,7,1,5,585.5,0
3,2,7,2,7,1,5,429.639,0
2,2,7,2,7,1,1,403.113,0
2,2,7,2,7,1,1,360.555,0
2,2,7,2,7,1,1,324.623,0
2,2,7,2,7,1,1,253.969,0
0,2,4,0,4,0,5,316.228,0
0,2,4,0,4,0,5,173.205,0
2,2,3,1,3,0,3,144.859,1
0,2,7,2,7,0,2,452.349,0
0,2,7,2,7,0,2,332.686,0
3,2,7,2,7,1,1,520.291,0
3,2,7,2,7,1,1,470.621,0
3,2,7,0,7,1,2,461.248,0
3,2,7,0,7,1,2,430.116,0
3,2,7,0,7,1,2,511.859,0
3,2,7,0,7,1,2,494.975,0
3,2,7,0,7,1,2,524.69,0
3,2,7,0,7,1,2,428.369,0
3,2,7,0,7,1,2,467.44,0
3,2,7,0,7,1,2,446.204,0
3,2,7,0,7,1,1,450.888,0
3,2,7,0,7,1,1,351.568,0
3,2,7,2,7,1,5,434.868,0
3,2,7,2,7,1,5,372.827,0
1,2,7,2,7,1,2,508.675,0
1,2,7,2,7,1,2,430.116,0
3,2,7,0,7,1,1,481.144,0
3,2,7,0,7,1,1,407.431,0
3,2,7,0,7,1,2,415.331,0
3,2,7,0,7,1,2,332.415,0
3,2,7,2,7,1,1,487.852,0
3,2,7,2,7,1,1,419.524,0
3,2,7,0,7,1,1,486.826,0
3,2,7,0,7,1,1,448.832,0
3,2,7,2,7,0,2,556.237,0
3,2,7,2,7,0,2,398.873,0
3,2,7,2,7,1,1,339.116,0
3,2,7,2,7,1,1,285.482,0
3,2,7,0,7,1,2,486.826,0
3,2,7,0,7,1,2,448.832,0
3,2,7,2,7,1,5,529.15,0
3,2,7,2,7,1,5,458.258,0
3,2,7,0,7,1,0,529.245,0
3,2,7,0,7,1,0,410.0,0
3,2,7,0,7,1,1,439.886,0
3,2,7,0,7,1,1,372.827,0
2,2,4,2,4,0,2,255.073,1
3,2,4,0,7,1,3,387.298,0
2,2,3,0,2,2,5,264.104,1
0,2,3,1,3,0,5,547.723,1
2,2,4,0,4,0,3,310.77,0
3,2,7,2,7,1,1,431.161,0
3,2,7,2,7,1,1,359.583,0
3,2,7,0,7,1,1,474.342,0
3,2,7,0,7,1,1,418.33,0
3,2,7,2,7,1,1,430.116,0
3,2,7,2,7,1,1,374.166,0
3,2,5,2,5,1,2,219.748,1
3,2,5,2,5,1,2,196.548,1
3,2,7,2,7,1,2,324.037,0
3,2,7,2,7,1,2,264.575,0
0,2,7,2,7,1,3,403.975,0
0,2,7,2,7,1,3,381.949,0
3,2,7,0,7,1,1,465.833,0
3,2,7,0,7,1,1,430.116,0
3,2,7,2,7,0,1,450.333,0
3,2,7,2,7,0,1,322.955,0
3,2,7,2,7,1,1,380.789,0
3,2,7,2,7,1,1,254.951,0
3,2,7,2,7,1,1,406.202,0
3,2,7,2,7,1,1,363.731,0
3,2,7,2,7,1,1,423.285,0
3,2,7,2,7,1,1,307.083,0
3,2,7,2,7,1,1,390.512,0
3,2,7,2,7,1,1,341.248,0
3,2,7,2,7,1,1,497.293,0
3,2,7,2,7,1,1,365.787,0
3,2,7,2,7,1,5,450.555,0
3,2,7,2,7,1,5,364.692,0
0,2,7,1,7,0,2,469.042,0
0,2,4,0,4,2,3,237.773,2
3,2,7,2,7,1,2,387.298,0
3,2,7,2,7,1,2,346.41,0
3,2,7,2,7,1,1,538.331,0
3,2,7,2,7,1,1,462.601,0
3,2,7,2,7,1,1,424.052,0
3,2,7,2,7,1,1,379.289,0
3,2,7,0,7,1,3,532.165,0
3,2,7,0,7,1,3,434.511,0
3,2,7,2,7,1,1,538.331,0
3,2,7,2,7,1,1,462.817,0
3,2,7,2,7,1,1,431.161,0
3,2,7,2,7,1,1,359.583,0
3,2,7,2,7,1,1,501.996,0
3,2,7,2,7,1,1,359.166,0
2,2,7,2,7,1,4,393.7,0
2,2,7,2,7,1,4,374.166,0
3,2,7,0,7,1,1,402.244,0
3,2,7,0,7,1,1,376.298,0
3,2,7,2,7,0,3,585.064,0
3,2,7,2,7,0,3,419.643,0
2,2,7,0,7,1,1,316.228,0
2,2,7,0,7,1,1,264.575,0
0,2,7,2,7,1,1,291.548,0
0,2,7,2,7,1,1,254.951,0
3,2,7,0,7,1,2,372.537,0
3,2,7,0,7,1,2,288.565,0
0,2,7,2,7,1,1,273.861,0
0,2,7,2,7,1,1,264.575,0
3,2,7,2,7,1,1,452.217,0
3,2,7,2,7,1,1,372.693,0
3,2,7,0,7,1,3,564.181,0
3,2,7,0,7,1,3,460.652,0
3,2,7,0,7,1,1,308.221,0
3,2,7,0,7,1,1,273.861,0
3,2,7,2,7,1,2,441.588,0
3,2,7,2,7,1,2,400.0,0
3,2,7,2,7,1,1,479.583,0
3,2,7,2,7,1,1,378.418,0
2,2,7,0,7,1,1,316.228,0
2,2,7,0,7,1,1,264.575,0
2,2,7,1,7,0,1,324.037,0
2,2,3,0,3,0,5,143.771,1
2,2,6,2,6,1,1,214.891,1
2,2,6,2,6,1,1,206.235,1
3,2,7,2,7,1,1,380.789,0
3,2,7,2,7,1,1,339.116,0
3,2,7,2,7,1,1,410.366,0
3,2,7,2,7,1,1,324.345,0
3,2,7,2,7,0,2,556.237,0
3,2,7,2,7,0,2,398.873,0
3,2,7,2,7,1,3,435.89,0
3,2,7,2,7,1,3,387.298,0
2,2,7,2,7,1,1,403.113,0
2,2,7,2,7,1,1,360.555,0
3,2,7,0,7,1,1,387.298,0
3,2,7,0,7,1,1,346.41,0
3,2,7,2,7,1,1,380.789,0
3,2,7,2,7,1,1,346.41,0
3,2,7,2,7,0,2,471.381,0
3,2,7,2,7,0,2,368.782,0
3,2,4,0,4,1,1,233.848,2
3,2,4,0,4,1,1,206.235,2
3,2,7,2,7,1,1,490.918,0
3,2,7,2,7,1,1,393.7,0
3,2,7,0,7,1,1,469.042,0
3,2,7,0,7,1,1,435.89,0
2,2,6,2,6,1,2,258.529,1
2,2,6,2,6,1,2,233.848,1
1,2,4,2,0,1,5,122.474,1
2,2,6,0,6,1,5,291.661,1
2,2,6,0,6,1,5,240.256,1
0,2,7,0,7,1,1,291.548,0
0,2,7,0,7,1,1,273.861,0
3,2,7,2,7,1,1,400.0,0
3,2,7,2,7,1,1,374.166,0
2,2,7,2,7,1,3,547.723,0
2,2,7,2,7,1,3,500.0,0
3,2,7,2,7,1,2,477.493,0
3,2,7,2,7,1,2,431.277,0
3,2,7,2,7,1,2,435.89,0
3,2,7,2,7,1,2,412.311,0
2,2,7,2,7,1,5,479.583,0
2,2,7,2,7,1,5,447.214,0
3,2,7,0,7,1,0,424.264,0
3,2,7,0,7,1,0,339.116,0
3,2,7,0,7,1,0,447.214,0
3,2,7,0,7,1,0,339.116,0
3,2,1,1,1,2,5,231.633,1
1,2,7,2,7,1,1,469.042,0
1,2,7,2,7,1,1,452.769,0
2,2,7,2,7,1,1,424.264,0
2,2,7,2,7,1,1,360.555,0
3,2,7,0,7,1,1,447.214,0
3,2,7,0,7,1,1,387.298,0
3,2,7,2,7,1,5,463.681,0
3,2,7,2,7,1,5,412.311,0
3,2,7,2,7,1,3,497.494,0
3,2,7,2,7,1,3,414.97,0
3,2,0,2,0,1,2,473.286,2
3,2,0,2,0,1,2,419.524,2
3,2,7,0,7,1,1,346.41,0
3,2,7,0,7,1,1,273.861,0
0,2,3,0,3,0,1,130.468,1
3,2,4,0,4,1,5,261.377,2
2,2,4,2,4,1,5,273.898,1
3,2,7,2,7,1,1,374.166,0
3,2,7,2,7,1,1,346.41,0
3,2,7,2,7,1,1,357.771,0
3,2,7,2,7,1,1,285.482,0
3,2,7,2,7,1,1,380.789,0
3,2,7,2,7,1,1,339.116,0
3,2,7,2,7,1,1,430.116,0
3,2,7,2,7,1,1,374.166,0
1,2,7,2,7,1,5,574.021,0
1,2,7,2,7,1,5,519.23,0
3,2,7,2,7,1,5,316.228,0
3,2,7,2,7,1,5,282.843,0
3,2,7,2,7,1,2,500.0,0
3,2,7,2,7,1,2,403.113,0
2,2,7,0,7,1,5,447.214,0
3,2,7,2,7,1,1,380.789,0
3,2,7,2,7,1,1,316.228,0
1,2,7,2,7,1,1,380.789,0
1,2,7,2,7,1,1,339.116,0
3,2,7,2,7,1,2,451.11,0
3,2,7,2,7,1,2,389.872,0
3,2,7,2,7,0,2,488.876,0
3,2,7,2,7,0,2,350.571,0
3,2,7,2,7,1,2,486.826,0
3,2,7,2,7,1,2,380.789,0
3,2,7,2,7,1,4,437.91,0
3,2,7,2,7,1,4,366.382,0
3,2,7,0,7,1,1,435.89,0
3,2,7,0,7,1,1,334.664,0
3,2,5,0,6,0,2,297.079,1
0,2,7,2,7,1,1,291.548,0
0,2,7,2,7,1,1,254.951,0
3,2,7,2,7,1,1,367.423,0
3,2,7,2,7,1,1,324.808,0
3,2,7,2,7,1,5,541.295,0
3,2,7,2,7,1,5,430.116,0
3,2,7,2,7,1,1,282.843,0
3,2,7,2,7,1,1,264.575,0
3,2,7,0,7,1,1,469.042,0
3,2,7,0,7,1,1,400.0,0
3,2,7,0,7,1,2,418.33,0
3,2,7,0,7,1,2,380.789,0
3,2,7,2,7,1,1,447.214,0
3,2,7,2,7,1,1,385.357,0
3,2,5,2,5,1,2,219.748,1
3,2,5,2,5,1,2,196.548,1
3,2,7,2,7,0,1,490.408,0
3,2,7,2,7,0,1,351.71,0
3,2,7,0,7,1,1,391.024,0
3,2,7,0,7,1,1,342.199,0
3,2,7,0,7,1,1,415.933,0
3,2,7,0,7,1,1,336.155,0
3,2,7,2,7,0,2,509.902,0
3,2,7,2,7,0,2,368.782,0
1,2,7,2,7,1,1,418.33,0
1,2,7,2,7,1,1,331.662,0
3,2,7,2,7,0,2,509.902,0
3,2,7,2,7,0,2,368.782,0
3,2,7,0,7,1,2,360.555,0
3,2,7,0,7,1,2,331.662,0
3,2,7,0,7,1,2,452.769,0
3,2,7,0,7,1,2,428.952,0
3,2,7,0,7,1,1,386.652,0
3,2,7,0,7,1,1,356.476,0
3,2,7,2,7,1,2,441.588,0
3,2,7,2,7,1,2,400.0,0
3,2,7,0,7,1,1,468.546,0
3,2,7,0,7,1,1,382.25,0
3,2,7,2,7,1,2,412.311,0
3,2,7,2,7,1,2,367.423,0
3,2,7,0,7,1,2,418.33,0
3,2,7,0,7,1,2,380.789,0
3,2,7,2,7,1,2,446.094,0
3,2,7,2,7,1,2,402.492,0
3,2,7,2,7,0,2,471.381,0
3,2,7,2,7,0,2,368.782,0
1,2,7,0,7,1,1,470.106,0
1,2,7,0,7,1,1,391.152,0
3,2,7,2,7,1,1,432.435,0
3,2,7,2,7,1,1,357.771,0
3,2,7,2,7,1,2,458.258,0
3,2,7,2,7,1,2,368.782,0
3,2,7,0,7,1,2,418.33,0
3,2,7,0,7,1,2,316.228,0
3,2,7,2,7,1,1,423.084,0
3,2,7,2,7,1,1,330.151,0
3,2,7,2,7,1,2,494.975,0
3,2,7,2,7,1,2,424.264,0
3,2,7,0,7,1,1,376.829,0
3,2,7,0,7,1,1,273.861,0
3,2,7,2,7,1,5,445.87,0
3,2,7,2,7,1,5,324.345,0
3,2,7,0,7,1,1,353.553,0
3,2,7,0,7,1,1,334.664,0
3,2,7,2,7,1,2,458.258,0
3,2,7,2,7,1,2,393.7,0
3,2,7,0,7,1,5,339.116,0
3,2,7,0,7,1,5,293.258,0
3,2,7,2,7,1,2,406.202,0
3,2,7,2,7,1,2,374.166,0
3,2,7,2,7,1,1,372.827,0
3,2,7,2,7,1,1,325.576,0
0,2,0,2,0,0,1,201.651,2
3,2,0,2,0,2,5,524.404,2
3,1,4,1,4,2,5,223.607,0
2,2,7,0,7,1,3,529.811,0
2,2,7,0,7,1,3,387.879,0
0,2,0,0,0,0,2,227.493,2
3,2,7,2,7,1,0,500.5,0
3,2,7,2,7,1,0,399.375,0
3,2,7,2,7,1,1,380.789,0
3,2,7,2,7,1,1,339.116,0
3,2,7,2,7,1,1,374.166,0
3,2,7,2,7,1,1,346.41,0
0,2,7,0,7,1,2,360.557,0
0,2,7,0,7,1,2,268.155,0
2,2,7,0,7,1,2,306.46,0
2,2,7,0,7,1,2,227.952,0
3,2,0,0,0,1,1,418.33,2
3,2,0,0,0,1,1,367.423,2
0,2,7,2,7,1,1,291.548,0
0,2,7,2,7,1,1,254.951,0
3,2,7,2,7,1,3,506.952,0
3,2,7,2,7,1,3,383.406,0
3,2,7,0,7,1,1,471.169,0
3,2,7,0,7,1,1,418.33,0
3,2,7,0,7,1,2,450.555,0
3,2,7,0,7,1,2,364.966,0
0,2,7,2,7,0,2,462.234,0
0,2,7,2,7,0,2,361.608,0
3,2,7,2,7,1,1,470.106,0
3,2,7,2,7,1,1,383.406,0
3,2,7,2,7,1,5,316.228,0
3,2,7,2,7,1,5,282.843,0
3,2,7,2,7,1,2,431.161,0
3,2,7,2,7,1,2,359.583,0
3,2,7,0,7,1,2,487.852,0
3,2,7,0,7,1,2,394.968,0
3,2,7,0,7,1,3,551.362,0
3,2,7,0,7,1,3,446.094,0
2,2,5,0,5,1,5,219.748,1
3,2,7,2,7,1,1,387.298,0
3,2,7,2,7,1,1,360.555,0
3,2,7,0,7,1,2,374.166,0
3,2,7,0,7,1,2,331.662,0
2,2,7,2,7,1,1,300.0,0
2,2,7,2,7,1,1,273.861,0
2,2,6,2,6,1,2,442.6,1
2,2,6,2,6,1,2,320.581,1
3,2,7,2,7,1,1,489.898,0
3,2,7,2,7,1,1,428.486,0
2,2,7,2,7,1,5,360.555,0
2,2,7,2,7,1,5,282.843,0
3,2,7,2,7,1,1,500.0,0
3,2,7,2,7,1,1,387.298,0
3,2,7,0,7,1,4,400.0,0
3,2,7,0,7,1,4,346.41,0
3,2,7,2,7,1,3,537.658,0
3,2,7,2,7,1,3,449.837,0
3,2,7,2,7,1,1,380.789,0
3,2,7,2,7,1,1,346.41,0
3,2,7,2,7,1,1,393.7,0
3,2,7,2,7,1,1,325.576,0
3,2,7,2,7,1,1,447.214,0
3,2,7,2,7,1,1,400.0,0
3,2,7,0,7,1,2,397.178,0
3,2,7,0,7,1,2,323.497,0
2,2,7,0,7,1,2,424.264,0
2,2,7,0,7,1,2,374.166,0
1,2,7,2,7,1,2,447.214,0
1,2,7,2,7,1,2,380.789,0
2,2,7,2,7,0,5,260.768,0
0,2,7,0,7,1,1,244.949,0
3,2,5,2,5,1,2,219.748,1
3,2,5,2,5,1,2,196.548,1
0,2,7,2,7,1,1,291.548,0
0,2,7,2,7,1,1,254.951,0
2,2,7,2,7,1,1,353.553,0
2,2,7,2,7,1,1,300.0,0
3,2,7,0,7,1,1,324.037,0
3,2,7,0,7,1,1,300.0,0
3,2,7,2,7,1,1,424.052,0
3,2,7,2,7,1,1,379.289,0
3,2,7,2,7,1,1,367.423,0
3,2,7,2,7,1,1,324.808,0
0,2,7,2,7,1,5,393.7,0
0,2,7,2,7,1,5,353.553,0
3,2,7,2,7,1,3,490.918,0
3,2,7,2,7,1,3,425.441,0
3,2,7,2,7,1,2,501.996,0
3,2,7,2,7,1,2,392.428,0
1,2,7,2,7,1,0,424.264,0
1,2,7,2,7,1,0,393.7,0
3,2,7,2,7,1,2,437.91,0
3,2,7,2,7,1,2,366.382,0
3,2,7,0,7,1,2,418.33,0
3,2,7,0,7,1,2,380.789,0
3,2,7,0,7,1,2,486.826,0
3,2,7,0,7,1,2,380.789,0
0,2,7,2,7,1,5,393.7,0
0,2,7,2,7,1,5,353.553,0
3,2,7,2,7,1,1,282.843,0
3,2,7,2,7,1,1,264.575,0
3,2,7,2,7,1,1,382.099,0
3,2,7,2,7,1,1,273.861,0
0,2,7,0,7,1,1,253.377,0
0,2,7,0,7,1,1,236.854,0
3,2,7,2,7,1,3,412.311,0
3,2,7,2,7,1,3,360.555,0
3,2,7,0,7,1,1,456.563,0
3,2,7,0,7,1,1,412.977,0
3,2,7,2,7,1,3,353.553,0
3,2,7,2,7,1,3,316.228,0
2,2,7,2,7,1,5,367.423,0
2,2,7,2,7,1,5,346.41,0
3,2,7,0,7,1,2,447.214,0
3,2,7,0,7,1,2,412.311,0
3,2,4,2,4,1,2,413.824,1
3,2,4,2,4,1,2,337.268,1
3,2,7,2,7,0,2,471.381,0
3,2,7,2,7,0,2,368.782,0
3,2,7,2,7,0,2,509.902,0
3,2,7,2,7,0,2,368.782,0
3,2,7,2,7,1,1,391.918,0
3,2,7,2,7,1,1,317.017,0
3,2,7,0,7,1,2,452.769,0
3,2,7,0,7,1,2,428.952,0
3,2,0,0,0,1,3,339.116,2
3,2,0,0,0,1,3,308.221,2
2,2,7,2,7,1,1,427.2,0
2,2,7,2,7,1,1,348.569,0
3,2,7,2,7,1,1,450.666,0
3,2,7,2,7,1,1,338.378,0
2,2,6,2,6,1,1,270.026,1
2,2,6,2,6,1,1,233.848,1
3,2,7,2,7,1,1,501.996,0
3,2,7,2,7,1,1,359.166,0
0,2,7,0,7,1,1,304.467,0
0,2,7,0,7,1,1,248.596,0
3,2,7,0,7,1,1,400.0,0
3,2,7,0,7,1,1,360.555,0
3,2,0,2,0,1,2,507.937,2
3,2,0,2,0,1,2,435.89,2
3,2,7,2,7,1,2,412.311,0
3,2,7,2,7,1,2,367.423,0
2,2,7,2,7,1,0,409.268,0
2,2,7,2,7,1,0,326.343,0
3,2,7,2,7,1,2,441.588,0
3,2,7,2,7,1,2,400.0,0
2,2,7,2,7,1,1,382.099,0
2,2,7,2,7,1,1,273.861,0
0,2,4,0,4,0,1,244.72,0
1,2,7,0,7,1,1,534.79,0
1,2,7,0,7,1,1,454.973,0
3,2,7,0,7,1,1,316.228,0
3,2,7,0,7,1,1,282.843,0
3,2,7,2,7,1,1,472.493,0
3,2,7,2,7,1,1,422.611,0
1,2,7,2,7,1,4,594.306,0
1,2,7,2,7,1,4,499.3,0
2,2,7,2,7,1,5,479.583,0
2,2,7,2,7,1,5,469.042,0
3,2,7,0,7,1,2,545.252,0
3,2,7,0,7,1,2,445.197,0
2,2,7,0,7,1,2,458.258,0
2,2,7,0,7,1,2,389.615,0
3,2,7,0,7,1,2,447.214,0
3,2,7,0,7,1,2,412.311,0
3,2,7,2,7,1,2,563.09,0
3,2,7,2,7,1,2,413.195,0
3,2,7,2,7,1,1,357.771,0
3,2,7,2,7,1,1,285.482,0
0,2,5,2,5,1,1,146.496,1
3,2,4,2,4,1,5,328.634,0
3,2,4,2,4,1,5,244.949,0
2,2,7,0,7,1,5,366.06,0
2,2,7,0,7,1,5,352.136,0
3,2,7,2,7,1,1,413.824,0
3,2,7,2,7,1,1,337.268,0
3,2,7,2,7,1,1,406.202,0
3,2,7,2,7,1,1,363.731,0
3,2,7,2,7,1,2,474.342,0
3,2,7,2,7,1,2,418.33,0
3,2,7,2,7,1,1,479.583,0
3,2,7,2,7,1,1,352.846,0
3,2,7,2,7,1,3,497.494,0
3,2,7,2,7,1,3,414.97,0
3,2,7,2,7,1,1,418.33,0
3,2,7,2,7,1,1,380.789,0
3,2,7,2,7,1,1,385.616,0
3,2,7,2,7,1,1,354.401,0
3,2,7,2,7,1,1,380.789,0
3,2,7,2,7,1,1,339.116,0
3,2,7,2,7,1,2,447.214,0
3,2,7,2,7,1,2,387.298,0
0,2,7,2,7,1,5,400.0,0
0,2,7,2,7,1,5,346.41,0
3,2,7,0,7,1,1,430.116,0
3,2,7,0,7,1,1,346.771,0
3,2,7,0,7,1,2,524.69,0
3,2,7,0,7,1,2,427.785,0
3,2,7,0,7,1,0,412.311,0
3,2,7,0,7,1,0,353.553,0
2,2,7,2,7,1,0,409.268,0
2,2,7,2,7,1,0,326.343,0
3,2,7,2,7,1,2,500.0,0
3,2,7,2,7,1,2,447.214,0
2,2,7,1,7,0,3,367.423,0
3,2,4,2,4,0,5,651.025,1
3,2,7,0,7,1,3,464.758,0
3,2,7,0,7,1,3,428.952,0
3,2,7,0,7,1,1,424.264,0
3,2,7,0,7,1,1,406.202,0
3,2,7,2,7,1,2,431.161,0
3,2,7,2,7,1,2,359.583,0
3,2,7,2,7,1,1,380.789,0
3,2,7,2,7,1,1,346.41,0
2,2,7,2,7,1,1,379.295,0
2,2,7,2,7,1,1,339.252,0
2,2,7,2,7,1,3,360.555,0
2,2,7,2,7,1,3,300.0,0
3,2,7,0,7,1,2,415.933,0
3,2,7,0,7,1,2,363.318,0
3,2,7,2,7,1,1,456.124,0
3,2,7,2,7,1,1,358.469,0
3,2,7,2,7,1,1,424.052,0
3,2,7,2,7,1,1,379.289,0
3,2,7,2,7,1,1,409.268,0
3,2,7,2,7,1,1,326.343,0
3,2,7,0,7,1,2,524.69,0
3,2,7,0,7,1,2,428.369,0
2,2,7,2,7,1,1,386.782,0
2,2,7,2,7,1,1,319.374,0
1,2,7,2,7,1,2,380.789,0
1,2,7,2,7,1,2,316.228,0
3,2,7,0,7,1,1,435.89,0
3,2,7,0,7,1,1,308.221,0
3,2,7,2,7,1,1,391.918,0
3,2,7,2,7,1,1,326.803,0
2,2,4,2,4,1,2,310.77,1
2,2,4,2,4,1,2,283.692,1
2,2,7,2,7,1,1,357.771,0
2,2,7,2,7,1,1,291.548,0
2,2,7,2,7,1,1,388.587,0
2,2,7,2,7,1,1,374.166,0
3,2,7,0,7,1,2,524.69,0
3,2,7,0,7,1,2,428.369,0
3,2,7,2,7,1,5,469.042,0
3,2,7,2,7,1,5,412.311,0
3,2,7,2,7,1,1,367.423,0
3,2,7,2,7,1,1,324.808,0
3,2,7,0,7,1,1,316.228,0
3,2,7,0,7,1,1,282.843,0
0,2,4,2,4,2,5,83.666,1
0,2,2,1,2,1,5,207.179,2
3,2,0,0,0,1,1,400.0,2
3,2,0,0,0,1,1,380.789,2
2,2,7,2,7,1,1,392.428,0
2,2,7,2,7,1,1,378.153,0
2,2,6,2,6,1,2,281.052,1
2,2,6,2,6,1,2,225.918,1
0,2,7,2,7,1,2,435.89,0
0,2,7,2,7,1,2,346.41,0
2,2,6,2,6,1,2,291.661,1
2,2,6,2,6,1,2,225.918,1
2,2,6,2,6,1,2,330.713,1
2,2,6,2,6,1,2,270.026,1
3,2,7,2,7,1,1,387.298,0
3,2,7,2,7,1,1,333.167,0
1,2,7,2,7,1,1,514.782,0
1,2,7,2,7,1,1,484.768,0
0,2,4,1,4,0,2,347.984,2
2,2,2,0,2,1,2,271.194,2
3,2,7,0,7,1,1,400.0,0
3,2,7,0,7,1,1,360.555,0
2,2,7,0,7,1,1,273.861,0
2,2,7,0,7,1,1,245.764,0
0,2,7,0,7,1,1,291.548,0
0,2,7,0,7,1,1,273.861,0
3,2,7,2,7,1,1,501.996,0
3,2,7,2,7,1,1,359.166,0
0,2,7,0,7,1,1,304.467,0
0,2,7,0,7,1,1,248.596,0
3,2,4,0,4,0,5,415.101,1
2,2,4,0,2,1,2,245.139,2
2,2,7,0,7,1,1,288.964,0
2,2,7,0,7,1,1,229.129,0
3,2,7,2,7,1,2,448.37,0
3,2,7,2,7,1,2,366.093,0
3,2,7,0,7,1,1,406.202,0
3,2,7,0,7,1,1,374.166,0
0,2,7,0,7,1,1,248.998,0
0,2,7,0,7,1,1,240.832,0
3,2,7,2,7,1,2,414.729,0
3,2,7,2,7,1,2,339.116,0
0,2,7,2,7,1,1,353.553,0
0,2,7,2,7,1,1,300.0,0
3,2,7,2,7,1,1,404.722,0
3,2,7,2,7,1,1,354.965,0
3,2,7,0,7,1,2,486.826,0
3,2,7,0,7,1,2,380.789,0
2,2,7,0,7,1,1,300.0,0
2,2,7,0,7,1,1,300.0,0
3,2,7,2,7,1,1,373.497,0
3,2,7,2,7,1,1,330.757,0
3,2,0,2,0,1,2,507.937,2
3,2,0,2,0,1,2,435.89,2
2,2,7,2,7,1,1,380.789,0
2,2,7,2,7,1,1,346.41,0
3,2,7,2,7,0,1,453.431,0
3,2,7,2,7,0,1,325.115,0
3,2,7,2,7,1,1,501.996,0
3,2,7,2,7,1,1,359.166,0
3,2,7,2,7,1,2,489.641,0
3,2,7,2,7,1,2,399.79,0
3,2,7,0,7,1,2,431.625,0
3,2,7,0,7,1,2,320.156,0
3,2,7,2,7,1,1,406.202,0
3,2,7,2,7,1,1,363.731,0
3,2,7,2,7,1,2,435.89,0
3,2,7,2,7,1,2,354.965,0
3,2,7,0,7,1,0,386.057,0
3,2,7,0,7,1,0,337.491,0
3,2,7,0,7,1,1,391.918,0
3,2,7,0,7,1,1,326.803,0
3,2,7,0,7,1,1,415.452,0
3,2,7,0,7,1,1,328.481,0
3,2,7,2,7,1,1,424.476,0
3,2,7,2,7,1,1,325.607,0
3,2,7,0,7,1,0,613.254,0
3,2,7,0,7,1,0,461.649,0
3,2,7,2,7,1,1,391.918,0
3,2,7,2,7,1,1,317.017,0
3,2,7,0,7,1,1,454.423,0
3,2,7,0,7,1,1,348.712,0
3,2,7,2,7,1,1,509.902,0
3,2,7,2,7,1,1,474.342,0
1,2,7,2,7,1,1,441.022,0
1,2,7,2,7,1,1,339.853,0
3,2,7,0,7,0,5,412.311,0
3,2,7,0,7,0,5,300.0,0
0,2,7,0,7,1,1,308.221,0
0,2,7,0,7,1,1,264.575,0
3,2,7,2,7,1,1,524.404,0
3,2,7,2,7,1,1,400.0,0
3,2,7,0,7,1,1,340.491,0
3,2,7,0,7,1,1,285.773,0
3,2,7,2,7,1,2,418.33,0
3,2,7,2,7,1,2,346.41,0
3,2,7,0,7,1,3,387.298,0
3,2,7,0,7,1,3,346.41,0
3,2,7,2,7,1,5,447.214,0
3,2,7,2,7,1,5,418.33,0
2,2,7,2,7,1,1,453.872,0
2,2,7,2,7,1,1,360.555,0
3,2,6,0,6,1,0,371.484,1
3,2,6,0,6,1,0,303.315,1
3,2,4,2,4,1,5,254.951,2
3,2,4,2,4,1,5,219.089,2
3,2,7,0,7,1,1,331.662,0
3,2,7,0,7,1,1,273.861,0
3,2,7,2,7,1,1,360.555,0
3,2,7,2,7,1,1,294.958,0
2,2,7,2,7,1,1,400.0,0
2,2,7,2,7,1,1,334.664,0
2,2,7,2,7,1,1,403.113,0
2,2,7,2,7,1,1,360.555,0
3,2,7,2,7,1,4,547.266,0
3,2,7,2,7,1,4,495.076,0
2,2,7,2,7,1,2,380.789,0
2,2,7,2,7,1,2,316.228,0
3,2,7,2,7,1,1,383.536,0
3,2,7,2,7,1,1,301.164,0
0,2,7,2,7,1,1,339.264,0
0,2,7,2,7,1,1,271.846,0
3,2,7,2,7,1,1,410.366,0
3,2,7,2,7,1,1,324.345,0
3,2,7,2,7,1,2,458.258,0
3,2,7,2,7,1,2,400.0,0
2,2,7,2,7,1,2,380.789,0
2,2,7,2,7,1,2,316.228,0
3,2,7,2,7,0,2,471.381,0
3,2,7,2,7,0,2,368.782,0
2,2,7,2,7,1,1,316.228,0
2,2,7,2,7,1,1,291.548,0
2,2,6,0,6,1,1,291.661,1
2,2,6,0,6,1,1,240.256,1
1,2,7,2,7,1,2,447.214,0
1,2,7,2,7,1,2,380.789,0
2,2,7,2,7,1,1,374.166,0
2,2,7,2,7,1,1,308.221,0
3,2,7,0,7,1,1,430.116,0
3,2,7,0,7,1,1,346.771,0
2,2,7,0,7,0,5,360.555,0
3,2,7,2,7,1,2,452.769,0
3,2,7,2,7,1,2,374.166,0
3,2,7,0,7,1,2,545.252,0
3,2,7,0,7,1,2,445.197,0
3,2,7,2,7,1,2,375.883,0
3,2,7,2,7,1,2,306.907,0
3,2,7,0,7,1,5,428.952,0
3,2,7,0,7,1,5,378.153,0
3,2,7,2,7,1,1,264.575,0
3,2,7,2,7,1,1,234.521,0
3,2,7,0,7,1,1,524.69,0
3,2,7,0,7,1,1,428.369,0
2,2,7,0,7,1,1,273.861,0
2,2,7,0,7,1,1,254.951,0
2,2,7,2,7,1,3,400.0,0
2,2,7,2,7,1,3,383.406,0
3,2,7,0,7,1,0,386.057,0
3,2,7,0,7,1,0,337.491,0
2,2,4,0,4,0,5,273.898,0
3,2,7,2,7,1,1,424.476,0
3,2,7,2,7,1,1,325.607,0
2,2,3,0,3,0,2,130.468,1
0,2,3,2,4,0,5,264.575,1
0,2,4,1,4,1,5,282.843,0
2,2,3,1,3,0,5,135.048,1
2,2,7,2,7,1,3,500.0,0
2,2,7,2,7,1,3,387.298,0
3,2,7,2,7,1,1,373.497,0
3,2,7,2,7,1,1,330.757,0
3,2,7,2,7,1,2,324.037,0
3,2,7,2,7,1,2,264.575,0
1,2,7,0,7,1,1,459.254,0
1,2,7,0,7,1,1,341.62,0
0,2,7,2,7,1,2,387.298,0
0,2,7,2,7,1,2,316.228,0
3,2,7,2,7,1,1,382.099,0
3,2,7,2,7,1,1,273.861,0
0,2,7,0,7,1,1,273.861,0
0,2,7,0,7,1,1,244.949,0
2,2,7,2,7,1,1,430.929,0
2,2,7,2,7,1,1,406.202,0
3,2,7,0,7,1,1,400.0,0
3,2,7,0,7,1,1,360.555,0
3,2,7,2,7,1,1,411.096,0
3,2,7,2,7,1,1,332.566,0
3,2,7,0,7,1,5,439.318,0
3,2,7,0,7,1,5,369.932,0
3,2,7,2,7,1,3,373.497,0
3,2,7,2,7,1,3,330.757,0
3,2,7,0,7,1,1,525.357,0
3,2,7,0,7,1,1,422.493,0
2,2,5,2,5,1,2,242.94,1
2,2,5,2,5,1,2,219.748,1
2,2,4,0,4,1,1,274.073,0
2,2,4,0,4,1,1,219.748,0
3,2,6,2,6,1,3,442.326,1
3,2,6,2,6,1,3,318.163,1
3,2,6,2,6,1,1,370.076,1
3,2,6,2,6,1,1,318.163,1
3,2,7,2,7,1,1,501.996,0
3,2,7,2,7,1,1,359.166,0
3,2,7,0,7,0,1,360.555,0
2,2,7,0,7,1,5,387.298,0
3,2,7,2,7,1,1,404.722,0
3,2,7,2,7,1,1,354.965,0
3,2,0,0,0,1,3,509.902,2
3,2,0,0,0,1,3,331.662,2
3,2,7,0,7,1,1,412.311,0
3,2,7,0,7,1,1,360.555,0
3,2,7,2,7,1,3,497.494,0
3,2,7,2,7,1,3,414.97,0
3,2,7,2,7,1,2,489.641,0
3,2,7,2,7,1,2,399.79,0
3,2,7,2,7,1,3,404.722,0
3,2,7,2,7,1,3,354.965,0
2,2,7,2,7,1,2,358.818,0
2,2,7,2,7,1,2,325.96,0
3,2,7,2,7,1,1,501.996,0
3,2,7,2,7,1,1,359.166,0
3,2,7,2,7,1,4,547.266,0
3,2,7,2,7,1,4,495.076,0
2,2,7,2,7,1,4,393.7,0
2,2,7,2,7,1,4,374.166,0
1,2,7,2,7,1,1,409.268,0
1,2,7,2,7,1,1,326.343,0
3,2,7,0,7,1,0,434.166,0
3,2,7,0,7,1,0,342.053,0
3,2,7,0,7,1,1,500.0,0
3,2,7,0,7,1,1,371.484,0
2,2,0,0,0,1,1,360.555,2
2,2,0,0,0,1,1,316.228,2
3,2,2,2,2,0,2,351.29,2
3,2,7,2,7,1,1,374.166,0
3,2,7,2,7,1,1,346.41,0
3,2,7,2,7,1,1,400.0,0
3,2,7,2,7,1,1,367.423,0
2,2,7,2,7,1,4,323.265,0
2,2,7,2,7,1,4,264.575,0
2,2,7,2,7,1,5,300.0,0
2,2,7,2,7,1,5,264.575,0
3,2,7,0,7,1,1,391.918,0
3,2,7,0,7,1,1,326.803,0
0,2,7,2,7,1,1,353.553,0
0,2,7,2,7,1,1,300.0,0
2,2,7,0,7,1,2,430.116,0
2,2,7,0,7,1,2,353.553,0
3,2,7,0,7,1,1,356.371,0
3,2,7,0,7,1,1,306.594,0
3,2,7,2,7,1,2,458.857,0
3,2,7,2,7,1,2,391.535,0
2,2,7,0,7,1,2,447.214,0
2,2,7,0,7,1,2,387.298,0
3,2,7,0,7,1,1,401.871,0
3,2,7,0,7,1,1,345.688,0
3,2,7,2,7,1,1,418.33,0
3,2,7,2,7,1,1,380.789,0
3,2,7,2,7,1,2,418.33,0
3,2,7,2,7,1,2,385.681,0
3,2,7,2,7,1,5,324.037,0
3,2,7,2,7,1,5,291.548,0
3,2,7,2,7,1,2,463.681,0
3,2,7,2,7,1,2,382.492,0
0,2,2,0,2,0,5,463.269,2
2,2,4,0,4,1,1,268.328,0
2,2,4,0,4,1,1,244.949,0
3,2,7,2,7,1,3,391.663,0
3,2,7,2,7,1,3,350.286,0
2,2,7,2,7,1,1,509.902,0
2,2,7,2,7,1,1,418.33,0
3,2,7,0,7,1,2,431.625,0
3,2,7,0,7,1,2,351.994,0
2,2,7,0,7,1,2,583.095,0
2,2,7,0,7,1,2,387.298,0
3,2,7,2,7,1,3,391.663,0
3,2,7,2,7,1,3,350.286,0
2,2,7,2,7,1,1,500.0,0
2,2,7,2,7,1,1,418.33,0
2,2,1,1,1,1,2,253.742,1
3,2,7,2,7,1,1,431.161,0
3,2,7,2,7,1,1,348.855,0
3,2,7,2,7,1,1,391.918,0
3,2,7,2,7,1,1,326.803,0
3,1,4,1,4,1,5,223.607,1
0,2,4,0,7,0,1,316.228,0
3,2,7,2,7,1,3,497.494,0
3,2,7,2,7,1,3,414.97,0
1,2,7,0,7,1,1,556.776,0
1,2,7,0,7,1,1,488.876,0
3,2,7,2,7,1,1,353.553,0
3,2,7,2,7,1,1,331.662,0
0,2,7,2,7,1,1,387.298,0
0,2,7,2,7,1,1,316.228,0
3,2,7,2,7,1,2,386.104,0
3,2,7,2,7,1,2,286.993,0
2,2,7,2,7,1,1,382.099,0
2,2,7,2,7,1,1,273.861,0
3,2,7,2,7,1,3,373.497,0
3,2,7,2,7,1,3,330.757,0
3,2,7,2,7,1,1,373.497,0
3,2,7,2,7,1,1,330.757,0
2,2,7,2,7,1,1,386.782,0
2,2,7,2,7,1,1,319.374,0
2,2,6,2,6,1,1,311.798,1
2,2,6,2,6,1,1,220.474,1
3,2,7,2,7,1,1,501.996,0
3,2,7,2,7,1,1,359.166,0
3,2,7,2,7,1,1,308.221,0
3,2,7,2,7,1,1,292.404,0
3,2,7,2,7,1,1,431.161,0
3,2,7,2,7,1,1,348.855,0
0,2,7,2,7,1,2,387.298,0
0,2,7,2,7,1,2,316.228,0
2,2,7,2,7,1,1,380.789,0
2,2,7,2,7,1,1,353.553,0
2,2,7,0,7,1,2,387.298,0
2,2,7,0,7,1,2,312.65,0
3,2,7,2,7,1,2,448.33,0
3,2,7,2,7,1,2,349.285,0
3,2,7,2,7,1,1,501.996,0
3,2,7,2,7,1,1,359.166,0
3,2,7,0,7,1,1,346.41,0
3,2,7,0,7,1,1,273.861,0
2,2,7,0,7,1,2,342.038,0
2,2,7,0,7,1,2,287.958,0
3,2,7,2,7,1,2,431.161,0
3,2,7,2,7,1,2,359.583,0
2,2,7,2,7,2,5,447.214,0
2,2,7,2,7,2,5,353.553,0
3,2,7,2,7,1,2,448.33,0
3,2,7,2,7,1,2,349.285,0
3,2,7,2,7,1,3,452.217,0
3,2,7,2,7,1,3,377.094,0
3,2,7,2,7,1,5,393.7,0
3,2,7,2,7,1,5,374.166,0
2,2,7,2,7,1,5,453.784,0
2,2,7,2,7,1,5,414.246,0
3,2,7,0,7,1,1,348.569,0
3,2,7,0,7,1,1,279.285,0
2,2,7,2,7,1,1,392.428,0
2,2,7,2,7,1,1,340.588,0
3,2,7,2,7,1,2,435.89,0
3,2,7,2,7,1,2,368.782,0
2,2,6,0,6,1,1,281.052,1
2,2,6,0,6,1,1,209.306,1
3,2,7,2,7,1,1,424.264,0
3,2,7,2,7,1,1,331.662,0
3,2,7,0,7,1,2,524.69,0
3,2,7,0,7,1,2,427.785,0
3,2,7,2,7,1,1,412.311,0
3,2,7,2,7,1,1,374.166,0
3,2,7,2,7,1,1,392.428,0
3,2,7,2,7,1,1,340.588,0
3,2,7,0,7,1,1,400.0,0
3,2,7,0,7,1,1,360.555,0
2,2,7,2,7,1,1,447.214,0
2,2,7,2,7,1,1,346.41,0
3,2,7,0,7,1,2,418.33,0
3,2,7,0,7,1,2,400.0,0
2,2,6,2,6,1,1,357.21,1
2,2,6,2,6,1,1,321.394,1
3,2,7,2,7,1,1,391.918,0
3,2,7,2,7,1,1,326.803,0
0,2,7,0,7,1,1,291.548,0
0,2,7,0,7,1,1,273.861,0
3,2,7,2,7,1,2,474.342,0
3,2,7,2,7,1,2,395.474,0
3,2,7,2,7,1,1,387.298,0
3,2,7,2,7,1,1,346.41,0
3,2,7,2,7,1,3,404.722,0
3,2,7,2,7,1,3,354.965,0
3,2,7,0,7,1,1,380.789,0
3,2,7,0,7,1,1,300.0,0
3,2,7,2,7,1,3,452.217,0
3,2,7,2,7,1,3,377.094,0
3,2,7,2,7,1,1,308.221,0
3,2,7,2,7,1,1,292.404,0
3,2,7,2,7,1,1,409.268,0
3,2,7,2,7,1,1,326.343,0
3,2,7,2,7,1,1,404.722,0
3,2,7,2,7,1,1,354.965,0
2,2,7,2,7,1,4,393.7,0
2,2,7,2,7,1,4,374.166,0
3,2,7,2,7,1,2,500.0,0
3,2,7,2,7,1,2,447.214,0
3,2,7,2,7,1,2,509.902,0
3,2,7,2,7,1,2,431.277,0
3,2,7,0,7,1,1,400.0,0
3,2,7,0,7,1,1,360.555,0
3,2,7,2,7,1,2,447.214,0
3,2,7,2,7,1,2,387.298,0
3,2,5,2,5,1,2,219.748,1
3,2,5,2,5,1,2,196.548,1
3,2,7,2,7,1,2,387.298,0
3,2,7,2,7,1,2,346.41,0
0,2,3,1,3,1,1,173.205,1
2,2,7,2,7,1,2,430.116,0
2,2,7,2,7,1,2,353.553,0
0,3,7,0,7,2,1,185.257,0
2,2,4,0,4,1,1,96.379,2
3,2,4,0,4,0,5,274.073,0
1,2,4,2,4,0,4,325.576,0
3,2,7,0,7,1,1,418.33,0
3,2,7,0,7,1,1,360.555,0
3,2,7,0,7,1,1,349.285,0
3,2,7,0,7,1,1,306.268,0
3,2,4,0,4,1,4,387.298,0
3,2,4,0,4,1,4,300.0,0
3,2,7,0,7,1,1,406.202,0
3,2,7,0,7,1,1,334.664,0
0,2,7,2,7,1,5,469.042,0
3,2,2,0,2,1,1,268.136,2
0,2,2,2,2,1,5,253.742,2
3,2,7,2,7,1,3,452.217,0
3,2,7,2,7,1,3,377.094,0
3,2,3,0,3,2,1,125.722,1
2,2,7,2,7,1,3,447.214,0
2,2,7,2,7,1,3,418.33,0
3,2,7,2,7,1,1,431.161,0
3,2,7,2,7,1,1,359.583,0
3,2,7,2,7,1,1,431.161,0
3,2,7,2,7,1,1,348.855,0
3,2,7,2,7,1,3,452.217,0
3,2,7,2,7,1,3,377.094,0
2,2,1,1,1,0,2,200.0,1
3,2,4,1,4,1,5,171.619,0
3,2,7,2,7,1,1,424.476,0
3,2,7,2,7,1,1,325.607,0
3,2,7,0,7,1,2,368.782,0
3,2,7,0,7,1,2,322.49,0
3,2,7,2,7,1,1,353.553,0
3,2,7,2,7,1,1,331.662,0
3,2,7,2,7,1,3,391.663,0
3,2,7,2,7,1,3,350.286,0
1,2,7,0,7,1,1,556.776,0
1,2,7,0,7,1,1,488.876,0
3,2,7,2,7,1,1,390.359,0
3,2,7,2,7,1,1,349.148,0
3,2,7,2,7,1,2,431.161,0
3,2,7,2,7,1,2,359.583,0
3,2,7,2,7,1,3,497.494,0
3,2,7,2,7,1,3,414.97,0
3,2,7,2,7,1,0,410.366,0
3,2,7,2,7,1,0,324.345,0
3,2,7,2,7,1,3,358.162,0
3,2,7,2,7,1,3,326.956,0
3,2,7,0,7,0,5,438.178,0
2,2,7,2,7,1,1,374.166,0
2,2,7,2,7,1,1,316.228,0
3,2,2,0,2,2,5,327.581,2
3,2,2,0,2,2,5,292.997,2
3,2,2,2,2,1,3,524.404,2
3,2,2,2,2,1,3,417.133,2
3,2,7,2,7,1,1,373.497,0
3,2,7,2,7,1,1,330.757,0
3,2,7,2,7,1,3,373.497,0
3,2,7,2,7,1,3,330.757,0
3,2,7,0,7,1,1,412.916,0
3,2,7,0,7,1,1,291.548,0
3,2,6,2,6,1,5,270.085,1
3,2,6,2,6,1,5,233.163,1
1,2,6,2,6,1,4,400.36,1
1,2,6,2,6,1,4,357.025,1
3,2,7,2,7,1,1,282.843,0
3,2,7,2,7,1,1,254.951,0
3,2,7,2,7,1,1,353.186,0
3,2,7,2,7,1,1,255.906,0
3,2,7,2,7,1,5,268.701,0
3,2,7,2,7,1,5,254.912,0
3,2,7,2,7,1,1,391.918,0
3,2,7,2,7,1,1,326.803,0
3,2,7,0,7,1,1,424.235,0
3,2,7,0,7,1,1,294.051,0
3,2,7,2,7,1,1,346.41,0
3,2,7,2,7,1,1,300.0,0
2,2,6,2,6,1,5,225.918,1
2,2,6,2,6,1,5,206.235,1
3,2,7,2,7,1,2,386.104,0
3,2,7,2,7,1,2,286.993,0
3,2,7,2,7,1,1,411.096,0
3,2,7,2,7,1,1,332.566,0
3,2,7,2,7,1,4,418.33,0
3,2,7,2,7,1,4,346.41,0
3,2,7,2,7,1,1,479.583,0
3,2,7,2,7,1,1,424.264,0
3,2,7,2,7,1,1,391.918,0
3,2,7,2,7,1,1,326.803,0
3,2,7,2,7,1,5,374.166,0
3,2,7,2,7,1,5,346.41,0
3,2,7,2,7,1,5,453.784,0
3,2,7,2,7,1,5,414.246,0
3,2,7,0,7,1,1,406.202,0
3,2,7,0,7,1,1,353.553,0
3,2,7,2,7,1,1,514.782,0
3,2,7,2,7,1,1,430.116,0
2,2,7,2,7,1,5,360.555,0
0,2,7,0,7,1,2,409.878,0
2,2,5,1,5,0,5,196.548,1
3,2,7,2,7,1,1,308.221,0
3,2,7,2,7,1,1,292.404,0
3,2,7,2,7,1,2,383.536,0
3,2,7,2,7,1,2,301.164,0
3,2,7,2,7,1,1,409.365,0
3,2,7,2,7,1,1,296.614,0
3,2,7,0,7,1,1,449.444,0
3,2,7,0,7,1,1,367.423,0
3,2,7,2,7,1,1,404.722,0
3,2,7,2,7,1,1,354.965,0
3,2,7,2,7,1,3,404.722,0
3,2,7,2,7,1,3,354.965,0
3,2,7,0,7,1,1,322.49,0
3,2,7,0,7,1,1,254.951,0
3,2,7,2,7,1,5,479.583,0
3,2,7,2,7,1,5,384.708,0
3,2,0,0,0,1,3,518.652,2
3,2,0,0,0,1,3,397.492,2
3,2,7,2,7,1,1,443.847,0
3,2,7,2,7,1,1,325.576,0
2,2,7,0,7,1,5,387.298,0
2,2,7,0,7,1,5,316.228,0
3,2,7,0,7,1,1,538.516,0
3,2,7,0,7,1,1,458.258,0
3,2,7,2,7,1,1,438.178,0
3,2,7,2,7,1,1,415.692,0
3,2,7,2,7,1,2,547.942,0
3,2,7,2,7,1,2,447.392,0
3,2,7,2,7,1,2,547.942,0
3,2,7,2,7,1,2,447.392,0
3,2,7,2,7,1,1,418.33,0
3,2,7,2,7,1,1,374.166,0
3,2,7,2,7,1,5,411.096,0
3,2,7,2,7,1,5,316.228,0
3,2,7,2,7,1,2,608.276,0
3,2,7,2,7,1,2,494.975,0
2,2,6,0,6,0,1,339.775,1
3,2,7,0,7,2,1,331.662,0
3,2,7,0,7,2,1,282.843,0
0,2,7,2,7,1,1,234.521,0
0,2,7,2,7,1,1,219.089,0
3,2,7,2,7,1,1,308.221,0
3,2,7,2,7,1,1,291.548,0
3,2,7,0,7,1,1,370.81,0
3,2,7,0,7,1,1,285.482,0
3,2,7,2,7,1,3,568.595,0
3,2,7,2,7,1,3,429.767,0
2,2,4,2,4,2,5,173.205,1
3,2,7,0,7,1,3,431.277,0
3,2,7,0,7,1,3,391.265,0
2,2,7,0,7,1,5,435.89,0
2,2,7,0,7,1,5,400.0,0
3,2,7,0,7,1,3,447.214,0
3,2,7,0,7,1,3,387.298,0
2,2,7,2,7,1,5,435.89,0
2,2,7,2,7,1,5,428.147,0
3,2,7,0,7,1,3,489.898,0
3,2,7,0,7,1,3,424.264,0
3,2,7,0,7,1,3,447.214,0
3,2,7,0,7,1,3,387.298,0
3,2,7,2,7,1,4,547.266,0
3,2,7,2,7,1,4,495.076,0
3,2,7,0,7,1,1,379.473,0
3,2,7,0,7,1,1,256.905,0
2,2,7,2,7,1,3,385.357,0
2,2,7,2,7,1,3,355.355,0
3,2,7,2,7,1,0,477.493,0
3,2,7,2,7,1,0,346.41,0
3,2,7,2,7,1,5,424.264,0
3,2,7,2,7,1,5,300.0,0
3,2,7,2,7,1,2,355.668,0
3,2,7,2,7,1,2,279.285,0
3,2,7,2,7,1,1,424.264,0
3,2,7,2,7,1,1,400.0,0
3,2,7,2,7,1,5,521.536,0
3,2,7,2,7,1,5,412.311,0
2,2,7,2,7,1,1,282.843,0
2,2,7,2,7,1,1,244.949,0
3,2,7,0,7,1,1,508.92,0
3,2,7,0,7,1,1,382.099,0
3,2,7,2,7,1,1,447.214,0
3,2,7,2,7,1,1,400.0,0
1,2,7,0,7,1,1,556.776,0
1,2,7,0,7,1,1,488.876,0
3,2,7,0,7,1,1,376.829,0
3,2,7,0,7,1,1,308.221,0
3,2,7,2,7,1,2,393.7,0
3,2,7,2,7,1,2,373.497,0
2,2,7,0,7,1,1,374.166,0
2,2,7,0,7,1,1,346.41,0
3,2,7,0,7,1,1,508.92,0
3,2,7,0,7,1,1,382.099,0
2,2,4,2,4,1,1,330.713,1
2,2,4,2,4,1,1,270.026,1
0,3,4,0,3,0,1,133.338,1
0,2,4,0,4,0,2,139.721,2
3,2,7,2,7,1,5,497.494,0
3,2,7,2,7,1,5,414.97,0
3,2,7,2,7,1,2,474.342,0
3,2,7,2,7,1,2,395.474,0
3,2,7,2,7,1,1,373.497,0
3,2,7,2,7,1,1,330.757,0
2,2,7,2,7,1,1,353.553,0
2,2,7,2,7,1,1,300.0,0
3,2,1,0,1,1,5,327.581,1
3,2,1,0,1,1,5,274.073,1
3,2,7,2,7,1,2,431.161,0
3,2,7,2,7,1,2,359.583,0
3,2,7,2,7,1,3,373.497,0
3,2,7,2,7,1,3,330.757,0
3,2,7,0,7,1,1,346.41,0
3,2,7,0,7,1,1,273.861,0
3,2,7,2,7,1,1,411.096,0
3,2,7,2,7,1,1,332.566,0
3,2,7,0,7,1,3,536.656,0
3,2,7,0,7,1,3,374.166,0
3,2,7,0,7,1,3,536.656,0
3,2,7,0,7,1,3,374.166,0
2,2,7,2,7,1,1,346.41,0
2,2,7,2,7,1,1,300.0,0
2,2,6,2,6,1,5,270.026,1
2,2,6,2,6,1,5,246.497,1
3,2,7,0,7,1,2,463.735,0
3,2,7,0,7,1,2,395.474,0
3,2,7,0,7,1,0,444.972,0
3,2,7,0,7,1,0,337.639,0
0,2,7,0,7,1,1,273.861,0
0,2,7,0,7,1,1,244.949,0
3,2,7,2,7,1,3,452.217,0
3,2,7,2,7,1,3,377.094,0
3,2,7,0,7,1,2,457.493,0
3,2,7,0,7,1,2,426.849,0
3,2,7,2,7,1,5,374.166,0
3,2,7,2,7,1,5,346.41,0
0,2,7,2,7,1,2,291.548,0
2,2,6,0,6,1,3,220.474,1
0,2,6,0,6,1,5,346.41,1
0,2,6,0,6,1,5,244.949,1
3,2,7,2,7,1,3,383.536,0
3,2,7,2,7,1,3,301.164,0
3,2,7,2,7,1,1,479.583,0
3,2,7,2,7,1,1,412.311,0
3,2,7,2,7,1,1,476.445,0
3,2,7,2,7,1,1,328.634,0
3,2,7,0,7,1,1,424.264,0
3,2,7,0,7,1,1,400.0,0
3,2,7,0,7,1,0,424.264,0
3,2,7,0,7,1,0,400.0,0
3,2,7,2,7,1,1,424.264,0
3,2,7,2,7,1,1,360.555,0
3,2,5,0,5,1,1,236.22,1
3,2,5,0,5,1,1,226.954,1
0,2,7,0,7,0,1,244.949,0
0,2,4,1,7,0,1,223.607,0
3,2,7,2,7,1,1,476.13,0
3,2,7,2,7,1,1,365.103,0
3,2,7,2,7,1,1,501.996,0
3,2,7,2,7,1,1,359.166,0
3,2,6,0,6,0,0,389.746,1
0,2,3,2,3,0,2,98.626,1
3,2,7,2,7,1,1,282.843,0
3,2,7,2,7,1,1,229.129,0
3,2,7,0,7,1,1,500.0,0
3,2,7,0,7,1,1,403.113,0
0,2,7,0,7,1,1,291.548,0
0,2,7,0,7,1,1,273.861,0
3,2,7,2,7,1,1,391.918,0
3,2,7,2,7,1,1,326.803,0
2,2,7,2,7,1,1,406.202,0
2,2,7,2,7,1,1,352.136,0
3,2,7,0,7,1,1,340.491,0
3,2,7,0,7,1,1,285.773,0
3,2,7,2,7,1,1,409.365,0
3,2,7,2,7,1,1,296.614,0
3,2,7,0,7,1,1,500.0,0
3,2,7,0,7,1,1,250.998,0
3,2,5,2,5,1,2,503.736,1
3,2,5,2,5,1,2,411.339,1
3,2,5,2,5,1,2,503.736,1
3,2,5,2,5,1,2,411.339,1
2,2,7,2,7,1,2,412.311,0
2,2,7,2,7,1,2,346.41,0
3,2,7,2,7,1,1,353.186,0
3,2,7,2,7,1,1,255.906,0
3,2,7,0,7,1,1,462.147,0
3,2,7,0,7,1,1,404.506,0
0,2,4,2,4,0,1,109.545,0
3,2,7,0,7,1,5,612.372,0
3,2,4,0,4,1,1,319.285,1
2,2,3,0,3,0,5,128.117,1
3,2,7,2,7,1,3,469.042,0
3,2,7,2,7,1,3,412.311,0
1,2,7,2,7,1,1,484.768,0
1,2,7,2,7,1,1,458.258,0
3,2,7,0,7,1,0,424.264,0
3,2,7,0,7,1,0,339.116,0
3,2,7,0,7,1,0,447.214,0
3,2,7,0,7,1,0,339.116,0
3,2,7,0,7,1,4,480.885,0
3,2,7,0,7,1,4,372.492,0
3,2,7,2,7,1,3,533.207,0
3,2,7,2,7,1,3,391.267,0
3,2,7,0,7,1,1,400.0,0
3,2,7,0,7,1,1,273.861,0
2,2,7,2,7,1,1,353.553,0
2,2,7,2,7,1,1,324.037,0
2,2,6,2,6,1,1,330.713,1
2,2,6,2,6,1,1,291.661,1
0,2,7,2,7,1,1,234.521,0
0,2,7,2,7,1,1,219.089,0
0,2,7,1,7,1,1,316.228,0
3,2,7,2,7,1,5,475.289,0
3,2,7,2,7,1,5,395.474,0
3,2,7,0,7,1,1,500.0,0
3,2,7,0,7,1,1,403.113,0
3,2,7,0,7,1,3,564.181,0
3,2,7,0,7,1,3,434.511,0
3,2,7,2,7,1,1,620.484,0
3,2,7,2,7,1,1,244.949,0
2,2,7,0,7,1,1,331.662,0
2,2,7,0,7,1,1,308.221,0
3,2,7,0,7,1,2,380.789,0
3,2,7,0,7,1,2,367.423,0
3,2,7,2,7,1,1,424.476,0
3,2,7,2,7,1,1,325.607,0
3,2,7,0,7,1,1,306.462,0
3,2,7,0,7,1,1,227.952,0
3,2,7,2,7,1,1,491.804,0
3,2,7,2,7,1,1,365.831,0
3,2,7,0,7,1,2,412.311,0
3,2,7,0,7,1,2,300.0,0
1,2,7,0,7,1,1,459.254,0
1,2,7,0,7,1,1,341.62,0
3,2,7,0,7,1,1,438.748,0
3,2,7,0,7,1,1,374.166,0
3,2,7,2,7,1,2,386.104,0
3,2,7,2,7,1,2,286.993,0
2,2,4,0,4,2,3,189.737,0
3,2,7,2,7,1,2,418.33,0
3,2,7,2,7,1,2,385.681,0
3,2,7,2,7,1,2,608.276,0
3,2,7,2,7,1,2,447.214,0
3,2,7,0,7,1,2,484.768,0
3,2,7,0,7,1,2,430.116,0
2,2,6,2,6,1,3,348.601,1
2,2,6,2,6,1,3,311.798,1
3,2,7,2,7,1,2,464.866,0
3,2,7,2,7,1,2,375.233,0
2,2,6,2,6,1,3,381.874,1
2,2,6,2,6,1,3,348.601,1
3,2,4,0,0,0,5,231.633,1
0,2,7,1,7,2,2,331.662,0
3,2,7,2,7,1,1,357.771,0
3,2,7,2,7,1,1,285.482,0
2,2,6,0,6,1,1,258.529,1
2,2,6,0,6,1,1,251.38,1
2,2,6,2,6,1,1,246.497,1
2,2,6,2,6,1,1,233.848,1
1,2,7,0,7,1,1,532.917,0
1,2,7,0,7,1,1,485.798,0
3,2,0,2,0,1,2,498.096,2
3,2,0,2,0,1,2,381.969,2
3,2,7,2,7,1,5,394.778,0
3,2,7,2,7,1,5,320.225,0
2,2,7,0,7,1,2,389.114,0
2,2,7,0,7,1,2,339.647,0
2,2,5,0,5,1,1,257.936,1
2,2,5,0,5,1,1,242.94,1
3,2,0,1,0,1,4,354.522,2
3,2,4,1,4,0,5,316.228,0
0,2,3,1,3,0,2,112.991,1
3,2,7,2,7,1,2,500.0,0
3,2,7,2,7,1,2,403.113,0
3,2,6,2,6,1,2,430.116,1
3,2,6,2,6,1,2,346.771,1
0,2,2,0,2,0,1,163.789,2
0,2,7,0,7,1,2,424.264,0
2,2,7,2,7,1,2,291.548,0
2,2,7,2,7,1,2,264.575,0
3,2,7,0,7,1,1,367.423,0
3,2,7,0,7,1,1,316.228,0
1,2,7,2,7,1,4,393.7,0
1,2,7,2,7,1,4,374.166,0
3,2,7,2,7,1,3,452.217,0
3,2,7,2,7,1,3,377.094,0
3,2,7,2,7,1,1,476.13,0
3,2,7,2,7,1,1,365.103,0
3,2,7,0,7,1,2,474.342,0
3,2,7,0,7,1,2,395.474,0
3,2,7,2,7,1,1,404.722,0
3,2,7,2,7,1,1,354.965,0
3,2,7,2,7,1,3,404.722,0
3,2,7,2,7,1,3,354.965,0
3,2,7,2,7,1,3,469.042,0
3,2,7,2,7,1,3,387.298,0
3,2,7,2,7,1,1,380.789,0
3,2,7,2,7,1,1,339.116,0
3,2,7,2,7,1,4,452.217,0
3,2,7,2,7,1,4,372.693,0
2,2,7,2,7,1,1,403.113,0
2,2,7,2,7,1,1,360.555,0
3,2,7,0,7,1,1,387.298,0
3,2,7,0,7,1,1,327.109,0
1,2,7,2,7,1,1,418.33,0
1,2,7,2,7,1,1,331.662,0
3,2,7,2,7,1,1,476.13,0
3,2,7,2,7,1,1,365.103,0
3,2,7,2,7,1,1,501.996,0
3,2,7,2,7,1,1,359.166,0
3,2,7,2,7,1,3,387.298,0
3,2,7,2,7,1,3,353.553,0
3,2,7,2,7,1,1,501.996,0
3,2,7,2,7,1,1,359.166,0
3,2,7,2,7,1,2,474.342,0
3,2,7,2,7,1,2,395.474,0
2,2,3,0,3,0,2,151.658,1
2,2,7,0,7,0,3,331.662,0
3,2,7,0,7,1,1,514.782,0
3,2,7,0,7,1,1,427.493,0
2,2,7,2,7,1,1,360.555,0
2,2,7,2,7,1,1,316.228,0
3,2,7,2,7,1,1,391.918,0
3,2,7,2,7,1,1,326.803,0
3,2,7,2,7,1,1,370.81,0
3,2,7,2,7,1,1,285.482,0
1,2,7,2,7,1,4,560.446,0
1,2,7,2,7,1,4,442.493,0
3,2,7,2,7,1,2,452.769,0
3,2,7,2,7,1,2,424.264,0
3,2,7,0,7,1,2,406.202,0
3,2,7,0,7,1,2,379.473,0
0,2,7,2,7,1,1,400.0,0
0,2,7,2,7,1,1,316.228,0
1,2,7,2,7,1,1,447.214,0
1,2,7,2,7,1,1,380.789,0
2,2,7,2,7,1,1,387.298,0
2,2,7,2,7,1,1,316.228,0
3,2,7,2,7,1,5,446.094,0
3,2,7,2,7,1,5,334.664,0
3,2,7,2,7,1,2,324.037,0
3,2,7,2,7,1,2,264.575,0
0,2,4,0,4,2,5,360.555,0
3,2,7,2,7,1,1,424.476,0
3,2,7,2,7,1,1,325.607,0
0,2,7,2,7,1,1,400.0,0
0,2,7,2,7,1,1,367.423,0
3,2,7,2,7,1,2,427.785,0
3,2,7,2,7,1,2,366.06,0
3,2,7,2,7,1,3,469.042,0
3,2,7,2,7,1,3,387.298,0
3,2,7,2,7,0,2,591.608,0
3,2,7,2,7,0,2,512.348,0
3,2,7,2,7,1,1,349.285,0
3,2,7,2,7,1,1,306.594,0
3,2,7,2,7,1,3,525.357,0
3,2,7,2,7,1,3,428.952,0
1,2,7,0,7,1,1,556.776,0
1,2,7,0,7,1,1,488.876,0
3,2,7,0,7,1,2,474.342,0
3,2,7,0,7,1,2,395.474,0
2,2,7,0,7,1,3,424.264,0
2,2,7,0,7,1,3,387.298,0
3,2,7,2,7,1,2,477.493,0
3,2,7,2,7,1,2,389.872,0
3,2,7,0,7,1,2,457.657,0
3,2,7,0,7,1,2,398.343,0
3,2,7,2,7,1,1,418.33,0
3,2,7,2,7,1,1,380.789,0
3,2,7,2,7,1,1,489.898,0
3,2,7,2,7,1,1,412.311,0
2,2,7,2,7,1,1,321.248,0
2,2,7,2,7,1,1,247.386,0
2,2,7,0,7,0,2,393.7,0
0,2,4,1,4,0,5,258.786,0
3,2,4,1,4,0,2,251.619,2
3,2,7,0,7,1,2,486.826,0
3,2,7,0,7,1,2,380.789,0
3,2,7,0,7,1,2,489.898,0
3,2,7,0,7,1,2,372.827,0
3,2,7,2,7,1,0,417.732,0
3,2,7,2,7,1,0,336.155,0
3,2,7,0,7,1,1,360.555,0
3,2,7,0,7,1,1,294.958,0
3,2,7,0,7,1,1,400.0,0
3,2,7,0,7,1,1,328.634,0
3,2,7,0,7,1,1,406.202,0
3,2,7,0,7,1,1,327.49,0
3,2,7,2,7,1,1,547.723,0
3,2,7,2,7,1,1,344.964,0
3,2,7,0,7,1,2,534.603,0
3,2,7,0,7,1,2,393.192,0
2,2,3,1,3,0,4,246.566,1
0,2,4,0,7,2,1,173.205,1
2,2,7,2,7,1,4,469.042,0
2,2,7,2,7,1,4,441.588,0
3,2,7,2,7,1,5,410.366,0
3,2,7,2,7,1,5,324.345,0
2,2,7,2,7,1,1,453.872,0
2,2,7,2,7,1,1,400.0,0
3,2,7,0,7,1,1,447.214,0
3,2,7,0,7,1,1,418.33,0
3,2,7,0,7,1,1,480.885,0
3,2,7,0,7,1,1,372.492,0
3,2,0,0,0,1,1,391.152,2
3,2,0,0,0,1,1,306.594,2
3,2,7,2,7,0,1,490.408,0
3,2,7,2,7,0,1,351.71,0
3,2,7,0,7,1,1,400.0,0
3,2,7,0,7,1,1,300.0,0
0,2,7,2,7,1,2,352.468,0
0,2,7,2,7,1,2,273.02,0
2,2,7,2,7,1,1,330.151,0
2,2,7,2,7,1,1,281.069,0
3,2,1,1,1,0,3,289.919,1
2,2,4,2,4,2,3,223.607,2
3,2,7,0,7,1,2,524.69,0
3,2,7,0,7,1,2,428.369,0
3,2,7,0,7,1,2,524.69,0
3,2,7,0,7,1,2,428.369,0
3,2,7,0,7,1,1,400.0,0
3,2,7,0,7,1,1,354.401,0
3,2,7,2,7,1,1,412.311,0
3,2,7,2,7,1,1,346.41,0
3,2,7,2,7,1,1,474.342,0
3,2,7,2,7,1,1,374.166,0
3,2,7,2,7,1,1,375.886,0
3,2,7,2,7,1,1,272.356,0
3,2,7,2,7,1,2,387.298,0
3,2,7,2,7,1,2,346.41,0
3,2,7,0,7,1,1,291.548,0
3,2,7,0,7,1,1,273.861,0
3,2,7,2,7,1,1,469.042,0
3,2,7,2,7,1,1,400.0,0
3,2,7,0,7,1,1,453.431,0
3,2,7,0,7,1,1,327.872,0
2,2,7,2,7,1,1,346.41,0
2,2,7,2,7,1,1,308.221,0
3,2,7,2,7,1,1,431.161,0
3,2,7,2,7,1,1,359.583,0
3,2,7,0,7,1,1,400.0,0
3,2,7,0,7,1,1,360.555,0
0,2,3,1,3,2,2,113.525,1
2,2,7,2,7,1,1,500.0,0
2,2,7,2,7,1,1,418.33,0
3,2,7,0,7,1,2,368.782,0
3,2,7,0,7,1,2,322.49,0
2,2,7,2,7,1,1,282.843,0
2,2,7,2,7,1,1,229.129,0
3,2,7,0,7,1,2,331.662,0
3,2,7,0,7,1,2,289.828,0
3,2,7,2,7,1,1,353.553,0
3,2,7,2,7,1,1,331.662,0
2,2,7,2,7,1,1,300.0,0
2,2,7,2,7,1,1,282.843,0
3,2,7,2,7,1,3,447.214,0
3,2,7,2,7,1,3,367.423,0
0,2,7,1,7,0,1,219.089,0
0,2,4,1,4,2,5,346.41,2
3,2,7,2,7,1,1,360.555,0
3,2,7,2,7,1,1,273.861,0
3,2,7,2,7,1,1,501.996,0
3,2,7,2,7,1,1,359.166,0
2,2,7,2,7,1,1,387.298,0
2,2,7,2,7,1,1,316.228,0
3,2,7,2,7,1,1,476.13,0
3,2,7,2,7,1,1,365.103,0
3,2,7,2,7,1,2,435.89,0
3,2,7,2,7,1,2,406.202,0
3,2,7,0,7,1,1,412.311,0
3,2,7,0,7,1,1,387.298,0
2,2,7,2,7,1,1,387.298,0
2,2,7,2,7,1,1,360.555,0
3,2,7,2,7,1,2,474.342,0
3,2,7,2,7,1,2,395.474,0
3,2,7,0,7,2,5,447.214,0
2,2,4,0,4,2,5,282.843,1
0,2,4,1,4,0,1,113.477,1
0,2,4,2,4,2,5,79.398,1
2,2,3,1,4,1,5,132.322,1
3,2,7,2,7,1,2,506.952,0
3,2,7,2,7,1,2,366.06,0
3,2,4,2,4,1,2,277.96,1
3,2,4,2,4,1,2,196.548,1
3,2,7,2,7,0,1,453.431,0
3,2,7,2,7,0,1,325.115,0
3,2,7,0,7,1,1,374.166,0
3,2,7,0,7,1,1,331.662,0
3,2,7,2,7,1,4,547.266,0
3,2,7,2,7,1,4,495.076,0
3,2,7,2,7,1,2,458.258,0
3,2,7,2,7,1,2,389.615,0
2,2,4,1,4,0,2,231.633,0
3,2,5,2,5,1,1,226.954,1
3,2,5,2,5,1,1,201.933,1
3,2,5,2,5,1,1,226.954,1
3,2,5,2,5,1,1,201.933,1
0,2,7,2,7,1,1,400.0,0
0,2,7,2,7,1,1,367.423,0
2,2,7,0,7,1,1,346.41,0
2,2,7,0,7,1,1,308.221,0
3,2,7,0,7,1,1,500.0,0
3,2,7,0,7,1,1,250.998,0
3,2,7,0,7,1,2,486.826,0
3,2,7,0,7,1,2,380.789,0
3,2,7,0,7,1,2,360.555,0
3,2,7,0,7,1,2,300.0,0
2,2,7,0,7,1,1,346.41,0
2,2,7,0,7,1,1,316.228,0
3,2,7,2,7,1,0,417.732,0
3,2,7,2,7,1,0,336.155,0
2,2,7,2,7,1,2,428.147,0
2,2,7,2,7,1,2,428.147,0
3,2,7,0,7,1,1,380.789,0
3,2,7,0,7,1,1,320.156,0
3,2,7,2,7,1,2,458.258,0
3,2,7,2,7,1,2,430.116,0
3,2,7,2,7,1,0,417.732,0
3,2,7,2,7,1,0,336.155,0
3,2,7,2,7,1,5,349.285,0
3,2,7,2,7,1,5,306.594,0
3,2,7,2,7,1,2,469.042,0
3,2,7,2,7,1,2,382.099,0
3,2,7,2,7,1,1,547.723,0
3,2,7,2,7,1,1,360.555,0
2,2,4,1,4,0,2,157.29,0
2,2,3,0,3,1,5,126.083,1
3,2,7,2,7,1,5,380.789,0
3,2,7,2,7,1,5,357.771,0
3,2,7,2,7,1,2,426.615,0
3,2,7,2,7,1,2,374.166,0
3,2,7,2,7,1,1,349.285,0
3,2,7,2,7,1,1,306.594,0
3,2,4,2,4,1,3,277.96,1
3,2,4,2,4,1,3,196.548,1
1,2,7,2,7,1,2,547.723,0
1,2,7,2,7,1,2,447.214,0
2,2,7,2,7,1,1,367.423,0
2,2,7,2,7,1,1,324.808,0
3,2,7,2,7,1,1,501.996,0
3,2,7,2,7,1,1,359.166,0
2,2,7,0,7,0,2,331.662,0
3,2,7,0,7,1,2,368.782,0
3,2,7,0,7,1,2,322.49,0
3,2,7,0,7,1,2,409.878,0
3,2,7,0,7,1,2,360.555,0
2,2,6,2,6,1,1,281.052,1
2,2,6,2,6,1,1,209.306,1
2,2,7,2,7,1,1,346.41,0
2,2,7,2,7,1,1,308.221,0
3,2,7,2,7,1,2,391.663,0
3,2,7,2,7,1,2,350.286,0
3,2,7,2,7,1,2,430.116,0
3,2,7,2,7,1,2,400.0,0
3,2,7,0,7,1,2,452.769,0
3,2,7,0,7,1,2,430.116,0
3,2,7,2,7,1,3,452.217,0
3,2,7,2,7,1,3,377.094,0
2,2,7,2,7,1,3,380.789,0
2,2,7,2,7,1,3,294.958,0
0,2,3,0,7,1,2,223.607,0
3,2,7,0,7,1,3,483.839,0
3,2,7,0,7,1,3,451.11,0
3,2,7,2,7,1,2,473.075,0
3,2,7,2,7,1,2,414.849,0
3,2,7,2,7,1,2,424.264,0
3,2,7,2,7,1,2,387.298,0
3,2,7,0,7,1,1,481.871,0
3,2,7,0,7,1,1,408.901,0
3,2,7,2,7,1,1,443.847,0
3,2,7,2,7,1,1,325.576,0
3,2,7,2,7,1,2,424.264,0
3,2,7,2,7,1,2,380.789,0
3,2,7,2,7,1,5,474.342,0
3,2,7,2,7,1,5,447.214,0
3,2,7,0,7,1,1,412.311,0
3,2,7,0,7,1,1,337.639,0
3,2,7,2,7,1,1,539.907,0
3,2,7,2,7,1,1,424.264,0
1,2,7,2,7,1,1,442.945,0
1,2,7,2,7,1,1,388.458,0
3,2,7,2,7,1,2,410.366,0
3,2,7,2,7,1,2,324.345,0
2,2,5,0,5,1,1,308.221,1
2,2,5,0,5,1,1,282.843,1
2,2,7,2,7,1,1,340.588,0
2,2,7,2,7,1,1,268.328,0
3,2,7,2,7,1,1,454.973,0
3,2,7,2,7,1,1,408.656,0
3,2,7,2,7,1,3,380.789,0
3,2,7,2,7,1,3,367.423,0
2,2,7,2,7,1,1,324.037,0
2,2,7,2,7,1,1,264.575,0
3,2,7,0,7,1,0,424.264,0
3,2,7,0,7,1,0,339.116,0
3,2,7,0,7,1,1,365.787,0
3,2,7,0,7,1,1,310.0,0
2,2,7,2,7,1,1,346.41,0
2,2,7,2,7,1,1,282.843,0
3,2,7,2,7,1,5,374.166,0
3,2,7,2,7,1,5,316.228,0
3,2,7,2,7,1,2,387.298,0
3,2,7,2,7,1,2,346.41,0
3,2,7,0,7,1,5,374.166,0
3,2,7,0,7,1,5,339.116,0
3,2,7,0,7,1,4,545.252,0
3,2,7,0,7,1,4,445.197,0
3,2,7,0,7,1,2,545.252,0
3,2,7,0,7,1,2,445.197,0
3,2,7,0,7,1,1,449.444,0
3,2,7,0,7,1,1,367.423,0
3,2,7,0,7,1,2,331.662,0
3,2,7,0,7,1,2,289.828,0
2,2,7,1,7,0,3,467.974,0
3,2,7,0,7,1,2,479.583,0
3,2,7,0,7,1,2,442.719,0
3,2,7,0,7,1,1,374.166,0
3,2,7,0,7,1,1,331.662,0
2,2,7,2,7,1,1,387.298,0
2,2,7,2,7,1,1,316.228,0
3,2,7,2,7,1,1,400.0,0
3,2,7,2,7,1,1,331.662,0
3,2,7,2,7,1,2,431.161,0
3,2,7,2,7,1,2,359.583,0
3,2,7,2,7,0,2,355.106,0
3,2,7,2,7,0,2,268.328,0
3,2,7,0,7,1,1,412.311,0
3,2,7,0,7,1,1,387.298,0
2,2,7,0,7,1,3,418.33,0
2,2,7,0,7,1,3,374.166,0
3,2,7,2,7,1,1,490.408,0
3,2,7,2,7,1,1,370.81,0
2,2,7,2,7,1,2,433.013,0
2,2,7,2,7,1,2,406.202,0
2,2,6,2,6,0,5,270.026,1
0,3,5,0,7,0,1,158.795,1
3,2,7,2,7,1,2,458.258,0
3,2,7,2,7,1,2,407.124,0
3,2,7,0,7,1,5,474.342,0
3,2,7,0,7,1,5,407.124,0
2,2,6,2,6,1,3,330.161,1
2,2,6,2,6,1,3,259.116,1
3,2,7,0,7,1,2,367.423,0
3,2,7,0,7,1,2,339.116,0
3,2,7,2,7,1,5,524.404,0
3,2,7,2,7,1,5,418.33,0
3,2,7,0,7,1,2,412.311,0
3,2,7,0,7,1,2,374.166,0
3,2,7,2,7,1,1,418.698,0
3,2,7,2,7,1,1,317.342,0
3,2,7,2,7,1,5,484.768,0
3,2,7,2,7,1,5,367.423,0
3,2,7,2,7,1,1,556.776,0
3,2,7,2,7,1,1,478.539,0
3,2,7,2,7,1,3,537.658,0
3,2,7,2,7,1,3,449.837,0
3,2,4,2,4,1,1,264.104,0
3,2,4,2,4,1,1,193.799,0
2,2,7,0,7,1,5,346.41,0
2,2,7,0,7,1,5,316.228,0
3,2,7,2,7,1,1,476.13,0
3,2,7,2,7,1,1,365.103,0
3,2,7,2,7,1,1,353.553,0
3,2,7,2,7,1,1,291.548,0
3,2,7,0,7,1,1,360.555,0
3,2,7,0,7,1,1,282.843,0
2,2,7,2,7,1,1,346.41,0
2,2,7,2,7,1,1,316.228,0
3,2,3,0,3,0,2,232.581,1
2,2,3,1,3,0,1,135.329,1
3,2,7,0,7,1,1,480.885,0
3,2,7,0,7,1,1,372.492,0
3,2,7,2,7,1,1,446.094,0
3,2,7,2,7,1,1,402.492,0
0,2,7,2,7,1,1,400.0,0
0,2,7,2,7,1,1,367.423,0
0,2,7,0,7,1,2,316.228,0
3,2,7,2,7,1,2,447.214,0
3,2,7,2,7,1,2,387.298,0
0,2,7,2,7,1,5,400.0,0
0,2,7,2,7,1,5,346.41,0
3,2,7,2,7,1,2,500.0,0
3,2,7,2,7,1,2,447.214,0
0,2,7,2,7,1,5,387.298,0
0,2,7,2,7,1,5,346.41,0
3,2,7,2,7,1,5,387.298,0
3,2,7,2,7,1,5,316.228,0
3,2,4,2,4,0,4,364.692,0
3,2,7,2,7,1,2,522.063,0
3,2,7,2,7,1,2,445.197,0
3,2,7,2,7,1,2,426.615,0
3,2,7,2,7,1,2,374.166,0
3,2,7,2,7,1,1,447.214,0
3,2,7,2,7,1,1,400.0,0
3,2,7,2,7,1,3,452.217,0
3,2,7,2,7,1,3,377.094,0
2,2,7,2,7,1,2,346.41,0
2,2,7,2,7,1,2,324.037,0
3,2,7,0,7,1,1,433.013,0
3,2,7,0,7,1,1,418.33,0
3,2,7,2,7,1,3,452.217,0
3,2,7,2,7,1,3,377.094,0
3,2,7,0,7,1,1,393.7,0
3,2,7,0,7,1,1,252.982,0
3,2,7,2,7,1,5,484.768,0
3,2,7,2,7,1,5,430.116,0
3,2,7,2,7,1,0,417.732,0
3,2,7,2,7,1,0,336.155,0
3,2,0,2,0,1,2,378.286,2
3,2,0,2,0,1,2,336.155,2
3,2,7,0,7,1,2,428.952,0
3,2,7,0,7,1,2,376.829,0
3,2,7,2,7,1,2,374.166,0
3,2,7,2,7,1,2,346.41,0
3,2,7,2,7,1,0,417.732,0
3,2,7,2,7,1,0,336.155,0
3,2,7,2,7,1,2,424.924,0
3,2,7,2,7,1,2,339.765,0
3,2,7,2,7,1,2,374.166,0
3,2,7,2,7,1,2,346.41,0
3,2,7,2,7,1,2,498.096,0
3,2,7,2,7,1,2,381.969,0
3,2,0,2,0,1,2,346.41,2
3,2,0,2,0,1,2,331.662,2
3,2,7,2,7,1,1,539.907,0
3,2,7,2,7,1,1,424.264,0
2,2,6,0,6,1,3,274.489,1
2,2,6,0,6,1,3,251.38,1
3,2,7,2,7,1,1,402.244,0
3,2,7,2,7,1,1,376.298,0
2,2,6,0,6,1,3,241.518,1
2,2,6,0,6,1,3,214.891,1
3,2,7,0,7,1,1,407.431,0
3,2,7,0,7,1,1,357.771,0
3,2,7,0,7,1,0,412.311,0
3,2,7,0,7,1,0,331.662,0
3,2,7,0,7,1,1,400.0,0
3,2,7,0,7,1,1,273.861,0
3,2,7,0,7,1,1,485.798,0
3,2,7,0,7,1,1,426.615,0
2,2,3,0,3,0,1,119.612,1
0,2,7,2,7,1,2,360.555,0
2,2,7,2,7,1,1,387.298,0
2,2,7,2,7,1,1,316.228,0
3,2,7,2,7,0,3,511.371,0
3,2,7,2,7,0,3,366.742,0
2,2,3,0,3,0,2,118.275,1
2,2,7,2,7,1,2,360.555,0
2,2,7,2,7,1,2,300.0,0
0,2,7,2,7,1,1,400.0,0
0,2,7,2,7,1,1,367.423,0
3,2,7,0,7,0,4,353.553,0
3,2,7,2,7,1,1,418.33,0
3,2,7,2,7,1,1,393.7,0
3,2,7,2,7,1,1,391.918,0
3,2,7,2,7,1,1,326.803,0
3,2,7,2,7,1,2,387.298,0
3,2,7,2,7,1,2,374.166,0
3,2,7,2,7,1,5,349.285,0
3,2,7,2,7,1,5,307.409,0
3,2,7,2,7,1,1,412.311,0
3,2,7,2,7,1,1,360.555,0
3,2,7,2,7,1,5,380.789,0
3,2,7,2,7,1,5,357.771,0
3,2,7,2,7,1,1,380.789,0
3,2,7,2,7,1,1,316.228,0
3,2,7,2,7,1,1,418.33,0
3,2,7,2,7,1,1,346.41,0
3,2,7,2,7,1,1,380.789,0
3,2,7,2,7,1,1,339.116,0
3,2,7,0,7,1,5,387.298,0
2,2,7,2,7,1,1,387.298,0
2,2,7,2,7,1,1,316.228,0
2,2,7,0,7,1,2,387.298,0
2,2,7,0,7,1,2,357.071,0
3,2,7,0,7,1,2,355.668,0
3,2,7,0,7,1,2,225.832,0
2,2,7,2,7,1,1,509.902,0
2,2,7,2,7,1,1,418.33,0
0,2,4,0,4,1,5,200.0,1
0,2,4,0,4,1,5,200.0,1
3,2,7,0,7,1,1,500.0,0
3,2,7,0,7,1,1,250.998,0
3,2,7,0,7,1,3,458.258,0
3,2,7,0,7,1,3,400.0,0
3,2,7,0,7,1,2,522.063,0
3,2,7,0,7,1,2,445.197,0
2,2,1,0,1,1,2,307.506,1
2,2,1,0,1,1,2,229.201,1
3,2,7,2,7,1,2,469.042,0
3,2,7,2,7,1,2,382.099,0
2,2,7,2,7,1,1,387.298,0
2,2,7,2,7,1,1,316.228,0
3,2,0,0,0,1,5,498.397,2
3,2,0,0,0,1,5,428.486,2
2,2,7,0,7,1,1,387.298,0
2,2,7,0,7,1,1,387.298,0
0,2,4,0,4,1,5,200.0,1
3,2,3,2,3,0,5,238.166,1
2,2,7,2,7,1,1,346.41,0
2,2,7,2,7,1,1,308.221,0
0,2,7,2,7,1,1,400.0,0
0,2,7,2,7,1,1,367.423,0
0,2,4,1,4,1,5,155.451,1
3,2,7,0,7,1,1,464.758,0
3,2,7,0,7,1,1,379.473,0
0,2,7,2,7,1,1,291.548,0
0,2,7,2,7,1,1,254.951,0
3,2,7,0,7,1,1,386.005,0
3,2,7,0,7,1,1,344.964,0
3,2,7,2,7,1,2,374.166,0
3,2,7,2,7,1,2,346.41,0
2,2,7,2,7,1,2,387.298,0
2,2,7,2,7,1,2,331.662,0
3,2,7,0,7,1,3,495.984,0
3,2,7,0,7,1,3,448.33,0
3,2,7,2,7,1,2,435.89,0
3,2,7,2,7,1,2,393.7,0
3,2,7,0,7,1,3,484.768,0
3,2,7,0,7,1,3,430.116,0
3,2,7,0,7,1,5,435.89,0
3,2,7,0,7,1,5,400.0,0
0,2,7,0,7,1,5,316.228,0
2,2,7,2,7,1,1,360.555,0
2,2,7,2,7,1,1,339.116,0
2,2,6,2,6,1,2,303.891,1
2,2,6,2,6,1,2,260.236,1
2,2,7,2,7,1,1,324.037,0
2,2,7,2,7,1,1,264.575,0
3,2,7,2,7,1,3,452.217,0
3,2,7,2,7,1,3,377.094,0
3,2,7,0,7,1,3,438.178,0
3,2,7,0,7,1,3,404.969,0
3,2,7,2,7,1,1,431.161,0
3,2,7,2,7,1,1,359.583,0
3,2,7,2,7,1,1,360.555,0
3,2,7,2,7,1,1,273.861,0
3,2,7,2,7,1,4,418.33,0
3,2,7,2,7,1,4,346.41,0
3,2,7,2,7,1,1,409.268,0
3,2,7,2,7,1,1,326.343,0
2,2,7,0,7,1,1,273.861,0
2,2,7,0,7,1,1,244.949,0
3,2,7,0,7,1,2,428.952,0
3,2,7,0,7,1,2,376.829,0
2,2,7,2,7,1,2,380.789,0
2,2,7,2,7,1,2,316.228,0
0,2,4,1,4,2,5,100.0,1
2,2,3,0,7,1,2,178.312,0
2,2,4,0,4,2,5,210.63,0
3,2,7,2,7,1,1,418.33,0
3,2,7,2,7,1,1,346.41,0
3,2,7,2,7,1,1,418.33,0
3,2,7,2,7,1,1,346.41,0
1,2,7,2,7,1,1,447.214,0
1,2,7,2,7,1,1,380.789,0
2,2,6,0,6,1,1,303.891,1
2,2,6,0,6,1,1,271.809,1
3,2,7,2,7,1,1,380.789,0
3,2,7,2,7,1,1,316.228,0
3,2,7,0,7,1,2,438.178,0
3,2,7,0,7,1,2,404.969,0
1,2,7,0,7,1,1,556.776,0
1,2,7,0,7,1,1,488.876,0
3,2,7,2,7,1,1,346.41,0
3,2,7,2,7,1,1,308.221,0
3,2,7,2,7,1,3,380.789,0
3,2,7,2,7,1,3,367.423,0
3,2,7,2,7,1,1,316.228,0
3,2,7,2,7,1,1,279.285,0
3,2,5,2,5,1,1,271.194,1
3,2,5,2,5,1,1,191.763,1
2,2,7,0,7,1,1,400.0,0
2,2,7,0,7,1,1,346.41,0
3,2,7,2,7,1,2,435.89,0
3,2,7,2,7,1,2,387.298,0
2,2,3,1,3,0,1,188.706,1
3,2,4,0,4,0,5,353.553,2
3,2,7,2,7,1,1,346.41,0
3,2,7,2,7,1,1,308.221,0
2,2,7,2,7,1,1,387.298,0
2,2,7,2,7,1,1,316.228,0
3,2,5,2,5,1,2,217.44,1
3,2,5,2,5,1,2,194.484,1
3,2,7,0,7,1,1,340.491,0
3,2,7,0,7,1,1,285.773,0
3,2,7,0,7,1,2,418.33,0
3,2,7,0,7,1,2,374.166,0
3,2,7,2,7,1,1,346.41,0
3,2,7,2,7,1,1,308.221,0
3,2,7,2,7,1,5,499.5,0
3,2,7,2,7,1,5,387.105,0
2,2,7,0,7,1,1,350.0,0
2,2,7,0,7,1,1,316.228,0
3,2,7,2,7,1,2,499.5,0
3,2,7,2,7,1,2,387.105,0
0,2,7,2,7,1,1,234.521,0
0,2,7,2,7,1,1,219.089,0
3,2,7,2,7,1,2,499.5,0
3,2,7,2,7,1,2,387.105,0
2,2,1,0,1,2,5,242.563,1
3,2,7,0,7,1,1,435.89,0
3,2,7,0,7,1,1,346.41,0
3,2,7,0,7,1,1,356.371,0
3,2,7,0,7,1,1,322.49,0
3,2,7,0,7,1,2,458.258,0
3,2,7,0,7,1,2,387.298,0
3,2,7,0,7,1,3,458.258,0
3,2,7,0,7,1,3,387.298,0
3,2,7,0,7,1,1,458.258,0
3,2,7,0,7,1,1,360.555,0
3,2,7,0,7,1,2,427.493,0
3,2,7,0,7,1,2,401.871,0
2,2,7,0,7,1,1,320.375,0
2,2,7,0,7,1,1,257.099,0
3,2,7,0,7,1,2,458.258,0
3,2,7,0,7,1,2,387.298,0
3,2,7,2,7,1,1,445.87,0
3,2,7,2,7,1,1,350.143,0
2,2,7,0,7,1,1,360.555,0
2,2,7,0,7,1,1,282.843,0
3,2,7,0,7,1,2,368.782,0
3,2,7,0,7,1,2,322.49,0
3,2,7,0,7,1,1,387.298,0
3,2,7,0,7,1,1,316.228,0
0,2,7,2,7,1,1,400.0,0
0,2,7,2,7,1,1,367.423,0
3,2,7,0,7,1,1,464.758,0
3,2,7,0,7,1,1,379.473,0
1,2,7,0,7,1,2,398.748,0
1,2,7,0,7,1,2,360.555,0
3,2,7,0,7,1,1,340.491,0
3,2,7,0,7,1,1,285.773,0
3,2,7,0,7,1,1,463.681,0
3,2,7,0,7,1,1,387.298,0
3,2,7,0,7,1,3,495.984,0
3,2,7,0,7,1,3,448.33,0
2,2,7,0,7,1,1,432.435,0
2,2,7,0,7,1,1,391.152,0
3,2,4,0,4,1,3,504.975,0
3,2,4,0,4,1,3,430.116,0
2,2,6,2,6,1,1,656.481,1
2,2,6,2,6,1,1,235.393,1
3,2,5,2,5,1,1,224.571,1
3,2,5,2,5,1,1,199.812,1
3,2,7,2,7,1,1,411.096,0
3,2,7,2,7,1,1,332.566,0
0,2,2,2,2,0,1,246.856,2
3,2,7,0,7,1,1,374.166,0
3,2,7,0,7,1,1,346.41,0
2,2,7,0,7,1,1,273.861,0
2,2,7,0,7,1,1,244.949,0
3,2,0,1,4,2,2,100.0,2
0,2,7,1,7,0,1,223.607,0
2,2,7,0,7,1,5,366.06,0
2,2,7,0,7,1,5,352.136,0
3,2,7,2,7,1,1,408.289,0
3,2,7,2,7,1,1,344.964,0
0,2,7,2,7,1,2,352.468,0
0,2,7,2,7,1,2,273.02,0
2,2,7,0,7,1,1,316.228,0
2,2,7,0,7,1,1,254.951,0
2,2,3,1,3,0,1,130.015,1
0,2,0,1,0,0,5,447.214,2
0,2,4,0,4,0,3,109.545,2
3,2,7,0,7,1,1,469.042,0
3,2,7,0,7,1,1,382.099,0
3,2,5,2,5,1,1,261.329,1
3,2,5,2,5,1,1,191.763,1
3,2,7,2,7,1,5,331.662,0
3,2,7,2,7,1,5,264.575,0
0,2,7,1,7,0,1,223.607,0
3,2,7,2,7,1,1,346.41,0
3,2,7,2,7,1,1,308.221,0
2,2,7,2,7,1,1,387.298,0
2,2,7,2,7,1,1,316.228,0
3,2,5,2,5,1,2,217.44,1
3,2,5,2,5,1,2,194.484,1
3,2,7,0,7,1,0,435.89,0
3,2,7,0,7,1,0,367.423,0
3,2,7,2,7,1,2,357.771,0
3,2,7,2,7,1,2,285.482,0
3,2,7,0,7,1,2,415.933,0
3,2,7,0,7,1,2,331.662,0
3,2,7,2,7,1,3,438.178,0
3,2,7,2,7,1,3,346.41,0
3,2,7,0,7,1,1,340.491,0
3,2,7,0,7,1,1,285.773,0
3,2,7,2,7,1,1,346.41,0
3,2,7,2,7,1,1,308.221,0
3,2,7,0,7,0,3,435.89,0
3,2,7,0,7,1,1,440.454,0
3,2,7,0,7,1,1,359.722,0
3,2,7,0,7,1,1,448.33,0
3,2,7,0,7,1,1,298.664,0
3,2,7,2,7,1,2,406.202,0
3,2,7,2,7,1,2,353.553,0
3,2,7,0,7,1,2,479.583,0
3,2,7,0,7,1,2,442.719,0
2,2,7,2,7,1,3,360.555,0
2,2,7,2,7,1,3,300.0,0
2,2,7,0,7,1,5,387.298,0
2,2,7,0,7,1,5,316.228,0
2,2,7,2,7,1,3,479.583,0
2,2,7,2,7,1,3,387.298,0
3,2,7,2,7,1,1,391.918,0
3,2,7,2,7,1,1,326.803,0
2,2,7,0,7,1,5,360.555,0
2,2,7,0,7,1,5,316.228,0
3,2,7,0,7,1,1,464.758,0
3,2,7,0,7,1,1,379.473,0
2,2,7,2,7,1,2,424.264,0
2,2,7,2,7,1,2,346.41,0
0,2,7,2,7,1,1,400.0,0
0,2,7,2,7,1,1,367.423,0
3,2,7,0,7,1,1,438.748,0
3,2,7,0,7,1,1,374.166,0
3,2,7,2,7,1,1,390.512,0
3,2,7,2,7,1,1,360.555,0
3,2,7,0,7,1,1,254.951,0
3,2,7,0,7,1,1,234.521,0
3,2,7,2,7,1,1,422.788,0
3,2,7,2,7,1,1,400.0,0
2,2,1,0,1,1,2,251.078,1
2,2,1,0,1,1,2,229.201,1
2,2,7,2,7,1,5,406.202,0
2,2,7,2,7,1,5,367.423,0
3,2,7,0,7,1,1,412.311,0
3,2,7,0,7,1,1,353.553,0
3,2,7,2,7,1,1,324.037,0
3,2,7,2,7,1,1,264.575,0
3,2,7,2,7,1,2,360.555,0
3,2,7,2,7,1,2,308.221,0
3,2,7,2,7,1,2,451.11,0
3,2,7,2,7,1,2,389.872,0
3,2,7,0,7,1,1,444.331,0
3,2,7,0,7,1,1,367.097,0
2,2,7,0,7,1,2,346.41,0
3,2,7,2,7,1,1,443.847,0
3,2,7,2,7,1,1,314.643,0
3,2,7,0,7,1,1,469.042,0
3,2,7,0,7,1,1,402.492,0
2,2,4,2,4,1,1,332.334,1
2,2,4,2,4,1,1,281.386,1
2,2,6,2,6,1,5,264.926,1
2,2,6,2,6,1,5,227.412,1
3,2,7,0,7,1,0,386.057,0
3,2,7,0,7,1,0,337.491,0
2,2,7,2,7,1,1,308.221,0
3,2,7,0,7,2,1,339.116,0
3,2,7,0,4,0,1,413.521,1
0,2,4,0,4,2,5,114.018,2
3,2,7,2,7,1,1,316.228,0
3,2,7,2,7,1,1,279.285,0
3,2,7,2,7,1,1,346.41,0
3,2,7,2,7,1,1,308.221,0
3,2,7,2,7,1,5,331.662,0
3,2,7,2,7,1,5,264.575,0
0,1,4,0,7,2,5,223.607,1
3,2,7,2,7,1,2,431.161,0
3,2,7,2,7,1,2,359.583,0
2,2,7,2,7,1,1,387.298,0
2,2,7,2,7,1,1,316.228,0
3,2,7,0,7,1,1,479.583,0
3,2,7,0,7,1,1,393.192,0
3,2,7,2,7,1,3,452.217,0
3,2,7,2,7,1,3,377.094,0
2,2,7,0,7,1,1,400.0,0
2,2,7,0,7,1,1,273.861,0
3,2,5,2,5,1,2,217.44,1
3,2,5,2,5,1,2,194.484,1
3,2,7,2,7,1,1,461.519,0
3,2,7,2,7,1,1,389.872,0
3,2,7,0,7,1,2,374.166,0
3,2,7,0,7,1,2,346.41,0
3,2,7,2,7,1,2,331.662,0
3,2,7,2,7,1,2,264.575,0
3,2,0,0,0,1,5,476.655,2
3,2,0,0,0,1,5,409.878,2
0,2,4,2,4,1,2,141.421,2
2,2,2,2,2,1,2,253.16,2
2,2,2,2,2,1,2,246.856,2
3,2,7,0,7,1,3,492.95,0
3,2,7,0,7,1,3,427.785,0
3,2,7,2,7,1,1,418.33,0
3,2,7,2,7,1,1,387.298,0
2,2,7,0,7,1,2,360.555,0
2,2,7,0,7,1,2,300.0,0
2,2,7,2,7,1,1,406.202,0
2,2,7,2,7,1,1,352.136,0
3,2,0,2,0,1,1,421.9,2
3,2,0,2,0,1,1,363.318,2
3,2,7,2,7,1,1,547.723,0
3,2,7,2,7,1,1,360.555,0
3,2,7,2,7,1,1,411.096,0
3,2,7,2,7,1,1,332.566,0
3,2,7,0,7,1,1,340.588,0
3,2,7,0,7,1,1,309.839,0
3,2,6,2,6,1,1,303.891,1
3,2,6,2,6,1,1,264.926,1
3,2,7,2,7,1,1,324.037,0
3,2,7,2,7,1,1,264.575,0
2,2,0,1,0,0,5,324.401,2
3,2,7,0,7,1,1,440.454,0
3,2,7,0,7,1,1,359.722,0
3,2,7,0,7,1,0,435.89,0
3,2,7,0,7,1,0,367.423,0
3,2,7,2,7,1,1,316.228,0
3,2,7,2,7,1,1,264.575,0
0,2,7,2,7,1,3,435.603,0
0,2,7,2,7,1,3,374.5,0
3,2,7,2,7,1,1,360.555,0
3,2,7,2,7,1,1,316.228,0
2,2,7,2,7,1,1,400.0,0
2,2,7,2,7,1,1,330.151,0
3,2,7,2,7,1,5,500.0,0
3,2,7,2,7,1,5,387.298,0
2,2,7,2,7,1,1,453.872,0
2,2,7,2,7,1,1,400.0,0
3,2,7,2,7,1,1,367.423,0
3,2,7,2,7,1,1,346.41,0
3,2,1,0,1,1,3,339.96,1
3,2,1,0,1,1,3,271.194,1
0,2,7,2,7,1,1,400.0,0
0,2,7,2,7,1,1,367.423,0
2,2,7,2,7,1,1,387.298,0
2,2,7,2,7,1,1,316.228,0
2,2,7,2,7,1,1,346.41,0
2,2,7,2,7,1,1,308.221,0
3,2,5,2,5,1,1,261.329,1
3,2,5,2,5,1,1,205.002,1
3,2,7,2,7,1,1,437.264,0
3,2,7,2,7,1,1,360.555,0
3,2,7,2,7,1,1,437.264,0
3,2,7,2,7,1,1,360.555,0
0,2,2,1,2,0,5,257.278,2
0,2,7,0,4,2,2,223.607,1
3,2,7,2,7,0,1,479.583,0
3,2,7,2,7,0,1,393.192,0
3,2,7,2,7,1,1,346.41,0
3,2,7,2,7,1,1,308.221,0
3,2,7,2,7,1,2,374.166,0
3,2,7,2,7,1,2,346.41,0
3,2,7,2,7,1,1,411.096,0
3,2,7,2,7,1,1,332.566,0
2,2,7,0,7,0,1,282.843,0
3,2,7,2,7,1,1,431.161,0
3,2,7,2,7,1,1,359.583,0
3,2,7,2,7,1,1,367.423,0
3,2,7,2,7,1,1,331.662,0
2,2,7,2,7,1,4,393.7,0
2,2,7,2,7,1,4,374.166,0
3,2,7,0,7,1,1,452.769,0
3,2,7,0,7,1,1,387.298,0
3,2,7,2,7,1,1,423.674,0
3,2,7,2,7,1,1,366.06,0
2,2,7,2,7,1,2,424.264,0
2,2,7,2,7,1,2,346.41,0
3,2,7,2,7,1,2,431.161,0
3,2,7,2,7,1,2,359.583,0
3,2,7,0,7,1,2,418.33,0
3,2,7,0,7,1,2,380.789,0
3,2,7,0,7,1,0,484.768,0
3,2,7,0,7,1,0,418.33,0
0,2,5,1,5,0,5,165.279,1
2,2,7,0,7,1,1,400.0,0
2,2,7,0,7,1,1,300.0,0
3,2,5,2,5,1,1,261.329,1
3,2,5,2,5,1,1,191.763,1
3,2,7,2,7,1,1,380.789,0
3,2,7,2,7,1,1,339.116,0
2,2,7,2,7,1,5,406.202,0
2,2,7,2,7,1,5,367.423,0
3,2,7,2,7,1,1,410.366,0
3,2,7,2,7,1,1,324.345,0
2,2,6,0,6,1,5,293.586,1
2,2,6,0,6,1,5,221.93,1
3,2,7,2,7,1,1,447.214,0
3,2,7,2,7,1,1,400.0,0
3,2,5,2,5,1,2,217.44,1
3,2,5,2,5,1,2,194.484,1
3,2,7,2,7,1,2,445.87,0
3,2,7,2,7,1,2,350.143,0
0,1,4,0,4,1,3,316.228,1
2,2,1,1,1,1,1,324.139,1
3,2,7,2,7,1,1,360.555,0
3,2,7,2,7,1,1,316.228,0
2,2,6,2,6,1,1,323.517,1
2,2,6,2,6,1,1,271.809,1
3,2,7,0,7,1,1,353.553,0
3,2,7,0,7,1,1,331.662,0
2,2,7,2,7,1,1,406.202,0
2,2,7,2,7,1,1,352.136,0
3,2,7,0,7,1,2,384.708,0
3,2,7,0,7,1,2,327.109,0
2,2,7,2,7,1,1,387.298,0
2,2,7,2,7,1,1,316.228,0
0,2,7,2,7,1,1,400.0,0
0,2,7,2,7,1,1,367.423,0
2,2,7,2,7,1,1,346.41,0
2,2,7,2,7,1,1,308.221,0
3,2,7,2,7,1,1,391.918,0
3,2,7,2,7,1,1,326.803,0
2,2,0,2,0,1,1,316.228,2
2,2,0,2,0,1,1,254.951,2
2,2,7,2,7,1,1,346.41,0
2,2,7,2,7,1,1,308.221,0
3,2,4,2,4,1,1,251.078,0
3,2,4,2,4,1,1,191.763,0
1,2,7,0,7,1,1,556.776,0
1,2,7,0,7,1,1,488.876,0
3,2,7,2,7,1,4,547.266,0
3,2,7,2,7,1,4,495.076,0
3,2,7,0,7,1,2,409.878,0
3,2,7,0,7,1,2,360.555,0
3,2,7,0,7,1,2,368.782,0
3,2,7,0,7,1,2,322.49,0
2,2,7,0,7,1,1,401.248,0
2,2,7,0,7,1,1,343.511,0
3,2,7,0,7,1,2,452.769,0
3,2,7,0,7,1,2,428.952,0
3,2,7,2,7,1,2,431.161,0
3,2,7,2,7,1,2,359.583,0
3,2,7,2,7,1,4,497.494,0
3,2,7,2,7,1,4,414.97,0
3,2,4,2,4,0,5,261.329,1
3,2,7,2,7,1,1,420.714,0
3,2,7,2,7,1,1,361.939,0
3,2,7,0,7,1,2,452.769,0
3,2,7,0,7,1,2,428.952,0
3,2,7,2,7,1,1,382.099,0
3,2,7,2,7,1,1,319.374,0
3,2,7,2,7,1,1,411.096,0
3,2,7,2,7,1,1,332.566,0
3,2,7,0,7,1,2,479.583,0
3,2,7,0,7,1,2,442.719,0
3,2,7,2,7,1,1,367.423,0
3,2,7,2,7,1,1,316.228,0
2,2,7,2,7,1,1,282.843,0
2,2,7,2,7,1,1,254.951,0
3,2,7,2,7,1,1,367.423,0
3,2,7,2,7,1,1,316.228,0
3,2,6,0,6,1,1,248.125,1
3,2,6,0,6,1,1,207.596,1
2,2,7,0,7,1,1,418.33,0
2,2,7,0,7,1,1,367.423,0
0,2,7,2,7,1,2,282.843,0
3,2,7,0,7,1,1,480.885,0
3,2,7,0,7,1,1,372.492,0
3,2,7,0,7,1,1,440.17,0
3,2,7,0,7,1,1,340.955,0
3,2,7,0,7,1,1,480.885,0
3,2,7,0,7,1,1,372.492,0
3,2,7,0,7,1,1,480.885,0
3,2,7,0,7,1,1,372.492,0
3,2,7,0,7,1,1,480.885,0
3,2,7,0,7,1,1,372.492,0
3,2,7,0,7,1,1,440.17,0
3,2,7,0,7,1,1,340.955,0
3,2,7,0,7,1,2,456.07,0
3,2,7,0,7,1,2,356.371,0
3,2,7,0,7,1,2,547.723,0
3,2,7,0,7,1,2,442.719,0
3,2,7,2,7,1,3,452.217,0
3,2,7,2,7,1,3,377.094,0
2,1,4,1,4,1,5,213.436,2
3,2,7,2,7,1,1,431.161,0
3,2,7,2,7,1,1,359.583,0
3,2,5,2,5,1,2,217.44,1
3,2,5,2,5,1,2,194.484,1
3,2,7,2,7,1,3,452.217,0
3,2,7,2,7,1,3,377.094,0
3,2,7,0,7,1,2,452.769,0
3,2,7,0,7,1,2,430.116,0
3,2,7,2,7,1,2,431.161,0
3,2,7,2,7,1,2,359.583,0
3,2,7,2,7,1,3,497.494,0
3,2,7,2,7,1,3,414.97,0
0,2,7,2,7,1,1,400.0,0
0,2,7,2,7,1,1,367.423,0
2,2,7,2,7,1,1,387.298,0
2,2,7,2,7,1,1,316.228,0
3,2,7,2,7,1,1,331.662,0
3,2,7,2,7,1,1,308.221,0
3,2,7,2,7,1,2,431.161,0
3,2,7,2,7,1,2,359.583,0
3,2,7,0,7,1,2,452.769,0
3,2,7,0,7,1,2,428.952,0
0,2,4,0,4,1,2,132.981,1
3,2,7,1,7,0,5,612.372,0
3,2,7,2,7,1,1,437.264,0
3,2,7,2,7,1,1,360.555,0
3,2,7,2,7,1,2,474.342,0
3,2,7,2,7,1,2,395.474,0
3,2,7,2,7,1,1,411.096,0
3,2,7,2,7,1,1,332.566,0
3,2,7,2,7,1,3,452.217,0
3,2,7,2,7,1,3,377.094,0
2,2,6,2,6,1,3,323.517,1
2,2,6,2,6,1,3,282.906,1
3,2,7,2,7,1,2,431.161,0
3,2,7,2,7,1,2,359.583,0
3,2,7,2,7,1,2,375.1,0
3,2,7,2,7,1,2,306.268,0
3,2,7,0,7,1,2,591.608,0
3,2,7,0,7,1,2,367.423,0
3,2,7,0,7,1,1,340.491,0
3,2,7,0,7,1,1,285.773,0
0,3,4,0,7,0,1,109.545,0
2,2,4,0,4,0,3,323.569,2
0,2,4,0,2,2,5,181.659,1
0,2,4,0,2,2,5,186.204,1
3,2,7,2,7,1,3,448.33,0
3,2,7,2,7,1,3,344.964,0
3,2,7,0,7,1,1,418.33,0
3,2,7,0,7,1,1,387.298,0
3,2,7,2,7,1,1,393.141,0
3,2,7,2,7,1,1,351.636,0
3,2,7,2,7,1,1,360.555,0
3,2,7,2,7,1,1,316.228,0
2,2,7,2,7,1,1,412.311,0
2,2,7,2,7,1,1,380.789,0
3,2,7,0,7,1,1,367.423,0
3,2,7,0,7,1,1,316.228,0
3,2,7,2,7,1,2,497.494,0
3,2,7,2,7,1,2,414.97,0
3,2,7,0,7,1,2,421.307,0
3,2,7,0,7,1,2,366.06,0
3,2,7,2,7,1,2,431.161,0
3,2,7,2,7,1,2,359.583,0
3,2,7,0,7,1,0,438.821,0
3,2,7,0,7,1,0,380.597,0
3,2,7,2,7,1,1,360.555,0
3,2,7,2,7,1,1,324.037,0
3,2,7,0,7,1,1,423.444,0
3,2,7,0,7,1,1,376.997,0
3,2,7,0,7,1,1,561.249,0
3,2,7,0,7,1,1,474.342,0
3,2,7,0,7,1,2,493.862,0
3,2,7,0,7,1,2,395.727,0
2,2,7,2,7,1,1,453.872,0
2,2,7,2,7,1,1,400.0,0
2,2,7,2,7,1,1,330.151,0
2,2,7,2,7,1,1,281.069,0
2,2,7,2,7,1,1,400.0,0
2,2,7,2,7,1,1,330.151,0
2,2,4,1,4,0,4,298.841,2
3,2,7,0,7,1,1,427.2,0
3,2,7,0,7,1,1,358.469,0
2,2,7,0,7,1,1,400.0,0
2,2,7,0,7,1,1,300.0,0
0,2,7,0,7,1,5,278.029,0
0,2,7,0,7,1,5,213.542,0
3,2,7,0,7,1,1,356.371,0
3,2,7,0,7,1,1,331.662,0
3,2,7,0,7,1,0,458.258,0
3,2,7,0,7,1,0,368.782,0
3,2,4,0,4,2,5,112.285,0
3,2,7,0,7,1,1,412.311,0
3,2,7,0,7,1,1,374.166,0
3,2,7,2,7,1,1,497.494,0
3,2,7,2,7,1,1,414.97,0
3,2,7,2,7,1,1,474.342,0
3,2,7,2,7,1,1,429.069,0
2,2,7,2,7,1,3,360.555,0
2,2,7,2,7,1,3,300.0,0
2,2,7,0,7,1,2,346.41,0
2,2,7,0,7,1,2,316.228,0
2,2,7,0,7,1,2,291.548,0
2,2,7,0,7,1,2,279.285,0
3,2,7,0,7,1,1,401.248,0
3,2,7,0,7,1,1,331.662,0
3,2,7,0,7,1,2,368.782,0
3,2,7,0,7,1,2,322.49,0
3,2,5,2,5,1,2,217.44,1
3,2,5,2,5,1,2,194.484,1
1,2,7,2,7,1,5,452.769,0
1,2,7,2,7,1,5,400.0,0
3,2,7,2,7,1,1,411.096,0
3,2,7,2,7,1,1,332.566,0
0,2,6,0,6,1,1,248.125,1
0,2,6,0,6,1,1,221.93,1
3,2,7,2,7,1,1,400.0,0
3,2,7,2,7,1,1,360.555,0
3,2,7,2,7,1,2,494.975,0
3,2,7,2,7,1,2,424.264,0
3,2,7,2,7,1,1,367.423,0
3,2,7,2,7,1,1,316.228,0
3,2,7,2,7,1,1,469.042,0
3,2,7,2,7,1,1,387.298,0
3,2,7,2,7,0,2,445.466,0
3,2,7,2,7,0,2,379.473,0
3,2,7,2,7,1,1,489.898,0
3,2,7,2,7,1,1,412.311,0
3,2,7,2,7,1,2,445.466,0
3,2,7,2,7,1,2,379.473,0
2,2,7,0,7,1,1,387.298,0
2,2,7,0,7,1,1,316.228,0
3,2,7,2,7,1,1,346.41,0
3,2,7,2,7,1,1,308.221,0
2,2,6,1,6,1,2,240.566,1
0,2,7,0,7,0,1,252.982,0
0,2,1,1,1,0,2,199.812,1
3,2,0,0,0,1,3,432.666,2
3,2,0,0,0,1,3,340.735,2
3,2,7,2,7,1,1,387.298,0
3,2,7,2,7,1,1,356.371,0
3,2,7,0,7,1,1,524.404,0
3,2,7,0,7,1,1,407.431,0
3,2,7,2,7,1,2,399.624,0
3,2,7,2,7,1,2,372.744,0
0,2,7,1,7,0,1,275.681,0
3,2,7,2,7,1,1,408.289,0
3,2,7,2,7,1,1,344.964,0
3,2,7,2,7,1,1,360.555,0
3,2,7,2,7,1,1,316.228,0
3,2,6,2,6,1,1,321.608,1
3,2,6,2,6,1,1,303.891,1
3,2,7,2,7,1,1,282.843,0
3,2,7,2,7,1,1,229.129,0
3,2,7,0,7,1,1,485.798,0
3,2,7,0,7,1,1,426.615,0
3,2,7,0,7,1,2,424.264,0
3,2,7,0,7,1,2,374.166,0
3,2,7,2,7,1,2,474.342,0
3,2,7,2,7,1,2,395.474,0
3,2,7,0,7,1,1,367.423,0
3,2,7,0,7,1,1,316.228,0
3,2,7,2,7,1,3,452.217,0
3,2,7,2,7,1,3,377.094,0
2,2,7,0,7,1,5,489.898,0
0,3,4,1,7,2,1,354.124,1
3,2,7,2,7,1,1,547.723,0
3,2,7,2,7,1,1,360.555,0
3,2,7,0,7,1,1,441.588,0
3,2,7,0,7,1,1,418.33,0
3,2,7,2,7,1,1,393.7,0
3,2,7,2,7,1,1,331.662,0
3,2,7,2,7,1,5,350.714,0
3,2,7,2,7,1,5,303.727,0
3,2,7,2,7,1,1,412.311,0
3,2,7,2,7,1,1,387.298,0
2,2,7,0,7,1,3,424.264,0
2,2,7,0,7,1,3,316.228,0
3,2,7,0,7,1,1,311.448,0
3,2,7,0,7,1,1,300.0,0
3,2,7,2,7,1,1,447.214,0
3,2,7,2,7,1,1,400.0,0
3,2,7,0,7,1,3,458.258,0
3,2,7,0,7,1,3,424.264,0
3,2,7,2,7,1,1,509.902,0
3,2,7,2,7,1,1,424.264,0
1,2,7,0,7,1,1,458.258,0
1,2,7,0,7,1,1,396.232,0
0,2,7,0,7,1,2,424.264,0
0,2,7,0,7,1,2,316.228,0
2,2,7,2,7,1,1,282.843,0
2,2,7,2,7,1,1,229.129,0
3,2,7,2,7,1,0,357.771,0
3,2,7,2,7,1,0,285.482,0
3,2,7,2,7,1,5,324.037,0
3,2,7,2,7,1,5,264.575,0
3,2,7,2,7,1,2,418.33,0
3,2,7,2,7,1,2,350.0,0
3,2,7,2,7,1,1,413.521,0
3,2,7,2,7,1,1,342.053,0
3,2,7,2,7,0,2,450.333,0
3,2,7,2,7,0,2,322.955,0
3,2,5,2,5,1,1,224.571,1
3,2,5,2,5,1,1,191.763,1
3,2,7,2,7,1,1,443.847,0
3,2,7,2,7,1,1,314.643,0
3,2,7,2,7,1,1,400.0,0
3,2,7,2,7,1,1,331.662,0
3,2,7,2,7,1,2,431.161,0
3,2,7,2,7,1,2,359.583,0
2,2,4,0,4,0,2,173.205,0
2,2,4,0,4,1,1,279.285,2
2,2,4,0,4,1,1,219.089,2
3,2,7,2,7,1,1,412.311,0
3,2,7,2,7,1,1,360.555,0
3,2,7,2,7,1,1,387.298,0
3,2,7,2,7,1,1,308.221,0
2,2,4,0,4,1,1,279.285,2
2,2,4,0,4,1,1,204.939,2
3,2,7,2,7,1,0,587.878,0
3,2,7,2,7,1,0,480.0,0
3,2,7,2,7,1,1,380.789,0
3,2,7,2,7,1,1,339.116,0
2,2,4,0,4,1,1,279.285,2
2,2,4,0,4,1,1,219.089,2
3,2,7,0,7,1,1,419.464,0
3,2,7,0,7,1,1,360.624,0
3,2,7,2,7,0,1,453.431,0
3,2,7,2,7,0,1,325.115,0
3,2,7,0,7,1,1,486.415,0
3,2,7,0,7,1,1,298.664,0
2,2,4,0,4,1,2,289.828,2
2,2,4,0,4,1,2,232.379,2
0,2,7,0,7,0,2,282.843,0
3,2,6,0,6,2,5,447.214,1
0,2,0,0,0,0,2,271.555,2
3,2,7,1,7,2,5,406.202,0
0,2,6,1,6,0,2,182.335,1
3,2,7,2,7,1,1,431.161,0
3,2,7,2,7,1,1,359.583,0
3,2,7,2,7,1,1,411.096,0
3,2,7,2,7,1,1,332.566,0
0,2,3,1,3,0,1,73.546,1
2,2,4,1,4,0,1,273.953,2
3,2,7,2,7,1,1,474.342,0
3,2,7,2,7,1,1,429.069,0
3,2,7,2,7,1,2,431.161,0
3,2,7,2,7,1,2,359.583,0
3,2,7,2,7,1,2,474.342,0
3,2,7,2,7,1,2,395.474,0
3,2,7,2,7,1,2,431.161,0
3,2,7,2,7,1,2,359.583,0
0,2,7,2,7,2,3,328.634,0
3,2,3,0,4,0,5,89.443,1
3,2,7,0,7,1,2,393.7,0
3,2,7,0,7,1,2,194.936,0
2,2,7,2,7,1,1,291.548,0
2,2,7,2,7,1,1,254.951,0
3,2,7,0,7,1,2,393.7,0
3,2,7,0,7,1,2,194.936,0
2,2,6,2,6,1,1,332.896,1
2,2,6,2,6,1,1,303.891,1
3,2,7,0,7,1,2,391.918,0
3,2,7,0,7,1,2,326.803,0
3,2,7,0,7,1,2,430.116,0
3,2,7,0,7,1,2,223.607,0
3,2,7,2,7,1,1,431.161,0
3,2,7,2,7,1,1,359.583,0
3,2,7,0,7,1,2,393.7,0
3,2,7,0,7,1,2,194.936,0
3,2,7,0,7,1,2,409.878,0
3,2,7,0,7,1,2,360.555,0
3,2,7,2,7,1,2,351.283,0
3,2,7,2,7,1,2,296.816,0
3,2,7,0,7,2,2,346.41,0
3,2,7,0,7,2,2,234.521,0
3,2,7,2,7,1,2,431.161,0
3,2,7,2,7,1,2,359.583,0
3,2,7,2,7,1,1,437.264,0
3,2,7,2,7,1,1,360.555,0
3,2,7,2,7,1,1,411.096,0
3,2,7,2,7,1,1,332.566,0
3,2,7,2,7,1,1,387.298,0
3,2,7,2,7,1,1,346.41,0
3,2,7,2,7,1,5,372.827,0
3,2,7,2,7,1,5,349.285,0
3,2,7,2,7,1,2,431.161,0
3,2,7,2,7,1,2,359.583,0
3,2,7,2,7,1,1,373.631,0
3,2,7,2,7,1,1,292.746,0
3,2,7,0,7,1,1,430.116,0
3,2,7,0,7,1,1,223.607,0
3,2,7,2,7,1,1,431.161,0
3,2,7,2,7,1,1,359.583,0
3,2,7,2,7,1,2,474.342,0
3,2,7,2,7,1,2,395.474,0
3,2,7,0,7,1,2,447.214,0
3,2,7,0,7,1,2,418.33,0
3,2,7,2,7,1,1,431.161,0
3,2,7,2,7,1,1,359.583,0
2,2,7,0,7,0,3,385.357,0
2,2,7,0,7,0,3,313.369,0
3,2,7,0,7,1,1,339.116,0
3,2,7,0,7,1,1,308.221,0
3,2,7,0,7,1,0,474.342,0
3,2,7,0,7,1,0,256.905,0
3,2,7,0,7,1,2,430.116,0
3,2,7,0,7,1,2,223.607,0
3,2,5,2,5,1,2,217.44,1
3,2,5,2,5,1,2,194.484,1
2,2,7,2,7,1,5,366.06,0
2,2,7,2,7,1,5,313.05,0
2,2,7,2,7,1,1,324.037,0
2,2,7,2,7,1,1,248.998,0
0,2,7,0,7,0,1,238.747,0
3,2,0,1,0,1,5,401.635,2
2,2,7,0,7,1,2,379.737,0
2,2,7,0,7,1,2,339.647,0
2,2,4,2,4,0,2,288.394,2
3,2,3,0,3,0,0,195.33,1
3,2,4,2,4,1,1,271.194,0
3,2,4,2,4,1,1,205.002,0
3,2,7,0,7,1,1,412.311,0
3,2,7,0,7,1,1,387.298,0
3,2,7,0,7,1,0,424.264,0
3,2,7,0,7,1,0,400.0,0
2,2,7,1,7,0,2,328.634,0
3,2,7,0,7,1,5,447.214,0
3,2,7,0,7,1,5,387.298,0
1,2,0,1,0,0,5,354.931,2
3,2,7,0,7,1,1,434.396,0
3,2,7,0,7,1,1,400.493,0
3,2,7,0,7,1,1,340.491,0
3,2,7,0,7,1,1,285.773,0
3,2,7,2,7,1,1,547.723,0
3,2,7,2,7,1,1,474.342,0
3,2,7,0,7,1,2,445.466,0
3,2,7,0,7,1,2,379.473,0
3,2,7,0,7,1,2,437.579,0
3,2,7,0,7,1,2,376.198,0
3,2,5,2,5,1,1,224.571,1
3,2,5,2,5,1,1,191.763,1
2,2,2,0,2,2,2,275.042,2
3,2,7,0,7,0,5,396.066,0
3,2,4,0,4,2,1,447.214,0
3,2,7,2,7,0,2,445.466,0
3,2,7,2,7,0,2,379.473,0
3,2,4,0,4,0,3,263.332,0
2,2,4,0,4,1,5,71.638,2
3,0,7,0,7,1,1,300.0,0
2,2,2,2,2,2,2,355.077,2
2,2,2,2,2,2,2,289.919,2
3,2,7,0,7,1,1,447.214,0
3,2,7,0,7,1,1,424.264,0
2,2,7,0,7,1,1,328.634,0
2,2,7,0,7,1,1,291.548,0
3,2,7,0,7,1,3,458.258,0
3,2,7,0,7,1,3,424.264,0
3,2,7,0,7,1,1,406.202,0
3,2,7,0,7,1,1,363.318,0
3,2,7,0,7,1,1,360.555,0
3,2,7,0,7,1,1,331.662,0
2,2,4,1,4,0,1,212.25,2
0,2,4,1,4,0,1,205.007,2
2,2,7,0,7,0,5,367.423,0
3,2,7,0,7,0,1,422.847,0
3,2,7,0,7,0,1,363.456,0
0,2,4,1,7,1,1,141.421,1
3,2,0,2,0,1,3,374.166,2
3,2,0,2,0,1,3,331.662,2
3,2,7,0,7,1,1,400.0,0
3,2,7,0,7,1,1,291.548,0
3,2,7,0,7,1,5,500.0,0
3,2,7,0,7,1,5,250.998,0
1,2,7,0,7,1,1,432.666,0
1,2,7,0,7,1,1,340.735,0
2,2,4,2,4,1,2,100.0,0
3,2,7,0,7,1,1,447.214,0
3,2,7,0,7,1,1,380.789,0
3,2,7,2,7,0,1,479.581,0
3,2,7,2,7,0,1,393.122,0
3,2,7,2,7,0,2,463.681,0
3,2,7,2,7,0,2,398.748,0
3,2,7,2,7,0,1,479.581,0
3,2,7,2,7,0,1,393.122,0
0,2,7,0,7,1,5,223.607,0
3,2,7,0,7,0,4,427.785,0
3,2,7,0,7,1,1,315.832,0
3,2,7,0,7,1,1,261.534,0
3,2,7,0,7,0,2,486.724,0
3,2,7,0,7,0,2,398.999,0
3,2,7,0,7,1,4,493.178,0
3,2,7,0,7,1,4,423.999,0
3,2,7,0,7,1,1,418.33,0
3,2,7,0,7,1,1,387.298,0
3,2,7,0,7,1,3,458.258,0
3,2,7,0,7,1,3,424.264,0
3,2,7,0,7,1,2,384.708,0
3,2,7,0,7,1,2,357.771,0
3,2,7,0,7,1,0,435.89,0
3,2,7,0,7,1,0,367.423,0
3,2,7,0,7,1,1,360.555,0
3,2,7,0,7,1,1,331.662,0
3,2,7,0,7,1,2,437.579,0
3,2,7,0,7,1,2,376.198,0
3,2,7,0,7,1,1,400.0,0
3,2,7,0,7,1,1,291.548,0
3,2,7,2,7,1,2,466.905,0
3,2,7,2,7,1,2,381.182,0
3,2,7,0,7,0,3,442.041,0
3,2,7,0,7,0,3,362.353,0
0,2,4,0,7,0,5,324.037,1
3,2,7,0,7,1,2,437.579,0
3,2,7,0,7,1,2,376.198,0
3,2,7,0,7,1,2,454.973,0
3,2,7,0,7,1,2,391.152,0
3,2,7,0,7,1,2,437.579,0
3,2,7,0,7,1,2,376.198,0
3,2,7,2,7,1,1,331.662,0
3,2,7,2,7,1,1,314.643,0
3,2,7,0,7,1,2,437.579,0
3,2,7,0,7,1,2,376.198,0
3,2,7,0,7,1,2,437.579,0
3,2,7,0,7,1,2,376.198,0
3,2,7,0,7,1,2,437.579,0
3,2,7,0,7,1,2,376.198,0
3,2,4,0,4,1,3,447.214,0
3,2,4,0,4,1,3,367.423,0
3,2,7,0,7,1,2,454.973,0
3,2,7,0,7,1,2,391.152,0
3,2,7,0,7,1,2,437.579,0
3,2,7,0,7,1,2,376.198,0
3,2,7,0,7,1,2,437.579,0
3,2,7,0,7,1,2,376.198,0
3,2,7,0,7,1,2,437.579,0
3,2,7,0,7,1,2,376.198,0
3,2,7,2,7,1,1,442.38,0
3,2,7,2,7,1,1,361.248,0
3,2,7,0,7,1,3,360.555,0
3,2,7,0,7,1,3,289.828,0
2,2,7,0,7,1,5,316.228,0
2,2,7,0,7,1,5,244.949,0
2,2,6,0,6,1,1,282.906,1
2,2,6,0,6,1,1,260.236,1
3,2,7,2,7,1,1,375.899,0
3,2,7,2,7,1,1,319.531,0
3,2,5,2,5,1,1,224.571,1
3,2,5,2,5,1,1,191.763,1
2,2,7,0,7,0,1,387.298,0
2,2,6,0,6,1,2,319.687,1
0,2,3,1,3,1,2,151.301,1
3,2,7,0,7,1,1,379.473,0
3,2,7,0,7,1,1,336.155,0
0,2,4,0,5,1,5,177.539,1
3,2,7,0,7,0,0,442.041,0
3,2,7,0,7,0,0,362.353,0
3,2,7,0,7,0,3,442.041,0
3,2,7,0,7,0,3,362.353,0
3,2,7,0,7,0,0,442.041,0
3,2,7,0,7,0,0,362.353,0
3,2,7,0,7,1,0,435.89,0
3,2,7,0,7,1,0,367.423,0
3,2,7,0,7,1,1,367.423,0
3,2,7,0,7,1,1,282.843,0
0,2,3,0,3,1,1,89.722,1
3,2,7,0,7,1,1,400.0,0
3,2,7,0,7,1,1,291.548,0
3,2,7,0,7,0,1,422.847,0
3,2,7,0,7,0,1,363.456,0
2,0,3,0,7,2,5,244.949,0
3,2,4,1,4,2,3,251.078,1
0,2,3,0,4,0,1,223.607,2
3,2,7,0,7,1,1,374.166,0
3,2,7,0,7,1,1,324.037,0
2,2,6,0,6,1,1,282.906,1
2,2,6,0,6,1,1,260.236,1
3,2,7,0,7,1,1,435.89,0
3,2,7,0,7,1,1,374.166,0
2,2,7,0,7,1,5,316.228,0
2,2,7,0,7,1,5,244.949,0
3,2,7,0,7,0,2,424.264,0
3,2,7,0,7,0,2,406.202,0
3,2,7,2,7,0,5,328.634,0
0,2,1,1,1,1,5,141.421,1
3,2,7,0,7,1,0,435.89,0
3,2,7,0,7,1,0,367.423,0
3,2,7,2,7,1,2,423.556,0
3,2,7,2,7,1,2,392.428,0
3,2,7,2,7,1,5,440.341,0
3,2,7,2,7,1,5,359.583,0
1,2,7,2,7,1,4,471.847,0
1,2,7,2,7,1,4,426.802,0
2,2,7,2,7,1,1,387.298,0
2,2,7,2,7,1,1,316.228,0
3,2,7,0,7,1,1,350.0,0
3,2,7,0,7,1,1,316.228,0
1,2,7,0,7,1,1,545.436,0
1,2,7,0,7,1,1,509.902,0
0,2,4,0,4,0,5,122.474,0
3,2,5,0,7,1,1,439.318,1
0,2,7,2,7,1,2,304.959,0
0,2,7,2,7,1,2,270.185,0
2,2,7,0,7,1,5,316.228,0
2,2,7,0,7,1,5,244.949,0
0,2,4,0,4,0,1,88.312,2
3,2,7,0,7,1,2,370.127,0
3,2,7,0,7,1,2,318.7,0
3,2,7,0,7,1,5,500.0,0
3,2,7,0,7,1,5,250.998,0
2,2,7,2,7,1,5,366.06,0
2,2,7,2,7,1,5,313.05,0
3,2,7,0,7,1,2,437.579,0
3,2,7,0,7,1,2,376.198,0
3,2,1,1,1,0,4,240.387,1
2,2,7,0,7,1,1,368.782,0
2,2,7,0,7,1,1,334.664,0
3,2,7,0,7,1,2,414.729,0
3,2,7,0,7,1,2,374.166,0
3,2,7,2,7,1,1,463.681,0
3,2,7,2,7,1,1,404.969,0
3,2,7,2,7,1,1,547.723,0
3,2,7,2,7,1,1,360.555,0
3,2,7,0,7,1,1,500.0,0
3,2,7,0,7,1,1,250.998,0
3,2,7,0,7,1,1,424.264,0
3,2,7,0,7,1,1,387.298,0
0,2,6,1,6,0,1,213.049,1
3,2,7,0,7,1,1,500.0,0
3,2,7,0,7,1,1,250.998,0
3,2,7,0,7,1,2,437.579,0
3,2,7,0,7,1,2,376.198,0
2,2,7,0,7,0,1,312.25,0
3,2,7,0,7,1,2,461.303,0
3,2,7,0,7,1,2,377.889,0
2,2,4,1,4,0,2,271.194,0
0,2,7,1,2,1,2,223.607,1
0,2,1,0,3,0,1,79.743,1
3,2,7,2,7,1,2,389.615,0
3,2,7,2,7,1,2,360.888,0
3,2,7,0,7,1,1,406.202,0
3,2,7,0,7,1,1,374.5,0
3,2,7,2,7,1,1,367.423,0
3,2,7,2,7,1,1,339.116,0
3,2,7,0,7,1,2,423.556,0
3,2,7,0,7,1,2,392.428,0
3,2,7,0,7,1,2,437.579,0
3,2,7,0,7,1,2,376.198,0
3,2,7,0,7,1,2,437.579,0
3,2,7,0,7,1,2,376.198,0
3,2,7,0,7,1,2,437.579,0
3,2,7,0,7,1,2,376.198,0
2,2,7,2,7,1,5,273.861,0
2,2,4,0,4,1,1,289.919,1
2,2,4,0,4,1,1,271.194,1
2,2,6,0,6,1,1,313.857,1
2,2,6,0,6,1,1,293.586,1
2,2,5,0,5,1,1,289.919,1
2,2,5,0,5,1,1,271.194,1
3,2,7,0,7,1,2,437.579,0
3,2,7,0,7,1,2,376.198,0
3,2,7,0,7,1,2,437.579,0
3,2,7,0,7,1,2,376.198,0
3,2,6,0,6,1,1,320.411,1
3,2,6,0,6,1,1,282.915,1
3,2,7,0,7,1,2,437.579,0
3,2,7,0,7,1,2,376.198,0
3,2,6,0,6,1,1,323.436,1
3,2,6,0,6,1,1,286.845,1
3,2,7,0,7,1,2,437.579,0
3,2,7,0,7,1,2,376.198,0
3,2,7,2,7,1,2,437.579,0
3,2,7,2,7,1,2,376.198,0
3,2,7,2,7,0,1,339.116,0
0,2,5,1,5,1,2,177.539,1
3,2,7,0,7,1,5,284.605,0
3,2,7,0,7,1,5,256.905,0
0,2,7,0,7,0,1,214.476,0
0,2,7,0,7,0,1,282.843,0
1,2,7,0,7,2,5,447.214,0
1,2,7,0,7,2,5,424.264,0
1,2,7,0,7,2,5,447.214,0
3,2,7,2,7,1,2,451.774,0
3,2,7,2,7,1,2,368.917,0
3,2,7,2,7,1,1,500.0,0
3,2,7,2,7,1,1,250.998,0
2,2,6,2,6,1,2,343.814,1
2,2,6,2,6,1,2,332.896,1
0,3,4,1,4,0,5,138.105,2
3,2,7,0,7,1,2,437.579,0
3,2,7,0,7,1,2,376.198,0
3,2,7,0,7,1,2,437.579,0
3,2,7,0,7,1,2,376.198,0
3,2,7,0,7,1,2,437.579,0
3,2,7,0,7,1,2,376.198,0
3,2,7,0,7,1,5,308.221,0
3,2,7,0,7,1,5,264.575,0
2,2,4,0,7,1,5,273.861,1
2,0,4,1,4,1,1,86.603,2
2,2,7,2,7,0,1,336.155,0
3,2,7,0,7,1,2,412.311,0
3,2,7,0,7,1,2,360.555,0
2,2,7,0,7,0,5,336.155,0
2,2,7,0,7,1,5,374.166,0
3,2,4,0,4,2,1,223.607,0
2,2,4,0,4,1,1,231.015,2
3,2,7,2,7,1,2,418.33,0
3,2,7,2,7,1,2,374.166,0
3,2,4,1,4,2,5,173.043,0
3,2,7,2,7,1,1,500.0,0
3,2,7,2,7,1,1,250.998,0
3,2,7,2,7,0,2,400.0,0
3,2,7,2,7,0,2,345.398,0
2,2,7,1,7,0,2,380.789,0
3,2,7,2,7,1,1,324.037,0
3,2,7,2,7,1,1,300.0,0
3,2,7,0,7,1,5,382.361,0
3,2,7,0,7,1,5,352.52,0
2,2,7,2,7,1,2,474.342,0
2,2,7,2,7,1,2,400.0,0
2,2,4,0,4,2,2,233.739,0
3,2,0,0,0,1,1,431.045,2
3,2,0,0,0,1,1,370.675,2
3,2,7,2,7,1,1,494.975,0
3,2,7,2,7,1,1,424.264,0
3,2,7,2,7,1,1,451.11,0
3,2,7,2,7,1,1,389.872,0
3,2,7,2,7,1,1,500.0,0
3,2,7,2,7,1,1,250.998,0
3,2,7,0,7,1,5,431.277,0
3,2,7,0,7,1,5,385.746,0
3,2,3,1,3,0,3,308.846,1
2,2,6,1,6,0,3,357.852,1
0,2,7,2,7,0,2,286.356,0
0,3,4,0,1,1,2,331.662,1
2,2,7,1,7,1,5,415.933,0
3,2,7,2,7,1,2,451.11,0
3,2,7,2,7,1,2,389.872,0
3,2,7,0,7,1,3,431.277,0
3,2,7,0,7,1,3,385.746,0
0,2,4,0,4,0,1,79.183,2
2,2,7,0,7,1,4,397.492,0
2,2,7,0,7,1,4,366.06,0
3,2,7,0,7,1,2,412.311,0
3,2,7,0,7,1,2,346.41,0
1,2,7,0,7,1,1,447.214,0
1,2,7,0,7,1,1,387.298,0
3,2,7,2,7,1,1,464.973,0
3,2,7,2,7,1,1,379.605,0
2,2,4,2,4,1,2,339.96,0
2,2,4,2,4,1,2,298.841,0
3,2,7,2,7,1,5,500.0,0
3,2,7,2,7,1,5,250.998,0
3,2,7,0,7,1,1,367.423,0
3,2,7,0,7,1,1,291.548,0
3,2,7,0,7,1,3,367.423,0
3,2,7,0,7,1,3,291.548,0
3,2,7,0,7,1,4,453.872,0
3,2,7,0,7,1,4,418.45,0
3,2,7,2,7,1,3,435.488,0
3,2,7,2,7,1,3,406.197,0
3,2,7,0,7,1,0,386.057,0
3,2,7,0,7,1,0,337.491,0
3,2,7,0,7,1,1,392.428,0
3,2,7,0,7,1,1,354.965,0
3,2,7,0,7,0,3,447.214,0
3,2,7,0,7,0,3,387.298,0
3,2,7,2,7,1,1,442.38,0
3,2,7,2,7,1,1,361.248,0
3,2,7,0,7,1,1,412.311,0
3,2,7,0,7,1,1,367.423,0
2,2,6,2,6,1,1,313.857,1
2,2,6,2,6,1,1,271.809,1
3,2,7,0,7,1,1,342.053,0
3,2,7,0,7,1,1,315.357,0
3,2,4,0,4,1,1,447.214,0
3,2,4,0,4,1,1,367.423,0
3,2,7,2,7,1,3,440.341,0
3,2,7,2,7,1,3,359.583,0
0,2,6,0,6,2,3,235.393,1
3,2,6,2,6,1,1,293.586,1
3,2,6,2,6,1,1,248.125,1
3,2,7,0,7,1,1,418.33,0
3,2,7,0,7,1,1,360.555,0
3,2,7,2,7,1,1,433.705,0
3,2,7,2,7,1,1,373.979,0
3,2,7,2,7,1,3,498.698,0
3,2,7,2,7,1,3,408.779,0
2,2,3,0,3,2,1,75.651,1
3,2,7,2,7,1,2,351.283,0
3,2,7,2,7,1,2,296.816,0
2,2,2,0,2,2,1,224.571,2
3,2,7,2,7,1,2,494.975,0
3,2,7,2,7,1,2,452.769,0
3,2,7,2,7,1,1,375.899,0
3,2,7,2,7,1,1,319.531,0
3,2,7,2,7,1,0,375.899,0
3,2,7,2,7,1,0,319.531,0
0,2,4,0,4,0,1,223.607,2
0,2,4,0,4,0,2,289.919,2
2,2,6,1,6,2,5,248.125,1
3,2,7,2,7,1,0,500.0,0
3,2,7,2,7,1,0,250.998,0
3,2,7,0,7,0,4,435.316,0
3,2,7,0,7,0,4,374.299,0
3,2,7,0,7,0,1,421.426,0
3,2,7,0,7,0,1,362.353,0
2,2,7,2,7,1,1,154.919,0
2,2,7,2,7,1,1,154.919,0
3,2,7,2,7,1,1,500.0,0
3,2,7,2,7,1,1,250.998,0
3,2,7,0,7,0,3,450.444,0
3,2,7,0,7,0,3,362.353,0
3,2,7,0,7,1,1,380.789,0
3,2,7,0,7,1,1,339.116,0
0,2,7,1,7,0,3,339.116,0
2,2,7,2,7,1,3,440.341,0
2,2,7,2,7,1,3,359.583,0
3,2,7,0,7,0,2,424.264,0
3,2,7,0,7,0,2,374.166,0
2,2,7,2,7,1,1,464.973,0
2,2,7,2,7,1,1,379.605,0
3,2,7,2,7,1,5,464.758,0
3,2,7,2,7,1,5,379.473,0
0,2,7,0,7,0,1,387.298,0
0,2,3,0,3,1,5,110.322,1
2,2,3,0,4,0,2,231.119,1
0,2,4,1,4,1,5,223.607,2
3,2,7,1,7,0,0,500.0,0
1,2,4,2,4,0,2,289.919,0
2,2,6,0,6,1,2,362.977,1
3,2,4,0,7,2,1,219.089,1
1,2,7,2,7,1,4,510.392,0
1,2,7,2,7,1,4,418.45,0
3,2,7,0,7,1,1,458.258,0
3,2,7,0,7,1,1,316.228,0
0,2,7,0,7,2,1,234.521,0
2,2,7,0,7,1,1,360.555,0
3,2,1,0,6,0,5,277.703,1
0,2,4,1,4,2,2,228.053,2
2,1,3,0,3,2,5,174.708,1
3,2,7,2,7,1,1,454.642,0
3,2,7,2,7,1,1,314.802,0
2,2,7,2,7,1,1,447.214,0
2,2,7,2,7,1,1,232.379,0
3,2,7,2,7,1,1,500.0,0
3,2,7,2,7,1,1,250.998,0
3,2,7,2,7,1,0,500.0,0
3,2,7,2,7,1,0,250.998,0
3,2,7,2,7,1,1,500.0,0
3,2,7,2,7,1,1,250.998,0
0,2,7,1,7,0,1,360.555,0
3,2,7,2,7,0,1,316.228,0
3,2,7,2,7,0,1,282.843,0
3,2,7,2,7,0,2,400.0,0
3,2,7,2,7,0,2,316.228,0
3,2,7,0,7,0,5,470.425,0
3,2,7,0,7,0,5,385.616,0
0,2,6,0,6,0,3,173.205,1
0,2,1,1,1,1,1,168.428,1
2,2,6,2,6,1,1,301.858,1
2,2,6,2,6,1,1,248.125,1
2,2,2,0,2,2,2,246.856,2
3,2,7,2,7,1,4,499.259,0
3,2,7,2,7,1,4,430.581,0
3,2,7,0,7,1,1,412.311,0
3,2,7,0,7,1,1,360.555,0
2,2,6,1,6,1,2,282.906,1
3,2,7,0,7,1,1,358.992,0
3,2,7,0,7,1,1,306.105,0
3,2,7,0,7,1,3,424.264,0
3,2,7,0,7,1,3,316.228,0
3,2,7,0,7,1,1,369.134,0
3,2,7,0,7,1,1,330.575,0
3,2,7,0,7,0,2,400.0,0
3,2,7,0,7,0,2,303.315,0
3,2,7,0,7,1,1,447.214,0
3,2,7,0,7,1,1,400.0,0
2,2,6,2,6,1,1,368.03,1
2,2,6,2,6,1,1,323.517,1
3,2,7,0,7,1,1,342.053,0
3,2,7,0,7,1,1,315.357,0
0,2,7,0,7,0,1,359.166,0
0,2,7,0,7,0,1,293.258,0
0,2,3,0,3,0,1,116.159,1
0,2,3,0,3,0,1,116.159,1
3,2,7,2,7,0,2,400.0,0
3,2,7,2,7,0,2,345.398,0
3,2,7,0,7,0,1,316.228,0
2,2,4,1,4,1,2,158.114,0
2,2,4,1,4,1,1,255.454,0
2,2,7,0,7,1,5,447.214,0
0,2,7,0,7,0,5,424.264,0
2,2,7,0,7,0,2,391.152,0
3,2,7,0,7,1,1,458.258,0
3,2,7,0,7,1,1,316.228,0
3,2,7,0,7,1,1,387.395,0
3,2,7,0,7,1,1,333.054,0
2,2,4,0,4,1,5,150.997,1
3,2,7,0,7,0,2,400.0,0
3,2,7,0,7,0,2,303.315,0
3,2,7,0,7,0,3,450.444,0
3,2,7,0,7,0,3,362.353,0
0,2,4,0,4,1,1,151.026,0
0,2,4,2,4,0,1,122.474,1
3,2,7,0,7,1,1,418.33,0
3,2,7,0,7,1,1,367.423,0
3,2,4,0,4,0,4,365.74,2
0,2,7,2,7,0,3,288.097,0
2,2,6,0,6,1,1,303.891,1
2,2,6,0,6,1,1,260.236,1
3,2,7,2,7,1,2,431.277,0
3,2,7,2,7,1,2,385.746,0
3,2,7,2,7,1,1,336.006,0
3,2,7,2,7,1,1,300.533,0
3,2,7,2,7,1,3,489.898,0
3,2,7,2,7,1,3,400.0,0
3,2,7,0,7,1,4,547.723,0
3,2,7,0,7,1,4,447.214,0
2,2,2,1,2,2,1,256.254,2
2,2,3,0,7,0,5,447.214,0
2,2,6,2,6,1,3,342.018,1
2,2,6,2,6,1,3,303.891,1
2,2,7,2,7,1,5,346.41,0
3,2,7,0,7,1,1,336.006,0
3,2,7,0,7,1,1,300.533,0
3,2,7,0,7,1,4,380.789,0
3,2,7,0,7,1,4,324.654,0
0,2,2,2,2,2,2,221.964,2
2,2,6,2,6,1,1,332.896,1
2,2,6,2,6,1,1,303.891,1
3,2,7,0,7,0,2,464.004,0
3,2,7,0,7,0,2,397.744,0
3,2,7,0,7,0,1,457.275,0
3,2,7,0,7,0,1,393.192,0
3,2,7,2,7,1,1,340.491,0
3,2,7,2,7,1,1,285.773,0
3,2,7,0,7,1,1,418.33,0
3,2,7,0,7,1,1,393.7,0
2,2,1,0,2,1,3,289.919,1
3,2,7,2,7,1,1,404.969,0
3,2,7,2,7,1,1,363.318,0
3,2,7,0,7,1,2,412.311,0
3,2,7,0,7,1,2,350.714,0
3,2,7,2,7,1,3,435.488,0
3,2,7,2,7,1,3,406.197,0
2,2,4,2,4,1,5,229.201,1
2,2,4,2,4,1,5,229.201,1
1,2,0,0,0,2,5,339.444,2
3,2,7,0,7,1,1,406.694,0
3,2,7,0,7,1,1,363.758,0
3,2,7,0,7,1,0,456.919,0
3,2,7,0,7,1,0,384.448,0
3,2,7,0,7,1,1,370.127,0
3,2,7,0,7,1,1,318.7,0
3,2,7,0,7,1,1,358.992,0
3,2,7,0,7,1,1,306.105,0
1,2,3,1,3,0,4,276.241,1
0,2,6,0,6,0,3,187.331,1
3,2,7,0,7,0,1,428.486,0
3,2,7,0,7,0,1,317.49,0
2,2,6,0,6,1,1,221.93,1
2,2,6,0,6,1,1,192.198,1
2,2,5,0,5,1,1,205.002,1
2,2,5,0,5,1,1,177.539,1
2,2,5,0,5,1,1,289.919,1
2,2,5,0,5,1,1,271.194,1
2,2,6,0,6,1,1,313.857,1
2,2,6,0,6,1,1,293.586,1
2,2,4,0,4,1,1,289.919,1
2,2,4,0,4,1,1,271.194,1
3,2,7,2,7,1,3,435.488,0
3,2,7,2,7,1,3,406.197,0
2,2,4,0,4,1,1,205.002,1
2,2,4,0,4,1,1,177.539,1
2,2,6,0,6,1,1,303.891,1
2,2,6,0,6,1,1,271.809,1
3,2,7,2,7,0,2,464.004,0
3,2,7,2,7,0,2,374.7,0
2,2,5,0,5,1,1,251.078,1
2,2,5,0,5,1,1,217.44,1
3,2,7,0,7,1,2,509.902,0
3,2,7,0,7,1,2,424.264,0
2,2,6,2,6,1,2,260.236,1
2,2,6,2,6,1,2,207.596,1
2,2,4,0,4,1,1,251.078,1
2,2,4,0,4,1,1,217.44,1
2,2,6,0,6,1,1,271.809,1
2,2,6,0,6,1,1,235.393,1
2,2,4,1,4,0,3,225.973,1
3,2,4,0,4,0,5,244.949,1
2,2,7,2,7,1,1,287.924,0
2,2,7,2,7,1,1,252.784,0
2,2,7,0,7,0,5,400.0,0
2,2,7,0,7,0,5,335.112,0
2,2,7,0,7,1,4,490.918,0
2,2,7,0,7,1,4,398.748,0
3,2,7,2,7,1,2,424.264,0
3,2,7,2,7,1,2,282.843,0
2,2,7,2,7,2,1,240.832,0
2,2,7,2,7,2,1,240.832,0
3,2,7,2,7,1,1,368.782,0
3,2,7,2,7,1,1,329.848,0
1,2,7,0,7,1,1,491.935,0
1,2,7,0,7,1,1,447.214,0
2,2,6,2,6,1,2,248.125,1
2,2,6,2,6,1,2,192.198,1
2,2,6,2,6,1,1,271.809,1
2,2,6,2,6,1,1,221.93,1
3,2,7,0,7,1,2,406.473,0
3,2,7,0,7,1,2,346.641,0
3,2,7,0,7,1,1,352.406,0
3,2,7,0,7,1,1,300.533,0
3,2,7,2,7,1,1,426.544,0
3,2,7,2,7,1,1,363.758,0
3,2,7,2,7,1,1,469.159,0
3,2,7,2,7,1,1,400.1,0
3,2,7,2,7,0,2,424.264,0
3,2,7,2,7,0,2,346.41,0
2,2,7,2,7,1,1,355.668,0
2,2,7,2,7,1,1,325.975,0
3,2,7,2,7,1,1,340.588,0
3,2,7,2,7,1,1,314.643,0
3,2,7,0,7,1,1,393.7,0
3,2,7,0,7,1,1,347.275,0
2,2,7,2,7,1,2,360.555,0
2,2,7,2,7,1,2,300.0,0
2,2,7,0,7,1,1,412.311,0
2,2,7,0,7,1,1,387.298,0
3,2,7,0,7,1,1,319.531,0
3,2,7,0,7,1,1,291.376,0
3,2,7,0,7,1,2,369.621,0
3,2,7,0,7,1,2,315.214,0
3,2,6,2,6,1,2,332.896,1
3,2,6,2,6,1,2,313.857,1
3,2,7,0,7,1,2,382.099,0
3,2,7,0,7,1,2,350.714,0
0,2,6,0,6,1,1,221.93,1
0,2,6,0,6,1,1,207.596,1
1,2,7,0,7,1,1,360.555,0
1,2,7,0,7,1,1,331.662,0
3,2,7,0,7,1,1,412.311,0
3,2,7,0,7,1,1,367.423,0
3,2,7,0,7,1,4,401.674,0
3,2,7,0,7,1,4,370.326,0
3,2,7,0,7,1,2,408.656,0
3,2,7,0,7,1,2,350.714,0
3,2,6,2,6,1,1,271.809,1
3,2,6,2,6,1,1,248.125,1
3,2,7,0,7,1,2,459.891,0
3,2,7,0,7,1,2,372.29,0
3,2,0,0,0,1,0,438.634,2
3,2,0,0,0,1,0,301.164,2
3,2,0,0,0,1,1,360.555,2
3,2,0,0,0,1,1,247.588,2
3,2,0,0,0,1,1,360.555,2
3,2,0,0,0,1,1,247.588,2
3,2,7,2,7,0,1,400.0,0
3,2,7,2,7,0,1,336.155,0
3,2,7,2,7,1,2,387.298,0
3,2,7,2,7,1,2,309.112,0
2,2,7,0,7,1,1,408.656,0
2,2,7,0,7,1,1,339.853,0
3,2,7,0,7,1,1,336.006,0
3,2,7,0,7,1,1,300.533,0
3,2,7,0,7,1,1,336.006,0
3,2,7,0,7,1,1,300.533,0
3,2,7,0,7,1,1,406.694,0
3,2,7,0,7,1,1,363.758,0
3,2,7,0,7,1,1,493.862,0
3,2,7,0,7,1,1,395.727,0
3,2,7,0,7,1,1,369.594,0
3,2,7,0,7,1,1,330.575,0
3,2,7,0,7,1,1,358.992,0
3,2,7,0,7,1,1,306.105,0
1,2,7,0,7,1,4,473.286,0
1,2,7,0,7,1,4,409.726,0
1,2,7,0,7,1,1,418.33,0
1,2,7,0,7,1,1,367.423,0
3,2,7,0,7,0,1,457.275,0
3,2,7,0,7,0,1,393.192,0
3,2,7,0,7,1,1,424.264,0
3,2,7,0,7,1,1,400.0,0
3,2,7,2,7,0,2,453.1,0
3,2,7,2,7,0,2,374.7,0
3,2,7,0,7,1,2,419.524,0
3,2,7,0,7,1,2,379.473,0
3,2,7,0,7,1,1,447.325,0
3,2,7,0,7,1,1,400.0,0
3,2,7,2,7,1,1,265.518,0
3,2,7,2,7,1,1,232.379,0
3,2,7,2,7,1,2,453.1,0
3,2,7,2,7,1,2,374.7,0
3,2,7,2,7,1,1,453.1,0
3,2,7,2,7,1,1,429.767,0
3,2,7,0,7,1,1,418.45,0
3,2,7,0,7,1,1,374.5,0
3,2,7,0,7,1,1,340.808,0
3,2,7,0,7,1,1,314.722,0
3,2,7,0,7,1,1,380.789,0
3,2,7,0,7,1,1,360.555,0
3,2,7,0,7,1,1,336.006,0
3,2,7,0,7,1,1,300.533,0
2,2,0,2,0,1,1,291.548,2
2,2,0,2,0,1,1,273.861,2
3,2,7,0,7,1,3,462.601,0
3,2,7,0,7,1,3,438.862,0
3,2,7,0,7,1,0,516.14,0
3,2,7,0,7,1,0,461.649,0
3,2,7,0,7,1,1,393.7,0
3,2,7,0,7,1,1,339.116,0
2,2,7,2,7,1,2,375.899,0
2,2,7,2,7,1,2,319.531,0
3,2,7,0,7,1,1,340.491,0
3,2,7,0,7,1,1,285.773,0
2,2,7,2,7,1,1,454.642,0
2,2,7,2,7,1,1,314.802,0
3,2,7,0,7,1,1,360.555,0
3,2,7,0,7,1,1,332.415,0
2,2,6,2,6,1,1,248.125,1
2,2,6,2,6,1,1,207.596,1
3,2,7,0,7,1,1,282.843,0
3,2,7,0,7,1,1,244.949,0
3,2,7,0,7,1,0,438.821,0
3,2,7,0,7,1,0,380.597,0
3,2,7,0,7,1,2,479.583,0
3,2,7,0,7,1,2,387.298,0
3,2,7,0,7,1,4,387.634,0
3,2,7,0,7,1,4,330.575,0
3,2,7,0,7,1,1,412.311,0
3,2,7,0,7,1,1,387.298,0
2,2,7,0,7,1,2,400.0,0
2,2,7,0,7,1,2,360.555,0
0,2,0,2,0,1,1,258.844,2
0,2,0,2,0,1,1,228.035,2
3,2,7,0,7,1,1,392.428,0
3,2,7,0,7,1,1,354.965,0
3,2,7,2,7,1,1,359.166,0
3,2,7,2,7,1,1,314.643,0
3,2,7,0,7,1,2,458.258,0
3,2,7,0,7,1,2,374.166,0
3,2,7,0,7,1,2,458.258,0
3,2,7,0,7,1,2,374.166,0
3,2,7,0,7,1,2,458.258,0
3,2,7,0,7,1,2,374.166,0
3,2,7,0,7,1,1,316.228,0
3,2,7,0,7,1,1,262.679,0
3,2,7,0,7,1,2,458.258,0
3,2,7,0,7,1,2,374.166,0
3,2,7,0,7,1,1,387.395,0
3,2,7,0,7,1,1,333.054,0
3,2,7,0,7,1,1,316.228,0
3,2,7,0,7,1,1,158.114,0
3,2,7,0,7,1,1,355.668,0
3,2,7,0,7,1,1,325.975,0
3,2,7,0,7,1,1,469.159,0
3,2,7,0,7,1,1,400.1,0
3,2,7,0,7,1,1,324.037,0
3,2,7,0,7,1,1,316.228,0
3,2,7,0,7,1,1,412.311,0
3,2,7,0,7,1,1,367.423,0
3,2,7,0,7,1,2,479.583,0
3,2,7,0,7,1,2,374.166,0
2,2,7,0,7,1,1,367.423,0
2,2,7,0,7,1,1,223.607,0
3,2,7,0,7,1,2,469.042,0
3,2,7,0,7,1,2,374.166,0
2,2,6,2,6,1,2,415.194,1
2,2,6,2,6,1,2,293.586,1
3,2,7,0,7,1,3,469.042,0
3,2,7,0,7,1,3,346.41,0
2,2,7,0,7,1,2,447.214,0
2,2,7,0,7,1,2,346.41,0
3,2,4,0,4,2,3,346.41,2
3,2,4,0,4,2,3,254.951,2
1,2,7,0,7,1,1,569.21,0
1,2,7,0,7,1,1,464.758,0
3,2,7,0,7,1,1,458.258,0
3,2,7,0,7,1,1,316.228,0
3,2,7,0,7,1,2,430.232,0
3,2,7,0,7,1,2,323.867,0
3,2,7,0,7,1,1,324.037,0
3,2,7,0,7,1,1,282.843,0
2,2,0,0,0,1,5,277.153,2
3,2,0,1,0,0,5,342.205,2
1,2,0,1,0,0,4,438.22,2
2,2,7,0,7,2,3,346.41,0
2,2,3,0,3,1,1,133.435,1
2,2,3,0,3,0,2,174.708,1
2,2,4,1,4,0,5,235.977,0
2,3,2,1,2,0,1,229.201,2
0,2,3,0,3,1,2,133.435,1
2,2,4,0,7,0,5,273.861,1
2,2,7,0,7,0,5,396.232,0
2,2,0,1,0,0,1,262.932,2
0,2,7,0,7,2,1,254.951,0
3,2,4,0,4,2,3,261.329,1
2,2,7,1,7,0,2,330.151,0
2,2,0,0,0,1,2,259.994,2
0,2,4,0,4,1,5,100.0,0
2,2,4,0,4,2,1,141.421,1
3,2,4,0,4,0,5,320.685,0
3,2,4,0,7,1,5,447.214,0
0,2,0,0,0,0,2,226.011,2
2,2,7,0,7,1,2,279.285,0
3,2,7,0,7,1,1,367.423,0
3,2,7,0,7,1,1,339.116,0
2,2,4,0,4,0,3,289.593,2
0,2,4,0,4,0,2,200.0,1
2,2,4,0,4,2,5,177.539,1
3,2,4,0,4,0,3,244.72,0
0,2,4,0,2,0,1,233.97,1
3,2,1,1,1,0,2,298.841,1
0,2,4,1,4,1,2,288.394,2
3,2,7,0,7,1,2,406.202,0
2,2,7,1,7,1,5,391.152,0
3,2,4,0,7,1,2,316.228,1
3,2,0,0,0,1,5,277.153,2
2,2,4,0,4,0,2,183.328,0
2,2,0,0,0,2,5,273.861,2
2,2,4,2,4,2,5,141.421,1
0,0,4,0,4,1,5,174.554,1
2,2,4,1,4,0,2,264.573,2
0,2,4,0,2,1,1,235.531,1
2,2,4,2,4,0,2,248.976,2
3,2,7,0,7,1,4,390.512,0
0,2,7,0,7,0,2,346.41,0
2,2,7,0,7,0,2,367.423,0
3,2,7,0,7,0,5,636.396,0
3,2,7,2,7,0,1,387.298,0
3,2,7,2,7,0,4,489.898,0
2,2,7,0,7,0,1,367.423,0
0,2,7,0,7,1,2,282.843,0
3,2,7,0,7,0,5,616.441,0
2,2,4,2,4,0,2,346.99,2
3,2,7,0,7,0,5,420.714,0
2,2,1,0,1,1,1,255.227,1
2,2,4,0,7,2,2,219.089,0
0,2,4,2,4,1,5,141.421,0
3,2,7,2,7,0,5,469.042,0
2,2,4,1,4,2,3,278.144,1
2,2,4,1,4,2,3,252.41,1
0,2,4,0,4,2,5,387.298,2
2,2,7,0,7,1,1,300.0,0
2,1,0,0,7,1,2,316.228,1
0,2,7,2,7,2,2,316.228,0
0,3,4,1,4,1,2,316.228,1
3,2,7,1,7,0,2,379.473,0
3,2,2,0,2,1,5,394.334,2
3,2,4,0,4,1,5,154.919,2
2,2,4,0,7,1,5,195.959,0
0,2,7,1,7,0,5,316.228,0
2,2,7,0,7,2,2,287.228,0
0,2,1,1,1,1,2,222.814,1
3,2,3,1,3,0,5,201.42,1
0,2,7,0,7,1,1,346.41,0
3,2,2,2,2,1,3,289.919,2
0,2,3,0,3,2,3,141.421,1
0,2,7,2,7,1,5,353.553,0
2,2,3,2,3,2,2,97.293,1
3,2,7,1,7,2,5,346.41,0
0,3,5,1,5,1,1,101.755,1
0,2,6,2,6,0,5,331.718,1
0,2,4,0,4,0,3,144.959,0
0,2,7,0,7,1,1,223.607,0
3,2,7,0,7,1,5,447.214,0
2,2,5,1,4,1,5,244.949,1
2,2,7,0,7,0,1,447.214,0
0,2,4,1,4,2,5,316.228,1
2,2,7,0,7,0,1,316.228,0
3,2,4,1,4,1,3,287.653,2
2,2,2,0,2,2,1,243.522,2
2,2,1,1,1,1,2,250.298,1
2,2,6,0,6,0,1,287.277,1
2,2,7,0,7,0,0,412.311,0
2,2,7,0,7,0,0,387.298,0
0,2,7,1,7,2,1,234.521,0
1,2,7,2,7,0,4,500.0,0
0,2,7,0,7,0,1,282.843,0
0,2,7,0,7,0,5,264.575,0
1,2,2,1,2,1,4,360.591,2
0,2,2,1,2,0,5,252.648,2
3,2,4,0,7,0,2,261.587,1
1,2,4,2,4,1,4,291.548,0
1,2,4,1,4,0,5,479.583,0
0,2,7,0,7,2,3,353.553,0
3,2,7,0,7,1,4,346.41,0
2,2,7,2,7,1,2,670.82,0
2,2,1,1,1,0,1,216.238,1
2,2,4,1,4,0,1,272.268,2
3,2,0,1,0,0,5,356.681,2
3,2,7,0,7,0,4,379.473,0
0,2,4,0,4,0,2,115.758,0
2,2,0,0,0,0,2,275.271,2
2,2,7,0,7,1,2,387.298,0
2,2,7,0,7,0,5,320.936,0
3,2,7,0,7,0,1,391.152,0
2,2,7,0,7,0,1,300.0,0
0,2,7,0,7,2,1,300.0,0
0,2,7,0,7,2,1,244.949,0
2,2,4,0,4,0,2,223.607,0
0,3,4,0,7,1,5,109.545,0
2,3,3,1,3,1,2,73.546,1
2,0,7,0,7,0,3,519.615,0
2,2,6,1,0,0,5,232.891,2
2,2,5,0,5,2,3,217.444,1
1,2,4,0,4,0,4,392.004,1
2,2,4,0,4,0,1,168.748,0
2,2,7,0,7,0,5,331.662,0
0,2,6,1,6,0,2,287.277,1
0,2,7,1,7,0,3,500.0,0
0,2,1,1,1,1,1,243.109,1
3,2,4,0,7,2,1,282.843,1
0,2,4,0,4,2,1,100.0,0
0,2,7,0,7,2,3,371.484,0
2,2,7,0,7,0,1,374.166,0
3,2,2,0,2,0,5,281.42,2
3,2,7,0,7,0,5,412.311,0
0,2,7,0,7,1,1,282.843,0
2,2,4,0,7,2,2,213.916,0
2,2,7,0,7,1,1,316.228,0
3,2,1,1,1,0,2,230.634,1
1,2,7,0,7,0,5,484.768,0
1,2,3,0,7,0,1,387.298,0
1,2,5,1,5,0,1,282.547,1
0,2,7,0,7,0,5,474.342,0
0,2,2,0,2,2,5,277.188,2
2,2,4,2,4,1,5,224.009,0
3,2,4,0,4,0,5,297.748,1
3,2,6,0,6,2,5,321.185,1
3,2,6,0,6,1,1,336.862,1
3,2,2,1,2,0,3,307.513,2
0,2,3,0,3,0,1,174.436,1
3,2,7,0,7,1,1,387.298,0
3,2,7,0,7,2,1,339.116,0
2,2,0,0,0,0,2,432.946,2
2,2,6,1,6,0,1,226.978,1
2,2,7,0,7,0,1,325.576,0
2,2,6,1,6,0,1,335.964,1
2,2,4,1,7,0,1,190.418,1
3,2,7,0,7,0,1,387.298,0
0,3,2,0,2,2,3,126.357,2
2,2,2,0,7,2,5,309.429,1
0,2,7,0,7,1,5,264.575,0
2,2,6,0,6,2,2,277.413,1
2,2,4,1,4,0,5,298.821,0
0,2,3,1,3,0,2,172.485,1
3,2,7,2,7,0,5,525.357,0
3,2,7,0,7,0,1,433.59,0
3,2,4,0,7,2,5,400.0,1
2,2,7,0,7,0,2,324.037,0
2,2,7,0,7,0,1,447.214,0
3,2,7,0,7,0,1,417.133,0
2,2,7,0,7,0,1,304.959,0
0,2,3,0,3,1,2,168.52,1
3,2,4,1,4,0,2,246.489,0
0,2,7,0,7,2,2,300.0,0
2,2,1,1,1,0,1,264.838,1
0,2,3,2,3,2,1,77.923,1
3,2,4,2,4,2,1,183.06,0
3,2,7,0,7,1,5,412.311,0
3,2,6,1,6,0,1,310.293,1
2,2,4,2,4,1,1,110.014,0
0,2,1,1,1,0,2,191.424,1
2,2,6,1,6,0,1,268.723,1
0,2,7,0,7,0,1,301.662,0
3,2,0,1,0,1,0,315.758,2
3,2,7,0,7,0,2,406.202,0
2,2,7,0,7,0,1,282.843,0
3,2,0,0,0,0,2,322.011,2
0,2,3,1,3,1,1,147.095,1
0,2,4,1,4,0,2,204.939,0
2,2,4,2,4,0,5,339.116,2
2,2,0,0,0,1,2,252.606,2
3,2,4,2,4,2,5,509.902,1
2,2,7,2,7,2,4,331.662,0
2,2,7,0,7,0,0,424.264,0
3,2,7,0,7,0,1,447.214,0
3,2,6,1,6,1,5,330.188,1
3,2,7,0,7,0,1,447.214,0
3,2,7,0,7,2,3,505.964,0
2,2,7,0,7,0,1,331.662,0
2,2,2,2,2,0,2,282.547,2
0,2,7,0,7,0,1,269.258,0
3,2,7,1,7,0,3,430.116,0
2,3,4,0,4,0,1,264.085,0
0,2,4,2,4,0,2,316.228,1
2,2,7,0,7,0,1,334.664,0
3,2,7,1,7,0,3,387.298,0
3,2,4,1,4,0,2,142.025,0
3,2,5,0,5,0,5,234.521,1
0,2,7,1,7,0,2,240.832,0
0,2,7,0,7,1,2,316.228,0
3,2,1,1,1,1,2,278.718,1
0,2,4,0,2,2,3,291.548,1
0,2,2,2,2,0,5,277.188,2
3,0,7,0,7,1,5,324.037,0
0,2,7,0,7,0,1,268.328,0
0,2,2,1,2,1,1,254.976,2
2,2,4,0,4,1,1,167.38,0
2,2,7,2,7,1,1,334.328,0
2,2,7,2,7,1,1,305.205,0
3,2,4,1,7,2,5,400.0,0
2,2,4,0,2,2,2,159.787,1
3,2,3,2,3,0,3,257.42,1
2,2,3,0,3,2,2,130.015,1
3,2,2,1,2,0,1,252.648,2
3,2,7,0,7,2,5,435.89,0
1,2,2,2,2,0,4,376.624,2
0,2,3,0,3,0,5,127.389,1
3,2,0,0,0,1,1,267.929,2
2,2,4,1,4,0,2,189.037,1
3,2,7,2,7,0,2,367.423,0
0,2,2,1,2,1,3,157.553,2
3,2,3,1,7,0,4,232.581,0
3,2,3,0,3,0,3,156.019,1
0,2,4,0,4,2,1,96.291,1
2,2,7,1,7,0,2,383.406,0
3,2,0,1,0,0,2,310.021,2
3,2,7,0,7,0,4,417.133,0
2,2,7,0,7,0,1,367.423,0
0,2,4,1,4,1,3,147.797,2
3,2,4,1,4,2,5,353.553,0
0,2,1,2,1,2,2,226.541,1
2,2,3,2,3,0,2,201.199,1
1,2,1,0,5,2,5,264.085,1
3,2,4,0,6,1,5,223.607,0
0,2,1,2,1,1,2,199.79,1
2,2,7,0,7,0,5,294.958,0
2,2,4,2,7,0,1,161.261,0
2,2,2,1,2,0,2,301.221,2
2,2,3,2,3,0,5,150.37,1
2,2,3,0,7,2,2,75.359,0
0,2,7,1,7,2,3,284.605,0
2,2,4,0,4,0,2,200.095,2
0,2,7,0,7,2,5,300.0,0
2,2,2,1,4,1,2,247.925,2
3,2,7,0,7,1,5,441.588,0
2,2,5,0,5,0,2,194.487,1
2,2,7,0,7,0,1,291.548,0
1,0,7,0,7,2,5,644.981,0
3,2,7,0,0,0,5,474.342,1
2,2,6,1,6,0,2,237.183,1
2,2,3,2,3,1,2,183.87,1
2,2,6,1,6,0,2,341.927,1
2,2,4,0,4,0,3,215.863,0
2,2,4,1,4,0,1,89.443,0
0,2,4,0,4,2,1,204.179,1
3,2,4,0,6,2,5,337.708,1
2,2,4,0,4,1,3,297.748,2
0,2,3,1,3,1,5,75.545,1
2,2,4,0,7,1,5,236.643,0
0,3,4,1,4,2,5,169.142,2
2,2,2,1,2,0,2,297.748,2
2,2,3,0,3,0,5,77.923,1
3,2,4,1,4,0,1,218.858,1
2,2,7,2,7,1,1,313.05,0
2,2,4,1,6,2,1,256.947,1
2,2,1,1,1,2,2,238.197,1
2,2,4,1,4,0,3,157.553,0
3,2,7,2,7,0,4,346.41,0
2,1,4,2,7,0,1,141.421,0
1,2,7,0,7,0,4,570.088,0
3,2,7,0,7,0,3,447.214,0
0,2,4,1,4,2,5,214.234,2
2,2,7,0,7,0,2,400.0,0
3,2,1,0,7,2,2,223.607,1
2,2,4,0,4,1,5,200.472,1
2,2,4,2,4,2,2,113.583,2
3,2,7,2,7,1,1,406.202,0
0,2,3,2,4,0,5,76.694,1
2,2,1,1,1,2,2,205.419,1
3,2,7,0,7,0,5,430.116,0
0,2,2,1,2,2,2,250.452,2
2,2,2,1,2,0,2,301.221,2
0,3,4,1,4,2,2,147.204,1
2,2,7,0,7,0,1,331.662,0
3,2,7,0,7,0,4,374.166,0
3,2,7,1,7,0,2,346.41,0
3,2,0,0,0,2,2,296.206,2
3,2,6,1,6,0,5,248.789,1
2,1,4,1,4,1,5,109.545,0
3,2,4,1,6,2,1,277.188,1
2,2,4,1,4,2,3,272.029,1
3,2,7,0,1,0,4,389.872,0
2,2,4,2,4,2,5,134.164,1
3,1,4,0,7,2,5,244.949,0
2,2,7,1,7,0,2,360.555,0
3,2,4,2,4,1,5,137.503,2
0,2,4,0,4,0,1,243.109,1
3,2,2,0,2,1,5,416.848,2
3,2,2,0,2,1,5,385.047,2
2,2,5,0,5,1,2,196.916,1
2,2,5,0,5,1,2,216.354,1
0,2,3,0,4,2,5,134.361,2
3,2,4,2,4,2,2,302.055,2
2,2,1,1,4,2,2,250.452,1
2,2,7,1,7,0,2,339.116,0
3,2,7,0,7,0,5,484.768,0
2,2,3,0,3,0,5,140.032,1
0,3,4,0,7,2,5,109.545,1
2,2,7,2,7,0,1,273.861,0
2,2,7,2,7,0,1,248.998,0
2,2,7,2,7,0,2,270.185,0
2,2,4,0,4,0,1,213.052,0
3,2,7,0,7,1,4,436.119,0
2,2,7,0,7,1,2,343.511,0
2,2,7,0,7,1,2,371.954,0
2,2,5,0,7,1,1,361.663,1
3,2,4,0,4,2,3,213.584,1
3,2,4,2,4,2,4,409.878,1
2,2,4,0,4,1,2,345.049,0
2,2,7,1,7,0,5,650.385,0
2,2,4,1,4,0,1,168.431,1
3,2,7,0,7,0,5,406.202,0
3,2,7,0,7,0,2,641.872,0
2,2,7,0,7,0,5,388.587,0
0,2,7,0,7,2,2,324.037,0
0,0,7,0,7,0,1,316.228,0
3,2,3,1,3,0,4,307.677,1
