Device Model,Operating System,App Usage Time (min/day),Screen On Time (hours/day),Battery Drain (mAh/day),Number of Apps Installed,Data Usage (MB/day),User Behavior Class,App Efficiency,Battery Efficiency,Usage Intensity,App Usage Density
Google Pixel 5,Android,393,6.4,1872,67,1122,4,5.866,0.003,1.747,61.406
OnePlus 9,Android,268,4.7,1331,42,944,3,6.381,0.004,0.875,57.021
Xiaomi Mi 11,Android,154,4.0,761,32,322,2,4.812,0.005,0.428,38.5
Google Pixel 5,Android,239,4.8,1676,56,871,3,4.268,0.003,0.797,49.792
iPhone 12,iOS,187,4.3,1367,58,988,3,3.224,0.003,0.558,43.488
Google Pixel 5,Android,99,2.0,940,35,564,2,2.829,0.002,0.138,49.5
Samsung Galaxy S21,Android,350,7.3,1802,66,1054,4,5.303,0.004,1.774,47.945
OnePlus 9,Android,543,11.4,2956,82,1702,5,6.622,0.004,4.299,47.632
Samsung Galaxy S21,Android,340,7.7,2138,75,1053,4,4.533,0.004,1.818,44.156
iPhone 12,iOS,424,6.6,1957,75,1301,4,5.653,0.003,1.943,64.242
Google Pixel 5,Android,53,1.4,435,17,162,1,3.118,0.003,0.052,37.857
OnePlus 9,Android,215,5.5,1690,47,641,3,4.574,0.003,0.821,39.091
OnePlus 9,Android,462,6.2,2303,65,1099,4,7.108,0.003,1.989,74.516
Xiaomi Mi 11,Android,215,4.9,1662,43,857,3,5.0,0.003,0.732,43.878
iPhone 12,iOS,189,5.4,1754,53,779,3,3.566,0.003,0.709,35.0
Google Pixel 5,Android,503,10.4,2571,84,2025,5,5.988,0.004,3.633,48.365
OnePlus 9,Android,132,3.6,628,32,344,2,4.125,0.006,0.33,36.667
iPhone 12,iOS,299,5.8,1431,41,985,3,7.293,0.004,1.204,51.552
Google Pixel 5,Android,81,1.4,558,16,297,1,5.062,0.003,0.079,57.857
iPhone 12,iOS,577,8.5,2774,89,2192,5,6.483,0.003,3.406,67.882
Samsung Galaxy S21,Android,93,2.6,681,37,302,2,2.514,0.004,0.168,35.769
OnePlus 9,Android,576,11.6,2803,82,1553,5,7.024,0.004,4.64,49.655
Samsung Galaxy S21,Android,423,6.5,2094,65,1372,4,6.508,0.003,1.909,65.077
Google Pixel 5,Android,292,5.6,1401,46,949,3,6.348,0.004,1.136,52.143
OnePlus 9,Android,216,4.0,1711,59,748,3,3.661,0.002,0.6,54.0
Samsung Galaxy S21,Android,91,3.4,1073,38,451,2,2.395,0.003,0.215,26.765
iPhone 12,iOS,444,7.6,2372,77,1002,4,5.766,0.003,2.343,58.421
Google Pixel 5,Android,512,10.5,2409,89,1599,5,5.753,0.004,3.733,48.762
OnePlus 9,Android,452,6.8,2387,77,1456,4,5.87,0.003,2.134,66.471
Samsung Galaxy S21,Android,412,6.2,1899,78,1384,4,5.282,0.003,1.774,66.452
Xiaomi Mi 11,Android,260,6.0,1361,44,889,3,5.909,0.004,1.083,43.333
Xiaomi Mi 11,Android,197,4.6,1660,59,975,3,3.339,0.003,0.629,42.826
Google Pixel 5,Android,278,4.7,1484,55,917,3,5.055,0.003,0.907,59.149
Google Pixel 5,Android,46,2.0,457,14,105,1,3.286,0.004,0.064,23.0
Xiaomi Mi 11,Android,593,10.2,2499,81,1616,5,7.321,0.004,4.2,58.137
Samsung Galaxy S21,Android,32,1.2,580,19,153,1,1.684,0.002,0.027,26.667
iPhone 12,iOS,122,3.3,755,30,573,2,4.067,0.004,0.28,36.97
Samsung Galaxy S21,Android,522,11.2,2808,93,2328,5,5.613,0.004,4.06,46.607
OnePlus 9,Android,473,6.4,2312,74,1400,4,6.392,0.003,2.102,73.906
Samsung Galaxy S21,Android,398,6.2,1851,77,1180,4,5.169,0.003,1.714,64.194
Xiaomi Mi 11,Android,240,4.7,1464,52,708,3,4.615,0.003,0.783,51.064
OnePlus 9,Android,576,10.1,2447,83,2323,5,6.94,0.004,4.04,57.03
Samsung Galaxy S21,Android,120,2.1,720,39,392,2,3.077,0.003,0.175,57.143
Samsung Galaxy S21,Android,152,3.7,993,32,429,2,4.75,0.004,0.391,41.081
Xiaomi Mi 11,Android,138,2.4,837,21,572,2,6.571,0.003,0.23,57.5
Xiaomi Mi 11,Android,502,10.9,2476,96,1935,5,5.229,0.004,3.8,46.055
OnePlus 9,Android,558,8.4,2447,97,1594,5,5.753,0.003,3.255,66.429
Samsung Galaxy S21,Android,138,3.6,889,25,323,2,5.52,0.004,0.345,38.333
Google Pixel 5,Android,580,8.2,2623,90,2262,5,6.444,0.003,3.303,70.732
OnePlus 9,Android,589,8.7,2736,82,1997,5,7.183,0.003,3.559,67.701
Xiaomi Mi 11,Android,452,7.4,2180,61,1417,4,7.41,0.003,2.323,61.081
Xiaomi Mi 11,Android,245,5.9,1243,52,885,3,4.712,0.005,1.004,41.525
Samsung Galaxy S21,Android,125,2.7,690,28,393,2,4.464,0.004,0.234,46.296
Xiaomi Mi 11,Android,97,2.2,1101,38,375,2,2.553,0.002,0.148,44.091
Google Pixel 5,Android,516,8.7,2857,83,2189,5,6.217,0.003,3.117,59.31
iPhone 12,iOS,68,1.6,450,14,111,1,4.857,0.004,0.076,42.5
OnePlus 9,Android,64,1.1,572,10,161,1,6.4,0.002,0.049,58.182
OnePlus 9,Android,539,8.4,2796,89,2415,5,6.056,0.003,3.144,64.167
Xiaomi Mi 11,Android,428,7.0,2306,75,1144,4,5.707,0.003,2.081,61.143
iPhone 12,iOS,325,7.1,2269,64,1053,4,5.078,0.003,1.602,45.775
Xiaomi Mi 11,Android,522,11.9,2798,85,1663,5,6.141,0.004,4.314,43.866
Xiaomi Mi 11,Android,309,7.5,2292,77,1253,4,4.013,0.003,1.609,41.2
Xiaomi Mi 11,Android,79,1.9,493,14,128,1,5.643,0.004,0.104,41.579
Xiaomi Mi 11,Android,545,11.5,2911,87,1717,5,6.264,0.004,4.352,47.391
Samsung Galaxy S21,Android,459,7.0,1982,67,1091,4,6.851,0.004,2.231,65.571
iPhone 12,iOS,225,4.0,1420,48,917,3,4.688,0.003,0.625,56.25
iPhone 12,iOS,257,4.5,1705,57,912,3,4.509,0.003,0.803,57.111
Xiaomi Mi 11,Android,134,4.0,773,35,449,2,3.829,0.005,0.372,33.5
iPhone 12,iOS,516,10.2,2932,98,1547,5,5.265,0.003,3.655,50.588
Google Pixel 5,Android,82,1.7,558,16,284,1,5.125,0.003,0.097,48.235
Samsung Galaxy S21,Android,452,7.2,1808,64,1090,4,7.062,0.004,2.26,62.778
iPhone 12,iOS,521,9.0,2902,97,1701,5,5.371,0.003,3.256,57.889
Google Pixel 5,Android,457,6.3,2347,66,1082,4,6.924,0.003,1.999,72.54
Xiaomi Mi 11,Android,31,1.1,585,11,208,1,2.818,0.002,0.024,28.182
iPhone 12,iOS,47,2.0,476,14,125,1,3.357,0.004,0.065,23.5
Xiaomi Mi 11,Android,229,5.7,1305,43,985,3,5.326,0.004,0.906,40.175
Xiaomi Mi 11,Android,34,2.0,558,14,122,1,2.429,0.004,0.047,17.0
Google Pixel 5,Android,173,2.5,678,29,301,2,5.966,0.004,0.3,69.2
Samsung Galaxy S21,Android,78,1.8,333,17,138,1,4.588,0.005,0.098,43.333
Google Pixel 5,Android,230,5.7,1254,52,989,3,4.423,0.005,0.91,40.351
OnePlus 9,Android,565,10.6,2475,99,1603,5,5.707,0.004,4.159,53.302
iPhone 12,iOS,172,2.8,1035,22,549,2,7.818,0.003,0.334,61.429
Xiaomi Mi 11,Android,330,7.2,2363,77,1133,4,4.286,0.003,1.65,45.833
Xiaomi Mi 11,Android,39,1.8,368,11,105,1,3.545,0.005,0.049,21.667
Google Pixel 5,Android,223,4.5,1311,56,695,3,3.982,0.003,0.697,49.556
Google Pixel 5,Android,404,7.4,2081,63,1352,4,6.413,0.004,2.076,54.595
Samsung Galaxy S21,Android,151,2.4,1003,25,392,2,6.04,0.002,0.252,62.917
Samsung Galaxy S21,Android,34,1.5,345,11,276,1,3.091,0.004,0.035,22.667
Xiaomi Mi 11,Android,137,3.3,839,31,348,2,4.419,0.004,0.314,41.515
Samsung Galaxy S21,Android,301,6.2,2053,75,1303,4,4.013,0.003,1.296,48.548
Google Pixel 5,Android,116,2.1,912,39,307,2,2.974,0.002,0.169,55.238
Google Pixel 5,Android,291,4.1,1474,46,827,3,6.326,0.003,0.829,70.976
iPhone 12,iOS,84,1.4,501,16,284,1,5.25,0.003,0.082,60.0
iPhone 12,iOS,134,2.5,1125,24,367,2,5.583,0.002,0.233,53.6
Samsung Galaxy S21,Android,411,7.5,2169,72,1083,4,5.708,0.003,2.141,54.8
Xiaomi Mi 11,Android,326,7.2,2243,73,1454,4,4.466,0.003,1.63,45.278
iPhone 12,iOS,550,9.5,2916,91,1946,5,6.044,0.003,3.628,57.895
OnePlus 9,Android,516,12.0,2406,82,1968,5,6.293,0.005,4.3,43.0
Google Pixel 5,Android,59,1.2,361,18,293,1,3.278,0.003,0.049,49.167
OnePlus 9,Android,225,5.5,1526,44,875,3,5.114,0.004,0.859,40.909
Google Pixel 5,Android,41,1.1,389,15,136,1,2.733,0.003,0.031,37.273
OnePlus 9,Android,183,4.1,1210,45,738,3,4.067,0.003,0.521,44.634
Google Pixel 5,Android,174,2.5,929,37,565,2,4.703,0.003,0.302,69.6
Xiaomi Mi 11,Android,274,4.2,1781,52,934,3,5.269,0.002,0.799,65.238
Xiaomi Mi 11,Android,166,2.8,1113,28,360,2,5.929,0.003,0.323,59.286
Xiaomi Mi 11,Android,66,1.2,585,12,264,1,5.5,0.002,0.055,55.0
Google Pixel 5,Android,152,2.7,642,38,596,2,4.0,0.004,0.285,56.296
Google Pixel 5,Android,54,1.4,403,17,278,1,3.176,0.003,0.052,38.571
Xiaomi Mi 11,Android,187,5.5,1754,55,711,3,3.4,0.003,0.714,34.0
OnePlus 9,Android,216,6.0,1641,41,889,3,5.268,0.004,0.9,36.0
OnePlus 9,Android,95,3.8,718,26,459,2,3.654,0.005,0.251,25.0
Xiaomi Mi 11,Android,488,8.6,2447,84,2344,5,5.81,0.004,2.914,56.744
Google Pixel 5,Android,295,5.1,1483,45,748,3,6.556,0.003,1.045,57.843
Samsung Galaxy S21,Android,136,3.2,818,33,404,2,4.121,0.004,0.302,42.5
Xiaomi Mi 11,Android,471,7.9,2156,76,1324,4,6.197,0.004,2.584,59.62
iPhone 12,iOS,121,3.2,651,34,596,2,3.559,0.005,0.269,37.812
iPhone 12,iOS,75,1.2,409,13,281,1,5.769,0.003,0.062,62.5
iPhone 12,iOS,220,5.2,1631,49,909,3,4.49,0.003,0.794,42.308
Samsung Galaxy S21,Android,82,1.6,590,13,124,1,6.308,0.003,0.091,51.25
Google Pixel 5,Android,97,2.7,1018,37,428,2,2.622,0.003,0.182,35.926
Samsung Galaxy S21,Android,388,6.6,2085,71,1150,4,5.465,0.003,1.778,58.788
OnePlus 9,Android,529,8.7,2484,89,2189,5,5.944,0.004,3.196,60.805
Google Pixel 5,Android,584,10.0,2541,99,2391,5,5.899,0.004,4.056,58.4
Google Pixel 5,Android,529,8.1,2686,96,1924,5,5.51,0.003,2.976,65.309
Google Pixel 5,Android,227,5.1,1702,57,714,3,3.982,0.003,0.804,44.51
Samsung Galaxy S21,Android,535,11.8,2858,99,2378,5,5.404,0.004,4.384,45.339
iPhone 12,iOS,332,7.4,2149,68,1321,4,4.882,0.003,1.706,44.865
Google Pixel 5,Android,252,4.2,1439,45,667,3,5.6,0.003,0.735,60.0
Xiaomi Mi 11,Android,125,2.5,678,34,465,2,3.676,0.004,0.217,50.0
Xiaomi Mi 11,Android,97,3.3,751,39,412,2,2.487,0.004,0.222,29.394
Google Pixel 5,Android,540,10.8,2923,90,1886,5,6.0,0.004,4.05,50.0
Xiaomi Mi 11,Android,320,7.2,2056,69,1226,4,4.638,0.004,1.6,44.444
Google Pixel 5,Android,176,3.6,1193,30,458,2,5.867,0.003,0.44,48.889
Samsung Galaxy S21,Android,79,1.0,313,18,139,1,4.389,0.003,0.055,79.0
Xiaomi Mi 11,Android,83,1.6,303,19,285,1,4.368,0.005,0.092,51.875
iPhone 12,iOS,555,11.3,2528,90,1856,5,6.167,0.004,4.355,49.115
Samsung Galaxy S21,Android,66,1.7,375,16,216,1,4.125,0.005,0.078,38.824
Xiaomi Mi 11,Android,237,4.5,1368,42,868,3,5.643,0.003,0.741,52.667
Samsung Galaxy S21,Android,497,9.7,2876,94,2076,5,5.287,0.003,3.348,51.237
Google Pixel 5,Android,516,11.1,2429,91,1796,5,5.67,0.005,3.977,46.486
Xiaomi Mi 11,Android,219,5.2,1510,42,655,3,5.214,0.003,0.791,42.115
Google Pixel 5,Android,448,6.3,2044,71,1337,4,6.31,0.003,1.96,71.111
iPhone 12,iOS,156,2.2,896,37,429,2,4.216,0.002,0.238,70.909
Samsung Galaxy S21,Android,68,1.1,528,12,201,1,5.667,0.002,0.052,61.818
iPhone 12,iOS,524,11.2,2417,90,2069,5,5.822,0.005,4.076,46.786
iPhone 12,iOS,188,5.3,1281,45,974,3,4.178,0.004,0.692,35.472
Samsung Galaxy S21,Android,443,7.4,2289,73,1026,4,6.068,0.003,2.277,59.865
Xiaomi Mi 11,Android,52,1.6,385,19,234,1,2.737,0.004,0.058,32.5
OnePlus 9,Android,228,4.2,1677,58,823,3,3.931,0.003,0.665,54.286
Google Pixel 5,Android,149,3.7,873,34,459,2,4.382,0.004,0.383,40.27
iPhone 12,iOS,523,9.4,2583,92,1539,5,5.685,0.004,3.414,55.638
Samsung Galaxy S21,Android,42,1.6,315,19,207,1,2.211,0.005,0.047,26.25
Google Pixel 5,Android,120,2.0,741,38,396,2,3.158,0.003,0.167,60.0
OnePlus 9,Android,329,7.5,2277,72,1185,4,4.569,0.003,1.714,43.867
Xiaomi Mi 11,Android,68,1.5,364,10,102,1,6.8,0.004,0.071,45.333
Xiaomi Mi 11,Android,158,3.4,893,36,493,2,4.389,0.004,0.373,46.471
Xiaomi Mi 11,Android,86,1.7,439,19,136,1,4.526,0.004,0.102,50.588
Xiaomi Mi 11,Android,339,7.8,2102,71,1062,4,4.775,0.004,1.836,43.462
Samsung Galaxy S21,Android,304,6.5,2375,79,1493,4,3.848,0.003,1.372,46.769
Xiaomi Mi 11,Android,131,2.4,859,26,305,2,5.038,0.003,0.218,54.583
Samsung Galaxy S21,Android,64,1.6,540,19,262,1,3.368,0.003,0.071,40.0
Xiaomi Mi 11,Android,53,1.9,526,15,112,1,3.533,0.004,0.07,27.895
Google Pixel 5,Android,442,7.7,2067,69,1440,4,6.406,0.004,2.363,57.403
iPhone 12,iOS,32,2.0,469,18,139,1,1.778,0.004,0.044,16.0
Xiaomi Mi 11,Android,278,4.8,1238,48,851,3,5.792,0.004,0.927,57.917
Xiaomi Mi 11,Android,540,8.4,2993,98,1540,5,5.51,0.003,3.15,64.286
Google Pixel 5,Android,595,11.3,2968,88,2366,5,6.761,0.004,4.669,52.655
Google Pixel 5,Android,35,1.5,467,10,158,1,3.5,0.003,0.036,23.333
Google Pixel 5,Android,225,5.4,1370,44,791,3,5.114,0.004,0.844,41.667
Google Pixel 5,Android,587,11.8,2431,90,1894,5,6.522,0.005,4.81,49.746
Xiaomi Mi 11,Android,92,3.7,1124,27,524,2,3.407,0.003,0.236,24.865
Google Pixel 5,Android,46,1.1,487,17,208,1,2.706,0.002,0.035,41.818
OnePlus 9,Android,153,2.8,935,25,578,2,6.12,0.003,0.298,54.643
iPhone 12,iOS,368,6.6,1817,72,1406,4,5.111,0.004,1.687,55.758
Xiaomi Mi 11,Android,51,1.6,509,11,113,1,4.636,0.003,0.057,31.875
Google Pixel 5,Android,279,5.2,1660,47,629,3,5.936,0.003,1.008,53.654
Xiaomi Mi 11,Android,255,5.4,1738,42,826,3,6.071,0.003,0.956,47.222
Samsung Galaxy S21,Android,193,5.7,1471,51,972,3,3.784,0.004,0.764,33.86
Xiaomi Mi 11,Android,207,5.7,1582,52,692,3,3.981,0.004,0.819,36.316
iPhone 12,iOS,539,11.9,2853,83,2007,5,6.494,0.004,4.454,45.294
OnePlus 9,Android,151,2.4,1124,38,571,2,3.974,0.002,0.252,62.917
Google Pixel 5,Android,474,6.4,2109,68,1079,4,6.971,0.003,2.107,74.062
iPhone 12,iOS,544,9.2,2936,83,2416,5,6.554,0.003,3.476,59.13
iPhone 12,iOS,73,1.2,308,15,275,1,4.867,0.004,0.061,60.833
Xiaomi Mi 11,Android,597,10.4,2984,91,1564,5,6.56,0.003,4.312,57.404
Google Pixel 5,Android,498,10.7,2738,94,1995,5,5.298,0.004,3.7,46.542
iPhone 12,iOS,402,7.8,2014,79,1088,4,5.089,0.004,2.177,51.538
OnePlus 9,Android,75,1.1,379,15,185,1,5.0,0.003,0.057,68.182
iPhone 12,iOS,130,2.0,602,21,589,2,6.19,0.003,0.181,65.0
Samsung Galaxy S21,Android,42,1.1,402,11,265,1,3.818,0.003,0.032,38.182
iPhone 12,iOS,134,2.2,917,23,423,2,5.826,0.002,0.205,60.909
Google Pixel 5,Android,79,1.9,477,13,161,1,6.077,0.004,0.104,41.579
iPhone 12,iOS,432,7.2,1822,63,1127,4,6.857,0.004,2.16,60.0
iPhone 12,iOS,262,4.1,1287,52,997,3,5.038,0.003,0.746,63.902
Samsung Galaxy S21,Android,473,6.4,2109,79,1300,4,5.987,0.003,2.102,73.906
Google Pixel 5,Android,202,4.7,1512,49,659,3,4.122,0.003,0.659,42.979
OnePlus 9,Android,215,4.4,1407,41,991,3,5.244,0.003,0.657,48.864
OnePlus 9,Android,151,3.7,1116,32,320,2,4.719,0.003,0.388,40.811
OnePlus 9,Android,80,1.6,549,14,197,1,5.714,0.003,0.089,50.0
Xiaomi Mi 11,Android,126,2.8,971,32,431,2,3.938,0.003,0.245,45.0
Samsung Galaxy S21,Android,495,8.9,2920,84,2252,5,5.893,0.003,3.059,55.618
iPhone 12,iOS,127,3.7,1153,35,314,2,3.629,0.003,0.326,34.324
Xiaomi Mi 11,Android,88,1.3,327,11,262,1,8.0,0.004,0.079,67.692
Google Pixel 5,Android,69,1.6,463,16,146,1,4.312,0.003,0.077,43.125
OnePlus 9,Android,100,3.3,961,21,433,2,4.762,0.003,0.229,30.303
Xiaomi Mi 11,Android,301,6.5,2084,71,1421,4,4.239,0.003,1.359,46.308
Google Pixel 5,Android,78,1.7,455,15,207,1,5.2,0.004,0.092,45.882
Google Pixel 5,Android,163,3.1,620,21,419,2,7.762,0.005,0.351,52.581
OnePlus 9,Android,539,9.3,2606,92,1990,5,5.859,0.004,3.481,57.957
Google Pixel 5,Android,278,4.6,1385,47,823,3,5.915,0.003,0.888,60.435
Samsung Galaxy S21,Android,451,6.1,2108,76,1434,4,5.934,0.003,1.91,73.934
Samsung Galaxy S21,Android,481,10.9,2752,86,2017,5,5.593,0.004,3.641,44.128
Samsung Galaxy S21,Android,133,3.4,714,38,445,2,3.5,0.005,0.314,39.118
Xiaomi Mi 11,Android,41,1.1,588,10,246,1,4.1,0.002,0.031,37.273
iPhone 12,iOS,152,3.3,1175,29,461,2,5.241,0.003,0.348,46.061
OnePlus 9,Android,553,8.4,2559,89,2471,5,6.213,0.003,3.226,65.833
iPhone 12,iOS,402,6.9,2282,78,1397,4,5.154,0.003,1.926,58.261
OnePlus 9,Android,555,9.5,2855,95,1565,5,5.842,0.003,3.661,58.421
iPhone 12,iOS,499,9.6,2873,81,1805,5,6.16,0.003,3.327,51.979
Xiaomi Mi 11,Android,101,3.2,603,28,417,2,3.607,0.005,0.224,31.562
OnePlus 9,Android,433,6.8,2093,75,1300,4,5.773,0.003,2.045,63.676
OnePlus 9,Android,133,2.0,1007,31,417,2,4.29,0.002,0.185,66.5
Xiaomi Mi 11,Android,351,6.1,1941,79,1290,4,4.443,0.003,1.487,57.541
Samsung Galaxy S21,Android,532,10.7,2556,83,2148,5,6.41,0.004,3.953,49.72
OnePlus 9,Android,92,2.5,690,31,563,2,2.968,0.004,0.16,36.8
Xiaomi Mi 11,Android,511,10.8,2712,97,2438,5,5.268,0.004,3.832,47.315
Xiaomi Mi 11,Android,384,7.0,2185,72,1376,4,5.333,0.003,1.867,54.857
iPhone 12,iOS,193,5.2,1318,49,626,3,3.939,0.004,0.697,37.115
Samsung Galaxy S21,Android,132,3.8,649,25,368,2,5.28,0.006,0.348,34.737
Samsung Galaxy S21,Android,360,7.3,1946,79,1164,4,4.557,0.004,1.825,49.315
iPhone 12,iOS,159,2.3,1083,32,526,2,4.969,0.002,0.254,69.13
iPhone 12,iOS,495,8.9,2855,91,2150,5,5.44,0.003,3.059,55.618
Xiaomi Mi 11,Android,537,10.0,2720,83,1763,5,6.47,0.004,3.729,53.7
OnePlus 9,Android,129,3.4,1059,27,580,2,4.778,0.003,0.305,37.941
iPhone 12,iOS,132,3.8,636,28,529,2,4.714,0.006,0.348,34.737
Xiaomi Mi 11,Android,37,1.4,369,18,295,1,2.056,0.004,0.036,26.429
Samsung Galaxy S21,Android,524,8.9,2549,88,1730,5,5.955,0.003,3.239,58.876
OnePlus 9,Android,425,6.9,2142,66,1130,4,6.439,0.003,2.036,61.594
OnePlus 9,Android,64,1.7,585,13,107,1,4.923,0.003,0.076,37.647
iPhone 12,iOS,573,10.8,2711,96,2118,5,5.969,0.004,4.298,53.056
Google Pixel 5,Android,45,1.7,302,16,191,1,2.812,0.006,0.053,26.471
Xiaomi Mi 11,Android,564,11.7,2764,81,2133,5,6.963,0.004,4.582,48.205
OnePlus 9,Android,162,3.5,761,36,338,2,4.5,0.005,0.394,46.286
Samsung Galaxy S21,Android,451,6.5,2378,69,1341,4,6.536,0.003,2.036,69.385
OnePlus 9,Android,30,1.3,479,16,253,1,1.875,0.003,0.027,23.077
Samsung Galaxy S21,Android,202,5.0,1542,45,844,3,4.489,0.003,0.701,40.4
Google Pixel 5,Android,71,1.5,590,17,257,1,4.176,0.003,0.074,47.333
Google Pixel 5,Android,314,6.2,2205,63,1066,4,4.984,0.003,1.352,50.645
Xiaomi Mi 11,Android,168,4.0,866,22,581,2,7.636,0.005,0.467,42.0
Google Pixel 5,Android,75,1.9,537,13,230,1,5.769,0.004,0.099,39.474
OnePlus 9,Android,42,1.4,324,13,272,1,3.231,0.004,0.041,30.0
OnePlus 9,Android,441,7.9,2332,78,1477,4,5.654,0.003,2.419,55.823
Google Pixel 5,Android,523,10.5,2460,99,1787,5,5.283,0.004,3.814,49.81
Xiaomi Mi 11,Android,100,2.4,982,31,478,2,3.226,0.002,0.167,41.667
OnePlus 9,Android,52,1.2,398,14,172,1,3.714,0.003,0.043,43.333
OnePlus 9,Android,397,7.0,2352,77,1101,4,5.156,0.003,1.93,56.714
Xiaomi Mi 11,Android,424,7.7,1863,65,1116,4,6.523,0.004,2.267,55.065
Xiaomi Mi 11,Android,272,5.0,1655,45,686,3,6.044,0.003,0.944,54.4
Xiaomi Mi 11,Android,201,4.0,1791,50,914,3,4.02,0.002,0.558,50.25
Xiaomi Mi 11,Android,570,9.0,2613,98,2497,5,5.816,0.003,3.562,63.333
Xiaomi Mi 11,Android,64,1.3,490,14,151,1,4.571,0.003,0.058,49.231
iPhone 12,iOS,334,6.6,2394,68,1227,4,4.912,0.003,1.531,50.606
iPhone 12,iOS,518,9.6,2954,93,2125,5,5.57,0.003,3.453,53.958
Samsung Galaxy S21,Android,70,1.7,359,10,109,1,7.0,0.005,0.083,41.176
iPhone 12,iOS,334,6.8,2000,77,1079,4,4.338,0.003,1.577,49.118
Xiaomi Mi 11,Android,563,8.4,2849,85,1508,5,6.624,0.003,3.284,67.024
iPhone 12,iOS,181,4.1,1608,43,752,3,4.209,0.003,0.515,44.146
OnePlus 9,Android,584,9.4,2766,84,2151,5,6.952,0.003,3.812,62.128
Samsung Galaxy S21,Android,208,4.7,1642,45,861,3,4.622,0.003,0.679,44.255
Samsung Galaxy S21,Android,381,6.6,2160,69,1450,4,5.522,0.003,1.746,57.727
Xiaomi Mi 11,Android,426,6.5,1969,78,1266,4,5.462,0.003,1.923,65.538
OnePlus 9,Android,284,4.2,1360,56,888,3,5.071,0.003,0.828,67.619
Google Pixel 5,Android,105,2.2,1002,29,453,2,3.621,0.002,0.16,47.727
Google Pixel 5,Android,179,2.3,1014,32,588,2,5.594,0.002,0.286,77.826
iPhone 12,iOS,122,2.6,639,37,568,2,3.297,0.004,0.22,46.923
OnePlus 9,Android,501,11.9,2702,88,1738,5,5.693,0.004,4.14,42.101
Xiaomi Mi 11,Android,269,5.9,1666,42,629,3,6.405,0.004,1.102,45.593
Google Pixel 5,Android,230,4.4,1607,52,878,3,4.423,0.003,0.703,52.273
Xiaomi Mi 11,Android,85,1.6,417,12,122,1,7.083,0.004,0.094,53.125
Samsung Galaxy S21,Android,411,7.8,2029,75,1136,4,5.48,0.004,2.226,52.692
Samsung Galaxy S21,Android,73,1.7,403,12,163,1,6.083,0.004,0.086,42.941
Xiaomi Mi 11,Android,39,1.7,530,11,268,1,3.545,0.003,0.046,22.941
iPhone 12,iOS,386,7.7,2114,72,1209,4,5.361,0.004,2.064,50.13
Google Pixel 5,Android,49,1.3,542,16,169,1,3.062,0.002,0.044,37.692
Google Pixel 5,Android,411,6.9,1820,70,1024,4,5.871,0.004,1.969,59.565
OnePlus 9,Android,534,10.8,2805,90,1538,5,5.933,0.004,4.005,49.444
Samsung Galaxy S21,Android,314,7.4,2136,64,1376,4,4.906,0.003,1.614,42.432
Xiaomi Mi 11,Android,211,4.0,1519,54,811,3,3.907,0.003,0.586,52.75
OnePlus 9,Android,121,3.7,619,36,473,2,3.361,0.006,0.311,32.703
Google Pixel 5,Android,84,1.2,415,10,146,1,8.4,0.003,0.07,70.0
OnePlus 9,Android,448,7.6,2199,66,1047,4,6.788,0.003,2.364,58.947
Google Pixel 5,Android,55,1.6,360,19,149,1,2.895,0.004,0.061,34.375
Google Pixel 5,Android,59,1.8,497,10,208,1,5.9,0.004,0.074,32.778
Xiaomi Mi 11,Android,226,4.5,1781,45,649,3,5.022,0.003,0.706,50.222
Samsung Galaxy S21,Android,580,8.5,2660,87,1795,5,6.667,0.003,3.424,68.235
OnePlus 9,Android,65,1.8,481,18,130,1,3.611,0.004,0.081,36.111
OnePlus 9,Android,458,6.6,2214,67,1163,4,6.836,0.003,2.099,69.394
iPhone 12,iOS,170,2.7,805,26,344,2,6.538,0.003,0.319,62.963
iPhone 12,iOS,264,5.2,1641,44,778,3,6.0,0.003,0.953,50.769
Xiaomi Mi 11,Android,122,3.3,748,35,499,2,3.486,0.004,0.28,36.97
Xiaomi Mi 11,Android,420,6.5,2113,65,1314,4,6.462,0.003,1.896,64.615
iPhone 12,iOS,267,4.4,1505,59,971,3,4.525,0.003,0.816,60.682
iPhone 12,iOS,469,6.0,2290,67,1086,4,7.0,0.003,1.954,78.167
iPhone 12,iOS,541,11.4,2443,89,1923,5,6.079,0.005,4.283,47.456
iPhone 12,iOS,155,2.9,1117,22,322,2,7.045,0.003,0.312,53.448
OnePlus 9,Android,106,2.8,686,32,594,2,3.312,0.004,0.206,37.857
OnePlus 9,Android,243,5.0,1232,47,877,3,5.17,0.004,0.844,48.6
OnePlus 9,Android,410,7.5,2176,68,1213,4,6.029,0.003,2.135,54.667
iPhone 12,iOS,285,5.1,1226,57,666,3,5.0,0.004,1.009,55.882
OnePlus 9,Android,397,6.8,2027,66,1167,4,6.015,0.003,1.875,58.382
Samsung Galaxy S21,Android,230,4.2,1507,51,868,3,4.51,0.003,0.671,54.762
iPhone 12,iOS,341,7.2,2397,68,1055,4,5.015,0.003,1.705,47.361
Google Pixel 5,Android,132,2.9,1054,32,563,2,4.125,0.003,0.266,45.517
Xiaomi Mi 11,Android,130,3.0,820,21,308,2,6.19,0.004,0.271,43.333
iPhone 12,iOS,281,4.9,1566,59,632,3,4.763,0.003,0.956,57.347
OnePlus 9,Android,74,2.0,320,11,103,1,6.727,0.006,0.103,37.0
OnePlus 9,Android,299,4.3,1737,43,953,3,6.953,0.002,0.893,69.535
Google Pixel 5,Android,116,2.2,827,29,434,2,4.0,0.003,0.177,52.727
OnePlus 9,Android,408,6.6,2026,63,1076,4,6.476,0.003,1.87,61.818
Google Pixel 5,Android,508,11.3,2590,81,2481,5,6.272,0.004,3.986,44.956
iPhone 12,iOS,227,4.4,1275,56,984,3,4.054,0.003,0.694,51.591
Google Pixel 5,Android,274,6.0,1489,56,666,3,4.893,0.004,1.142,45.667
Google Pixel 5,Android,347,6.3,2001,61,1456,4,5.689,0.003,1.518,55.079
Xiaomi Mi 11,Android,76,1.3,490,14,156,1,5.429,0.003,0.069,58.462
iPhone 12,iOS,445,7.5,2007,78,1115,4,5.705,0.004,2.318,59.333
OnePlus 9,Android,203,4.3,1554,54,638,3,3.759,0.003,0.606,47.209
Samsung Galaxy S21,Android,199,6.0,1707,57,881,3,3.491,0.004,0.829,33.167
OnePlus 9,Android,48,2.0,574,18,127,1,2.667,0.003,0.067,24.0
OnePlus 9,Android,88,1.6,420,12,274,1,7.333,0.004,0.098,55.0
iPhone 12,iOS,541,8.3,2865,89,1820,5,6.079,0.003,3.118,65.181
Google Pixel 5,Android,233,4.6,1534,49,796,3,4.755,0.003,0.744,50.652
iPhone 12,iOS,176,3.8,727,36,362,2,4.889,0.005,0.464,46.316
OnePlus 9,Android,191,6.0,1762,45,904,3,4.244,0.003,0.796,31.833
Google Pixel 5,Android,461,7.5,2001,69,1324,4,6.681,0.004,2.401,61.467
Samsung Galaxy S21,Android,37,1.5,375,18,246,1,2.056,0.004,0.039,24.667
OnePlus 9,Android,531,9.8,2905,99,1632,5,5.364,0.003,3.614,54.184
Samsung Galaxy S21,Android,473,7.9,2292,62,1472,4,7.629,0.003,2.595,59.873
Samsung Galaxy S21,Android,30,1.3,561,15,252,1,2.0,0.002,0.027,23.077
iPhone 12,iOS,306,6.1,2267,70,1449,4,4.371,0.003,1.296,50.164
iPhone 12,iOS,64,1.2,590,13,155,1,4.923,0.002,0.053,53.333
iPhone 12,iOS,75,1.0,435,13,223,1,5.769,0.002,0.052,75.0
iPhone 12,iOS,597,10.3,2718,90,1863,5,6.633,0.004,4.27,57.961
iPhone 12,iOS,529,10.5,2971,87,1683,5,6.08,0.004,3.857,50.381
iPhone 12,iOS,290,6.0,1533,54,645,3,5.37,0.004,1.208,48.333
iPhone 12,iOS,256,5.8,1309,52,840,3,4.923,0.004,1.031,44.138
iPhone 12,iOS,308,7.7,1974,73,1431,4,4.219,0.004,1.647,40.0
OnePlus 9,Android,156,3.3,1020,38,447,2,4.105,0.003,0.358,47.273
Samsung Galaxy S21,Android,62,1.4,542,18,266,1,3.444,0.003,0.06,44.286
Google Pixel 5,Android,156,3.8,866,34,510,2,4.588,0.004,0.412,41.053
Samsung Galaxy S21,Android,303,7.4,2314,66,1387,4,4.591,0.003,1.557,40.946
Samsung Galaxy S21,Android,463,6.9,2111,73,1463,4,6.342,0.003,2.219,67.101
Google Pixel 5,Android,60,1.5,593,14,281,1,4.286,0.003,0.062,40.0
Google Pixel 5,Android,225,4.6,1230,52,954,3,4.327,0.004,0.719,48.913
Samsung Galaxy S21,Android,379,7.5,1823,68,1075,4,5.574,0.004,1.974,50.533
OnePlus 9,Android,53,1.4,455,14,106,1,3.786,0.003,0.052,37.857
Samsung Galaxy S21,Android,30,1.9,574,19,287,1,1.579,0.003,0.04,15.789
iPhone 12,iOS,291,4.1,1326,51,905,3,5.706,0.003,0.829,70.976
iPhone 12,iOS,488,9.5,2840,92,1986,5,5.304,0.003,3.219,51.368
Google Pixel 5,Android,74,2.0,366,13,253,1,5.692,0.005,0.103,37.0
Samsung Galaxy S21,Android,230,4.6,1325,55,845,3,4.182,0.003,0.735,50.0
Samsung Galaxy S21,Android,517,11.8,2435,86,2208,5,6.012,0.005,4.237,43.814
OnePlus 9,Android,557,10.4,2900,97,1609,5,5.742,0.004,4.023,53.558
Xiaomi Mi 11,Android,78,1.5,341,11,259,1,7.091,0.004,0.081,52.0
iPhone 12,iOS,321,7.9,2159,64,1499,4,5.016,0.004,1.761,40.633
Xiaomi Mi 11,Android,579,8.6,2539,84,1935,5,6.893,0.003,3.458,67.326
OnePlus 9,Android,382,7.2,1965,67,1341,4,5.701,0.004,1.91,53.056
Xiaomi Mi 11,Android,516,11.6,2464,82,1767,5,6.293,0.005,4.157,44.483
OnePlus 9,Android,598,11.2,2876,85,2477,5,7.035,0.004,4.651,53.393
OnePlus 9,Android,102,3.9,747,36,408,2,2.833,0.005,0.276,26.154
iPhone 12,iOS,165,2.4,816,35,503,2,4.714,0.003,0.275,68.75
iPhone 12,iOS,558,9.8,2765,83,1548,5,6.723,0.004,3.798,56.939
Google Pixel 5,Android,561,10.6,2547,86,1823,5,6.523,0.004,4.13,52.925
Samsung Galaxy S21,Android,511,10.9,2514,91,2335,5,5.615,0.004,3.868,46.881
Google Pixel 5,Android,560,11.3,2947,95,1663,5,5.895,0.004,4.394,49.558
OnePlus 9,Android,69,1.3,434,12,164,1,5.75,0.003,0.062,53.077
OnePlus 9,Android,44,1.1,531,17,232,1,2.588,0.002,0.034,40.0
iPhone 12,iOS,65,1.7,490,17,122,1,3.824,0.003,0.077,38.235
Google Pixel 5,Android,458,6.0,1875,63,1072,4,7.27,0.003,1.908,76.333
Samsung Galaxy S21,Android,525,10.8,2445,99,1623,5,5.303,0.004,3.938,48.611
OnePlus 9,Android,106,3.0,922,22,313,2,4.818,0.003,0.221,35.333
iPhone 12,iOS,188,4.6,1767,47,653,3,4.0,0.003,0.601,40.87
iPhone 12,iOS,493,10.4,2453,99,1813,5,4.98,0.004,3.561,47.404
OnePlus 9,Android,84,1.5,373,19,299,1,4.421,0.004,0.088,56.0
OnePlus 9,Android,104,2.9,653,35,322,2,2.971,0.004,0.209,35.862
Samsung Galaxy S21,Android,102,3.0,890,38,548,2,2.684,0.003,0.212,34.0
iPhone 12,iOS,349,6.6,2041,78,1096,4,4.474,0.003,1.6,52.879
OnePlus 9,Android,98,2.0,925,32,457,2,3.062,0.002,0.136,49.0
Samsung Galaxy S21,Android,72,1.3,461,13,199,1,5.538,0.003,0.065,55.385
Xiaomi Mi 11,Android,563,11.6,2968,92,2191,5,6.12,0.004,4.535,48.534
Xiaomi Mi 11,Android,119,2.8,775,31,313,2,3.839,0.004,0.231,42.5
OnePlus 9,Android,311,7.9,2231,69,1021,4,4.507,0.004,1.706,39.367
OnePlus 9,Android,337,6.1,1901,76,1359,4,4.434,0.003,1.428,55.246
Samsung Galaxy S21,Android,168,3.5,1055,29,313,2,5.793,0.003,0.408,48.0
iPhone 12,iOS,331,7.4,2129,66,1459,4,5.015,0.003,1.701,44.73
Google Pixel 5,Android,589,9.2,2663,84,1774,5,7.012,0.003,3.763,64.022
Xiaomi Mi 11,Android,472,6.8,2288,61,1356,4,7.738,0.003,2.229,69.412
Xiaomi Mi 11,Android,78,1.1,437,14,143,1,5.571,0.003,0.06,70.909
iPhone 12,iOS,517,11.6,2798,90,2175,5,5.744,0.004,4.165,44.569
OnePlus 9,Android,41,1.6,323,18,221,1,2.278,0.005,0.046,25.625
OnePlus 9,Android,49,1.5,571,10,203,1,4.9,0.003,0.051,32.667
Xiaomi Mi 11,Android,522,11.1,2821,86,1891,5,6.07,0.004,4.024,47.027
Google Pixel 5,Android,97,2.7,612,36,508,2,2.694,0.004,0.182,35.926
iPhone 12,iOS,411,7.4,1960,71,1264,4,5.789,0.004,2.112,55.541
Samsung Galaxy S21,Android,566,8.6,2595,89,1657,5,6.36,0.003,3.38,65.814
iPhone 12,iOS,559,8.2,2618,84,2102,5,6.655,0.003,3.183,68.171
Google Pixel 5,Android,478,7.3,2340,69,1017,4,6.928,0.003,2.423,65.479
Xiaomi Mi 11,Android,147,3.2,994,33,567,2,4.455,0.003,0.327,45.938
OnePlus 9,Android,395,7.3,2291,61,1049,4,6.475,0.003,2.002,54.11
Samsung Galaxy S21,Android,357,7.8,2289,74,1242,4,4.824,0.003,1.934,45.769
Google Pixel 5,Android,405,6.9,2366,61,1434,4,6.639,0.003,1.941,58.696
Samsung Galaxy S21,Android,501,11.8,2790,86,2074,5,5.826,0.004,4.105,42.458
Xiaomi Mi 11,Android,575,8.2,2918,88,1928,5,6.534,0.003,3.274,70.122
OnePlus 9,Android,257,5.1,1692,46,769,3,5.587,0.003,0.91,50.392
iPhone 12,iOS,270,5.0,1532,51,957,3,5.294,0.003,0.938,54.0
Google Pixel 5,Android,116,2.0,1171,22,573,2,5.273,0.002,0.161,58.0
iPhone 12,iOS,98,2.3,608,24,394,2,4.083,0.004,0.157,42.609
Xiaomi Mi 11,Android,264,5.1,1293,52,737,3,5.077,0.004,0.935,51.765
Samsung Galaxy S21,Android,572,11.7,2655,91,2481,5,6.286,0.004,4.648,48.889
Xiaomi Mi 11,Android,202,4.9,1549,43,964,3,4.698,0.003,0.687,41.224
iPhone 12,iOS,83,1.4,454,11,228,1,7.545,0.003,0.081,59.286
iPhone 12,iOS,32,1.4,416,12,198,1,2.667,0.003,0.031,22.857
iPhone 12,iOS,168,3.2,716,38,414,2,4.421,0.004,0.373,52.5
iPhone 12,iOS,416,6.1,2115,71,1041,4,5.859,0.003,1.762,68.197
Xiaomi Mi 11,Android,46,1.1,536,18,167,1,2.556,0.002,0.035,41.818
OnePlus 9,Android,201,5.0,1482,59,709,3,3.407,0.003,0.698,40.2
Samsung Galaxy S21,Android,130,2.8,1062,24,579,2,5.417,0.003,0.253,46.429
OnePlus 9,Android,98,2.4,747,36,403,2,2.722,0.003,0.163,40.833
OnePlus 9,Android,105,3.8,967,28,489,2,3.75,0.004,0.277,27.632
Xiaomi Mi 11,Android,94,2.3,1033,33,369,2,2.848,0.002,0.15,40.87
Xiaomi Mi 11,Android,540,10.1,2757,90,2180,5,6.0,0.004,3.788,53.465
iPhone 12,iOS,266,5.5,1238,59,839,3,4.508,0.004,1.016,48.364
iPhone 12,iOS,140,3.8,1137,36,506,2,3.889,0.003,0.369,36.842
Google Pixel 5,Android,534,10.4,2672,90,1702,5,5.933,0.004,3.857,51.346
OnePlus 9,Android,46,2.0,309,15,116,1,3.067,0.006,0.064,23.0
iPhone 12,iOS,581,8.4,2591,99,2304,5,5.869,0.003,3.389,69.167
Xiaomi Mi 11,Android,105,3.4,798,21,467,2,5.0,0.004,0.248,30.882
OnePlus 9,Android,221,4.4,1341,46,862,3,4.804,0.003,0.675,50.227
iPhone 12,iOS,41,1.7,408,16,291,1,2.562,0.004,0.048,24.118
OnePlus 9,Android,105,3.0,728,24,343,2,4.375,0.004,0.219,35.0
Google Pixel 5,Android,123,3.9,915,39,468,2,3.154,0.004,0.333,31.538
Google Pixel 5,Android,260,5.7,1725,56,920,3,4.643,0.003,1.029,45.614
Samsung Galaxy S21,Android,223,5.7,1295,44,751,3,5.068,0.004,0.883,39.123
Google Pixel 5,Android,66,1.1,505,17,218,1,3.882,0.002,0.05,60.0
iPhone 12,iOS,231,4.0,1664,48,724,3,4.812,0.002,0.642,57.75
iPhone 12,iOS,555,8.8,2540,97,2402,5,5.722,0.003,3.392,63.068
Samsung Galaxy S21,Android,378,7.2,1859,61,1318,4,6.197,0.004,1.89,52.5
OnePlus 9,Android,546,8.8,2852,81,1641,5,6.741,0.003,3.337,62.045
Samsung Galaxy S21,Android,234,5.2,1604,58,919,3,4.034,0.003,0.845,45.0
Samsung Galaxy S21,Android,152,3.0,617,22,306,2,6.909,0.005,0.317,50.667
Google Pixel 5,Android,34,1.2,518,10,170,1,3.4,0.002,0.028,28.333
Samsung Galaxy S21,Android,179,3.5,1114,30,466,2,5.967,0.003,0.435,51.143
OnePlus 9,Android,591,11.8,2953,92,1903,5,6.424,0.004,4.843,50.085
Samsung Galaxy S21,Android,120,3.3,734,35,583,2,3.429,0.004,0.275,36.364
Google Pixel 5,Android,88,1.3,557,13,164,1,6.769,0.002,0.079,67.692
iPhone 12,iOS,143,3.9,1160,24,398,2,5.958,0.003,0.387,36.667
iPhone 12,iOS,74,1.6,436,13,182,1,5.692,0.004,0.082,46.25
iPhone 12,iOS,74,1.6,587,15,275,1,4.933,0.003,0.082,46.25
OnePlus 9,Android,234,4.7,1707,55,871,3,4.255,0.003,0.764,49.787
iPhone 12,iOS,56,1.0,547,10,142,1,5.6,0.002,0.039,56.0
OnePlus 9,Android,174,2.4,639,37,545,2,4.703,0.004,0.29,72.5
Samsung Galaxy S21,Android,523,9.0,2696,91,1561,5,5.747,0.003,3.269,58.111
Samsung Galaxy S21,Android,123,3.3,938,36,438,2,3.417,0.004,0.282,37.273
Samsung Galaxy S21,Android,216,5.9,1789,54,987,3,4.0,0.003,0.885,36.61
iPhone 12,iOS,290,4.6,1694,50,809,3,5.8,0.003,0.926,63.043
Xiaomi Mi 11,Android,68,1.3,583,10,281,1,6.8,0.002,0.061,52.308
OnePlus 9,Android,265,4.8,1770,51,723,3,5.196,0.003,0.883,55.208
Samsung Galaxy S21,Android,414,7.3,2349,75,1092,4,5.52,0.003,2.099,56.712
Google Pixel 5,Android,238,4.0,1414,47,661,3,5.064,0.003,0.661,59.5
Xiaomi Mi 11,Android,429,7.5,1921,61,1102,4,7.033,0.004,2.234,57.2
Xiaomi Mi 11,Android,39,1.9,541,16,294,1,2.438,0.004,0.051,20.526
Samsung Galaxy S21,Android,248,4.6,1396,52,883,3,4.769,0.003,0.792,53.913
Xiaomi Mi 11,Android,541,9.4,2452,93,1811,5,5.817,0.004,3.532,57.553
Xiaomi Mi 11,Android,139,3.0,697,37,513,2,3.757,0.004,0.29,46.333
iPhone 12,iOS,289,5.0,1625,45,687,3,6.422,0.003,1.003,57.8
Xiaomi Mi 11,Android,210,4.9,1657,55,765,3,3.818,0.003,0.715,42.857
Samsung Galaxy S21,Android,412,6.2,2201,68,1085,4,6.059,0.003,1.774,66.452
Google Pixel 5,Android,318,6.6,2089,77,1126,4,4.13,0.003,1.457,48.182
iPhone 12,iOS,258,4.2,1315,44,762,3,5.864,0.003,0.753,61.429
OnePlus 9,Android,258,4.3,1759,59,718,3,4.373,0.002,0.77,60.0
Samsung Galaxy S21,Android,189,4.8,1681,59,795,3,3.203,0.003,0.63,39.375
iPhone 12,iOS,155,2.4,954,39,441,2,3.974,0.003,0.258,64.583
Samsung Galaxy S21,Android,528,10.4,2717,87,2140,5,6.069,0.004,3.813,50.769
iPhone 12,iOS,549,11.1,2851,87,1814,5,6.31,0.004,4.232,49.459
Xiaomi Mi 11,Android,78,1.6,470,18,230,1,4.333,0.003,0.087,48.75
iPhone 12,iOS,444,6.0,1873,61,1093,4,7.279,0.003,1.85,74.0
Xiaomi Mi 11,Android,80,1.1,417,18,298,1,4.444,0.003,0.061,72.727
iPhone 12,iOS,131,3.8,739,34,330,2,3.853,0.005,0.346,34.474
iPhone 12,iOS,228,4.4,1734,46,804,3,4.957,0.003,0.697,51.818
Xiaomi Mi 11,Android,416,7.3,1882,62,1333,4,6.71,0.004,2.109,56.986
Google Pixel 5,Android,586,9.3,2403,94,2332,5,6.234,0.004,3.785,63.011
Google Pixel 5,Android,416,6.1,2279,71,1096,4,5.859,0.003,1.762,68.197
iPhone 12,iOS,152,3.7,948,22,507,2,6.909,0.004,0.391,41.081
Xiaomi Mi 11,Android,87,1.5,594,19,198,1,4.579,0.003,0.091,58.0
OnePlus 9,Android,329,6.8,1892,69,1383,4,4.768,0.004,1.554,48.382
Samsung Galaxy S21,Android,107,2.5,1176,24,545,2,4.458,0.002,0.186,42.8
Google Pixel 5,Android,493,10.9,2928,88,2116,5,5.602,0.004,3.732,45.229
iPhone 12,iOS,182,4.8,1500,51,807,3,3.569,0.003,0.607,37.917
iPhone 12,iOS,102,2.9,918,37,362,2,2.757,0.003,0.205,35.172
Google Pixel 5,Android,274,4.5,1356,54,869,3,5.074,0.003,0.856,60.889
iPhone 12,iOS,143,3.6,988,26,504,2,5.5,0.004,0.358,39.722
Google Pixel 5,Android,66,1.3,369,14,195,1,4.714,0.004,0.06,50.769
Xiaomi Mi 11,Android,420,7.7,2017,74,1187,4,5.676,0.004,2.246,54.545
Xiaomi Mi 11,Android,582,8.4,2664,91,2493,5,6.396,0.003,3.395,69.286
Google Pixel 5,Android,200,5.8,1291,50,965,3,4.0,0.004,0.806,34.483
Google Pixel 5,Android,493,8.5,2859,99,2450,5,4.98,0.003,2.91,58.0
Samsung Galaxy S21,Android,348,6.6,2398,66,1415,4,5.273,0.003,1.595,52.727
Xiaomi Mi 11,Android,238,5.1,1408,45,941,3,5.289,0.004,0.843,46.667
Xiaomi Mi 11,Android,33,2.0,318,11,173,1,3.0,0.006,0.046,16.5
Google Pixel 5,Android,267,5.9,1740,45,791,3,5.933,0.003,1.094,45.254
iPhone 12,iOS,492,10.0,2513,90,1968,5,5.467,0.004,3.417,49.2
Google Pixel 5,Android,241,5.3,1767,58,976,3,4.155,0.003,0.887,45.472
Samsung Galaxy S21,Android,567,10.8,2911,89,1682,5,6.371,0.004,4.252,52.5
Samsung Galaxy S21,Android,36,1.6,442,17,249,1,2.118,0.004,0.04,22.5
OnePlus 9,Android,110,3.4,975,31,507,2,3.548,0.003,0.26,32.353
Samsung Galaxy S21,Android,466,7.1,1984,73,1461,4,6.384,0.004,2.298,65.634
OnePlus 9,Android,126,2.2,1187,28,599,2,4.5,0.002,0.193,57.273
Xiaomi Mi 11,Android,120,3.8,940,36,535,2,3.333,0.004,0.317,31.579
iPhone 12,iOS,64,1.2,592,19,218,1,3.368,0.002,0.053,53.333
OnePlus 9,Android,574,8.5,2780,87,1809,5,6.598,0.003,3.388,67.529
OnePlus 9,Android,119,2.2,1123,22,371,2,5.409,0.002,0.182,54.091
OnePlus 9,Android,350,6.5,2364,75,1485,4,4.667,0.003,1.58,53.846
Google Pixel 5,Android,69,1.1,535,17,250,1,4.059,0.002,0.053,62.727
Xiaomi Mi 11,Android,438,6.5,1849,64,1125,4,6.844,0.004,1.977,67.385
Samsung Galaxy S21,Android,506,11.2,2623,98,2460,5,5.163,0.004,3.936,45.179
Samsung Galaxy S21,Android,272,5.2,1390,45,792,3,6.044,0.004,0.982,52.308
Samsung Galaxy S21,Android,224,4.5,1646,57,665,3,3.93,0.003,0.7,49.778
Google Pixel 5,Android,99,2.4,689,36,318,2,2.75,0.003,0.165,41.25
iPhone 12,iOS,44,1.2,466,10,131,1,4.4,0.003,0.037,36.667
Google Pixel 5,Android,175,3.0,801,32,338,2,5.469,0.004,0.365,58.333
Google Pixel 5,Android,228,4.8,1639,47,796,3,4.851,0.003,0.76,47.5
Xiaomi Mi 11,Android,589,11.8,2629,86,2479,5,6.849,0.004,4.827,49.915
OnePlus 9,Android,339,7.9,1987,66,1191,4,5.136,0.004,1.86,42.911
iPhone 12,iOS,431,6.4,2206,66,1200,4,6.53,0.003,1.916,67.344
Xiaomi Mi 11,Android,190,4.7,1276,57,915,3,3.333,0.004,0.62,40.426
OnePlus 9,Android,389,6.1,2087,67,1383,4,5.806,0.003,1.648,63.77
Samsung Galaxy S21,Android,139,3.3,937,24,573,2,5.792,0.004,0.319,42.121
Samsung Galaxy S21,Android,289,5.9,1528,48,915,3,6.021,0.004,1.184,48.983
Samsung Galaxy S21,Android,593,11.1,2672,82,2258,5,7.232,0.004,4.571,53.423
Google Pixel 5,Android,576,9.5,2638,98,2281,5,5.878,0.004,3.8,60.632
OnePlus 9,Android,592,9.4,2867,95,1701,5,6.232,0.003,3.864,62.979
iPhone 12,iOS,567,10.5,2817,89,2194,5,6.371,0.004,4.134,54.0
iPhone 12,iOS,170,2.5,740,21,537,2,8.095,0.003,0.295,68.0
Google Pixel 5,Android,242,5.4,1307,48,642,3,5.042,0.004,0.908,44.815
Samsung Galaxy S21,Android,275,5.5,1616,48,656,3,5.729,0.003,1.05,50.0
Google Pixel 5,Android,544,9.7,2633,97,1727,5,5.608,0.004,3.664,56.082
OnePlus 9,Android,50,2.0,362,17,182,1,2.941,0.006,0.069,25.0
OnePlus 9,Android,236,4.6,1750,45,971,3,5.244,0.003,0.754,51.304
iPhone 12,iOS,139,2.6,658,33,358,2,4.212,0.004,0.251,53.462
Google Pixel 5,Android,383,6.6,2155,74,1360,4,5.176,0.003,1.755,58.03
Samsung Galaxy S21,Android,172,4.0,1047,32,508,2,5.375,0.004,0.478,43.0
Xiaomi Mi 11,Android,455,6.2,1984,72,1287,4,6.319,0.003,1.959,73.387
Samsung Galaxy S21,Android,157,2.5,1110,30,373,2,5.233,0.002,0.273,62.8
iPhone 12,iOS,173,3.8,605,23,583,2,7.522,0.006,0.457,45.526
Samsung Galaxy S21,Android,405,7.3,2082,75,1162,4,5.4,0.004,2.053,55.479
iPhone 12,iOS,387,6.6,2168,61,1246,4,6.344,0.003,1.774,58.636
Xiaomi Mi 11,Android,201,4.9,1633,41,972,3,4.902,0.003,0.684,41.02
iPhone 12,iOS,142,3.5,625,25,370,2,5.68,0.006,0.345,40.571
Samsung Galaxy S21,Android,198,4.2,1392,43,640,3,4.605,0.003,0.578,47.143
Google Pixel 5,Android,361,7.6,2037,65,1056,4,5.554,0.004,1.905,47.5
OnePlus 9,Android,553,11.6,2914,81,1860,5,6.827,0.004,4.455,47.672
Samsung Galaxy S21,Android,408,6.2,2245,69,1103,4,5.913,0.003,1.757,65.806
Xiaomi Mi 11,Android,121,2.1,1188,21,578,2,5.762,0.002,0.176,57.619
Google Pixel 5,Android,71,1.4,508,15,265,1,4.733,0.003,0.069,50.714
iPhone 12,iOS,46,1.6,440,10,265,1,4.6,0.004,0.051,28.75
Xiaomi Mi 11,Android,290,4.4,1272,55,910,3,5.273,0.003,0.886,65.909
Samsung Galaxy S21,Android,60,1.3,462,15,296,1,4.0,0.003,0.054,46.154
Google Pixel 5,Android,116,3.9,1132,26,498,2,4.462,0.003,0.314,29.744
OnePlus 9,Android,86,1.7,312,16,227,1,5.375,0.005,0.102,50.588
Google Pixel 5,Android,291,5.3,1537,43,700,3,6.767,0.003,1.071,54.906
Google Pixel 5,Android,404,6.6,2181,77,1327,4,5.247,0.003,1.852,61.212
OnePlus 9,Android,441,7.1,1928,74,1421,4,5.959,0.004,2.174,62.113
Google Pixel 5,Android,444,6.1,2229,73,1194,4,6.082,0.003,1.881,72.787
OnePlus 9,Android,211,5.9,1757,42,864,3,5.024,0.003,0.865,35.763
Samsung Galaxy S21,Android,537,9.1,2858,86,2158,5,6.244,0.003,3.394,59.011
Xiaomi Mi 11,Android,519,10.9,2571,93,2163,5,5.581,0.004,3.929,47.615
Samsung Galaxy S21,Android,94,3.5,606,30,446,2,3.133,0.006,0.228,26.857
Google Pixel 5,Android,554,10.3,2776,83,1606,5,6.675,0.004,3.963,53.786
iPhone 12,iOS,381,7.5,2216,66,1291,4,5.773,0.003,1.984,50.8
OnePlus 9,Android,257,6.0,1715,49,916,3,5.245,0.003,1.071,42.833
Samsung Galaxy S21,Android,47,1.1,532,18,122,1,2.611,0.002,0.036,42.727
iPhone 12,iOS,527,10.0,2430,82,1737,5,6.427,0.004,3.66,52.7
Samsung Galaxy S21,Android,148,2.7,625,34,416,2,4.353,0.004,0.278,54.815
iPhone 12,iOS,191,5.7,1414,53,991,3,3.604,0.004,0.756,33.509
Google Pixel 5,Android,71,1.9,571,10,117,1,7.1,0.003,0.094,37.368
OnePlus 9,Android,73,1.3,538,19,175,1,3.842,0.002,0.066,56.154
OnePlus 9,Android,149,3.1,1191,28,563,2,5.321,0.003,0.321,48.065
Xiaomi Mi 11,Android,197,4.4,1665,44,608,3,4.477,0.003,0.602,44.773
Samsung Galaxy S21,Android,328,6.1,1975,72,1101,4,4.556,0.003,1.389,53.77
OnePlus 9,Android,424,7.5,1995,75,1228,4,5.653,0.004,2.208,56.533
Samsung Galaxy S21,Android,111,3.6,627,26,464,2,4.269,0.006,0.278,30.833
Samsung Galaxy S21,Android,159,3.7,630,33,575,2,4.818,0.006,0.409,42.973
Google Pixel 5,Android,580,11.5,2767,84,2341,5,6.905,0.004,4.632,50.435
Samsung Galaxy S21,Android,379,7.7,1809,64,1050,4,5.922,0.004,2.027,49.221
Samsung Galaxy S21,Android,217,4.2,1500,42,677,3,5.167,0.003,0.633,51.667
Xiaomi Mi 11,Android,447,6.3,1959,63,1441,4,7.095,0.003,1.956,70.952
OnePlus 9,Android,512,10.5,2538,82,1694,5,6.244,0.004,3.733,48.762
Xiaomi Mi 11,Android,511,10.8,2529,91,2387,5,5.615,0.004,3.832,47.315
OnePlus 9,Android,140,2.5,825,31,347,2,4.516,0.003,0.243,56.0
Samsung Galaxy S21,Android,114,3.0,1131,31,596,2,3.677,0.003,0.238,38.0
Samsung Galaxy S21,Android,192,4.3,1382,42,905,3,4.571,0.003,0.573,44.651
iPhone 12,iOS,325,6.0,2244,70,1296,4,4.643,0.003,1.354,54.167
OnePlus 9,Android,83,1.2,545,15,284,1,5.533,0.002,0.069,69.167
OnePlus 9,Android,122,3.0,922,32,373,2,3.812,0.003,0.254,40.667
OnePlus 9,Android,138,2.1,660,22,424,2,6.273,0.003,0.201,65.714
OnePlus 9,Android,182,5.3,1278,42,885,3,4.333,0.004,0.67,34.34
OnePlus 9,Android,425,6.0,1928,72,1150,4,5.903,0.003,1.771,70.833
OnePlus 9,Android,580,10.4,2496,81,2441,5,7.16,0.004,4.189,55.769
Xiaomi Mi 11,Android,203,4.0,1323,56,787,3,3.625,0.003,0.564,50.75
Xiaomi Mi 11,Android,258,4.9,1596,56,937,3,4.607,0.003,0.878,52.653
iPhone 12,iOS,551,8.5,2927,92,1901,5,5.989,0.003,3.252,64.824
iPhone 12,iOS,507,9.6,2606,95,1543,5,5.337,0.004,3.38,52.812
Xiaomi Mi 11,Android,57,1.3,489,16,131,1,3.562,0.003,0.051,43.846
Xiaomi Mi 11,Android,553,10.2,2911,82,2441,5,6.744,0.004,3.917,54.216
Google Pixel 5,Android,49,1.1,395,16,153,1,3.062,0.003,0.037,44.545
Samsung Galaxy S21,Android,106,4.0,1158,23,493,2,4.609,0.003,0.294,26.5
Google Pixel 5,Android,119,3.7,608,36,461,2,3.306,0.006,0.306,32.162
OnePlus 9,Android,288,5.4,1476,49,767,3,5.878,0.004,1.08,53.333
Google Pixel 5,Android,225,5.6,1388,55,965,3,4.091,0.004,0.875,40.179
OnePlus 9,Android,342,7.0,1826,71,1077,4,4.817,0.004,1.662,48.857
Samsung Galaxy S21,Android,292,4.2,1407,54,867,3,5.407,0.003,0.852,69.524
iPhone 12,iOS,218,5.0,1475,46,972,3,4.739,0.003,0.757,43.6
Google Pixel 5,Android,64,1.8,351,15,274,1,4.267,0.005,0.08,35.556
Xiaomi Mi 11,Android,453,7.4,2363,65,1046,4,6.969,0.003,2.328,61.216
OnePlus 9,Android,42,1.8,417,15,284,1,2.8,0.004,0.053,23.333
Samsung Galaxy S21,Android,36,1.5,310,15,272,1,2.4,0.005,0.038,24.0
OnePlus 9,Android,55,1.8,328,12,196,1,4.583,0.005,0.069,30.556
iPhone 12,iOS,210,5.0,1614,53,679,3,3.962,0.003,0.729,42.0
iPhone 12,iOS,227,5.2,1446,46,920,3,4.935,0.004,0.82,43.654
Xiaomi Mi 11,Android,47,1.2,437,18,234,1,2.611,0.003,0.039,39.167
iPhone 12,iOS,461,6.3,1988,62,1004,4,7.435,0.003,2.017,73.175
Google Pixel 5,Android,94,3.1,1078,38,489,2,2.474,0.003,0.202,30.323
Samsung Galaxy S21,Android,216,5.1,1483,54,977,3,4.0,0.003,0.765,42.353
iPhone 12,iOS,496,10.2,2587,84,1921,5,5.905,0.004,3.513,48.627
OnePlus 9,Android,138,3.2,1142,31,366,2,4.452,0.003,0.307,43.125
iPhone 12,iOS,318,6.6,2055,67,1253,4,4.746,0.003,1.457,48.182
Samsung Galaxy S21,Android,96,3.4,1198,39,401,2,2.462,0.003,0.227,28.235
OnePlus 9,Android,510,10.7,2433,90,1729,5,5.667,0.004,3.79,47.664
Xiaomi Mi 11,Android,83,1.1,546,10,289,1,8.3,0.002,0.063,75.455
Google Pixel 5,Android,417,6.2,2074,63,1135,4,6.619,0.003,1.795,67.258
Google Pixel 5,Android,538,9.8,2778,91,2080,5,5.912,0.004,3.661,54.898
Samsung Galaxy S21,Android,63,1.8,321,11,271,1,5.727,0.006,0.079,35.0
OnePlus 9,Android,50,1.4,443,16,255,1,3.125,0.003,0.049,35.714
Google Pixel 5,Android,502,8.2,2597,90,1553,5,5.578,0.003,2.859,61.22
OnePlus 9,Android,105,3.3,723,35,566,2,3.0,0.005,0.241,31.818
Google Pixel 5,Android,186,4.8,1494,53,949,3,3.509,0.003,0.62,38.75
Xiaomi Mi 11,Android,174,2.9,1197,23,345,2,7.565,0.002,0.35,60.0
Samsung Galaxy S21,Android,89,1.3,314,16,201,1,5.562,0.004,0.08,68.462
iPhone 12,iOS,66,1.5,565,17,283,1,3.882,0.003,0.069,44.0
iPhone 12,iOS,389,6.3,2294,76,1334,4,5.118,0.003,1.702,61.746
Xiaomi Mi 11,Android,186,5.4,1627,58,790,3,3.207,0.003,0.698,34.444
Google Pixel 5,Android,149,2.0,1041,39,356,2,3.821,0.002,0.207,74.5
iPhone 12,iOS,69,1.7,519,10,167,1,6.9,0.003,0.081,40.588
Xiaomi Mi 11,Android,206,5.2,1632,47,694,3,4.383,0.003,0.744,39.615
Samsung Galaxy S21,Android,49,1.2,365,19,144,1,2.579,0.003,0.041,40.833
Google Pixel 5,Android,594,10.5,2839,91,1647,5,6.527,0.004,4.331,56.571
Google Pixel 5,Android,104,3.7,1028,29,493,2,3.586,0.004,0.267,28.108
Google Pixel 5,Android,262,5.6,1489,59,628,3,4.441,0.004,1.019,46.786
Xiaomi Mi 11,Android,278,5.3,1368,56,894,3,4.964,0.004,1.023,52.453
Xiaomi Mi 11,Android,463,6.8,2358,68,1236,4,6.809,0.003,2.186,68.088
Xiaomi Mi 11,Android,505,9.6,2464,91,2375,5,5.549,0.004,3.367,52.604
Google Pixel 5,Android,50,1.5,387,12,146,1,4.167,0.004,0.052,33.333
Xiaomi Mi 11,Android,138,3.1,947,29,545,2,4.759,0.003,0.297,44.516
Xiaomi Mi 11,Android,130,3.2,1189,37,448,2,3.514,0.003,0.289,40.625
Google Pixel 5,Android,469,6.4,1858,78,1297,4,6.013,0.003,2.084,73.281
Xiaomi Mi 11,Android,555,10.3,2568,83,2003,5,6.687,0.004,3.97,53.883
iPhone 12,iOS,198,5.4,1544,53,635,3,3.736,0.003,0.742,36.667
Samsung Galaxy S21,Android,529,11.4,2891,82,1845,5,6.451,0.004,4.188,46.404
Samsung Galaxy S21,Android,205,5.5,1699,49,729,3,4.184,0.003,0.783,37.273
iPhone 12,iOS,170,2.4,1039,38,334,2,4.474,0.002,0.283,70.833
Samsung Galaxy S21,Android,160,3.2,648,31,339,2,5.161,0.005,0.356,50.0
iPhone 12,iOS,81,1.6,387,13,224,1,6.231,0.004,0.09,50.625
Google Pixel 5,Android,468,7.3,1937,64,1209,4,7.312,0.004,2.372,64.11
Xiaomi Mi 11,Android,500,11.2,2925,84,2438,5,5.952,0.004,3.889,44.643
Google Pixel 5,Android,37,1.6,490,18,216,1,2.056,0.003,0.041,23.125
Xiaomi Mi 11,Android,522,11.4,2776,93,1768,5,5.613,0.004,4.132,45.789
Xiaomi Mi 11,Android,81,1.5,545,17,159,1,4.765,0.003,0.084,54.0
OnePlus 9,Android,141,3.8,689,38,576,2,3.711,0.006,0.372,37.105
Samsung Galaxy S21,Android,115,3.5,706,26,495,2,4.423,0.005,0.28,32.857
Google Pixel 5,Android,298,4.6,1525,59,814,3,5.051,0.003,0.952,64.783
iPhone 12,iOS,33,1.8,334,16,113,1,2.062,0.005,0.041,18.333
Google Pixel 5,Android,307,6.1,2105,76,1111,4,4.039,0.003,1.3,50.328
Xiaomi Mi 11,Android,380,7.6,2354,77,1191,4,4.935,0.003,2.006,50.0
Xiaomi Mi 11,Android,190,5.5,1718,58,815,3,3.276,0.003,0.726,34.545
Samsung Galaxy S21,Android,75,1.6,325,12,225,1,6.25,0.005,0.083,46.875
Google Pixel 5,Android,218,4.0,1221,47,822,3,4.638,0.003,0.606,54.5
Xiaomi Mi 11,Android,412,6.6,1859,67,1393,4,6.149,0.004,1.888,62.424
Google Pixel 5,Android,335,7.7,2037,68,1007,4,4.926,0.004,1.791,43.506
OnePlus 9,Android,387,6.3,2098,61,1178,4,6.344,0.003,1.693,61.429
Google Pixel 5,Android,261,4.9,1589,56,824,3,4.661,0.003,0.888,53.265
Samsung Galaxy S21,Android,541,9.5,2424,98,1550,5,5.52,0.004,3.569,56.947
Google Pixel 5,Android,195,5.7,1447,48,679,3,4.062,0.004,0.772,34.211
iPhone 12,iOS,178,4.0,856,37,569,2,4.811,0.005,0.494,44.5
Xiaomi Mi 11,Android,378,6.7,1898,78,1455,4,4.846,0.004,1.759,56.418
Xiaomi Mi 11,Android,505,8.6,2792,82,1709,5,6.159,0.003,3.016,58.721
Samsung Galaxy S21,Android,564,9.7,2422,83,1985,5,6.795,0.004,3.799,58.144
iPhone 12,iOS,92,3.9,1082,26,381,2,3.538,0.004,0.249,23.59
Xiaomi Mi 11,Android,316,6.8,1965,68,1201,4,4.647,0.003,1.492,46.471
Google Pixel 5,Android,99,3.1,942,22,457,2,4.5,0.003,0.213,31.935
Samsung Galaxy S21,Android,62,1.7,431,13,224,1,4.769,0.004,0.073,36.471
OnePlus 9,Android,212,5.4,1306,49,828,3,4.327,0.004,0.795,39.259
